list_order,name,brand_slug,suggested_slug,suggested_sku,source_list_url,price,compareAtPrice,stock_decision,notes
1,Netac Basic DDR3 8GB 1600MHZ Desktop RAM,netac,netac-basic-ddr3-8gb-1600mhz-desktop-ram,RAM-NETAC-BASIC-8-1600,https://www.startech.com.bd/netac-basic-ddr3-8gb-1600mhz-desktop-ram,2800,3900,REVIEW,
2,Netac Basic 4GB DDR4 2666MHZ Desktop RAM,netac,netac-basic-4gb-ddr4-2666mhz-desktop-ram,RAM-NETAC-BASIC-4-2666,https://www.startech.com.bd/netac-basic-4gb-ddr4-2666mhz-desktop-ram,3900,3950,REVIEW,
3,Kimtigo WOLFRINE 8GB 3200MHz DDR4 UDIMM Desktop RAM White,kimtigo,kimtigo-wolfrine-8gb-3200mhz-ddr4-udimm-desktop-ram-white,RAM-KIMTIGO-WOLFRINE-8-3200-UDIMM-WHITE,https://www.startech.com.bd/kimtigo-wolfrine-8gb-3200mhz-ddr4-udimm-ram-white,6000,,REVIEW,
4,Netac Basic 8GB DDR4 2666MHZ Desktop RAM,netac,netac-basic-8gb-ddr4-2666mhz-desktop-ram,RAM-NETAC-BASIC-8-2666,https://www.startech.com.bd/netac-basic-8gb-ddr4-2666mhz-desktop-ram,6350,6600,REVIEW,
5,Netac Shadow III 8GB DDR4 3200MHz Desktop RAM,netac,netac-shadow-iii-8gb-ddr4-3200mhz-desktop-ram,RAM-NETAC-SHADOW-III-8-3200,https://www.startech.com.bd/netac-shadow-iii-8gb-ddr4-3200mhz-ram,6800,,REVIEW,
6,G.SKILL Aegis 8GB DDR4 3200Mhz Desktop RAM,g-skill,g-skill-aegis-8gb-ddr4-3200mhz-desktop-ram,RAM-GSKILL-G-SKILL-AEGIS-8-3200,https://www.startech.com.bd/g-skill-aegis-8gb-ddr4-3200mhz-desktop-ram,8000,,REVIEW,
7,Team T-Force VULCAN Z Red 8GB DDR4 3200MHz Desktop Gaming RAM,team,team-t-force-vulcan-z-red-8gb-ddr4-3200mhz-desktop-gaming-ram,RAM-TEAM-T-FORCE-VULCAN-Z-RED-8-3200-GAM,https://www.startech.com.bd/team-t-force-vulcan-z-red-8gb-ddr4-3200mhz-ram,8500,,REVIEW,
8,G.SKILL Value 8GB DDR4 2666Mhz Desktop RAM,g-skill,g-skill-value-8gb-ddr4-2666mhz-desktop-ram,RAM-GSKILL-G-SKILL-VALUE-8-2666,https://www.startech.com.bd/g-skill-value-8gb-ddr4-2666mhz-desktop-ram,7000,7500,REVIEW,
9,AITC Kingsman Innovator 8GB DDR4 3200MHz Desktop RAM Black,aitc,aitc-kingsman-innovator-8gb-ddr4-3200mhz-desktop-ram-black,RAM-AITC-KINGSMAN-INNOVATOR-8-3200-BLACK,https://www.startech.com.bd/aitc-kingsman-innovator-8gb-ddr4-3200mhz-ram,7500,,REVIEW,
10,G.Skill Trident Z 8GB DDR4 3200MHz Desktop RAM,g-skill,g-skill-trident-z-8gb-ddr4-3200mhz-desktop-ram,RAM-GSKILL-G-SKILL-TRIDENT-Z-8-3200,https://www.startech.com.bd/g-skill-trident-z-8gb-ram,8700,,REVIEW,
11,OCPC X3 RGB DDR4 3200MHz 8GB Desktop RAM,ocpc,ocpc-x3-rgb-ddr4-3200mhz-8gb-desktop-ram,RAM-OCPC-X3-R-3200-8,https://www.startech.com.bd/ocpc-x3-rgb-ddr4-3200mhz-8gb-ram,,,REVIEW,
12,OCPC X3 RGB DDR4 3200MHz 8GB Desktop RAM White,ocpc,ocpc-x3-rgb-ddr4-3200mhz-8gb-desktop-ram-white,RAM-OCPC-X3-R-3200-8-WHITE,https://www.startech.com.bd/ocpc-x3-rgb-ddr4-3200mhz-8gb-ram-white,7900,8200,REVIEW,
13,Kingston FURY Beast 8GB 3200MHz DDR4 Desktop RAM,kingston,kingston-fury-beast-8gb-3200mhz-ddr4-desktop-ram,RAM-KINGSTON-FURY-BEAST-8-3200,https://www.startech.com.bd/kingston-fury-beast-8gb-3200mhz-ddr4-desktop-ram,8300,8400,REVIEW,
14,OCPC XT II DDR4 3200MHz 8GB Desktop RAM,ocpc,ocpc-xt-ii-ddr4-3200mhz-8gb-desktop-ram,RAM-OCPC-XT-II-3200-8,https://www.startech.com.bd/ocpc-xt-ii-ddr4-3200mhz-8gb-ram,,,REVIEW,
15,OCPC XT II DDR4 3200MHz 8GB Desktop RAM White,ocpc,ocpc-xt-ii-ddr4-3200mhz-8gb-desktop-ram-white,RAM-OCPC-XT-II-3200-8-WHITE,https://www.startech.com.bd/ocpc-xt-ii-ddr4-3200mhz-8gb-ram-white,,,REVIEW,
16,Netac Basic 8GB DDR4 3200MHz Desktop RAM,netac,netac-basic-8gb-ddr4-3200mhz-desktop-ram,RAM-NETAC-BASIC-8-3200,https://www.startech.com.bd/netac-basic-8gb-ddr4-3200mhz-ram,6500,8650,REVIEW,
17,Team T-CREATE EXPERT 8GB DDR4 3200MHz Desktop RAM,team,team-t-create-expert-8gb-ddr4-3200mhz-desktop-ram,RAM-TEAM-T-CREATE-EXPERT-8-3200,https://www.startech.com.bd/team-t-create-expert-8gb-ddr4-ram,8800,,REVIEW,
18,AITC Kingsman RGB 8GB DDR4 3200MHz Gaming Desktop RAM,aitc,aitc-kingsman-rgb-8gb-ddr4-3200mhz-gaming-desktop-ram,RAM-AITC-KINGSMAN-R-8-3200-GAMING,https://www.startech.com.bd/aitc-kingsman-rgb-8gb-ddr4-ram,8800,,REVIEW,
19,Corsair Vengeance LPX 8GB 3200MHz DDR4 Desktop RAM,corsair,corsair-vengeance-lpx-8gb-3200mhz-ddr4-desktop-ram,RAM-CORSAIR-VENGEANCE-LPX-8-3200,https://www.startech.com.bd/corsair-vengeance-lpx-8gb-3200mhz,8500,8999,REVIEW,
20,TEAM ELITE 8GB 3200MHz DDR4 RAM,team,team-elite-8gb-3200mhz-ddr4-ram,RAM-TEAM-ELITE-8-3200,https://www.startech.com.bd/team-elite-8gb-3200mhz-ddr4-ram,9000,,REVIEW,
21,Netac Shadow Red 8GB DDR4 3200MHz Desktop RAM,netac,netac-shadow-red-8gb-ddr4-3200mhz-desktop-ram,RAM-NETAC-SHADOW-RED-8-3200,https://www.startech.com.bd/netac-shadow-red-8gb-ddr4-ram,8500,9000,REVIEW,
22,Netac Shadow Yellow 8GB DDR4 3200MHz Desktop RAM,netac,netac-shadow-yellow-8gb-ddr4-3200mhz-desktop-ram,RAM-NETAC-SHADOW-YELLOW-8-3200,https://www.startech.com.bd/netac-shadow-yellow-8gb-ddr4-ram,6900,9100,REVIEW,
23,Team Delta RGB 8GB 3200MHz DDR4 CL16 Desktop RAM,team,team-delta-rgb-8gb-3200mhz-ddr4-cl16-desktop-ram,RAM-TEAM-DELTA-R-8-3200-CL16,https://www.startech.com.bd/team-delta-rgb-8gb-3200mhz-ddr4-desktop-ram,9500,,REVIEW,
24,Netac Shadow S 8GB DDR4 3200MHz Desktop RAM WHITE,netac,netac-shadow-s-8gb-ddr4-3200mhz-desktop-ram-white,RAM-NETAC-SHADOW-S-8-3200-WHITE,https://www.startech.com.bd/netac-shadow-s-8gb-3200mhz-ram-white,9500,,REVIEW,
25,CORSAIR Vengeance RGB PRO SL 8GB DDR4 3200MHz Desktop RAM,corsair,corsair-vengeance-rgb-pro-sl-8gb-ddr4-3200mhz-desktop-ram,RAM-CORSAIR-VENGEANCE-R-PRO-SL-8-3200,https://www.startech.com.bd/corsair-vengeance-rgb-pro-sl-8gb-ddr4-3200mhz-ram,9900,,REVIEW,
26,Lexar THOR 8GB DDR4 3200Mhz UDIMM Desktop RAM,lexar,lexar-thor-8gb-ddr4-3200mhz-udimm-desktop-ram,RAM-LEXAR-THOR-8-3200-UDIMM,https://www.startech.com.bd/lexar-thor-8gb-ddr4-3200mhz-ram,11500,,REVIEW,
27,Netac Basic 16GB DDR4 2666MHz Desktop RAM,netac,netac-basic-16gb-ddr4-2666mhz-desktop-ram,RAM-NETAC-BASIC-16-2666,https://www.startech.com.bd/netac-basic-16gb-ddr4-ram,11500,12000,REVIEW,
28,Kimtigo WOLFRINE 16GB 3200MHz DDR4 UDIMM Desktop RAM White,kimtigo,kimtigo-wolfrine-16gb-3200mhz-ddr4-udimm-desktop-ram-white,RAM-KIMTIGO-WOLFRINE-16-3200-UDIMM-WHITE,https://www.startech.com.bd/kimtigo-wolfrine-16gb-3200mhz-ram-white,12500,,REVIEW,
29,Netac Shadow II 16GB DDR4 3200MHz Desktop RAM Black,netac,netac-shadow-ii-16gb-ddr4-3200mhz-desktop-ram-black,RAM-NETAC-SHADOW-II-16-3200-BLACK,https://www.startech.com.bd/netac-shadow-ii-black-16gb-ddr4-3200mhz-c16-ram,12700,,REVIEW,
30,G.SKILL Aegis 16GB DDR4 3200Mhz Desktop RAM,g-skill,g-skill-aegis-16gb-ddr4-3200mhz-desktop-ram,RAM-GSKILL-G-SKILL-AEGIS-16-3200,https://www.startech.com.bd/g-skill-aegis-16gb-ddr4-3200mhz-desktop-ram,15500,,REVIEW,
31,G.Skill Ripjaws V 16GB DDR4 2666MHz C19 RAM,g-skill,g-skill-ripjaws-v-16gb-ddr4-2666mhz-c19-ram,RAM-GSKILL-G-SKILL-RIPJAWS-V-16-2666-C19,https://www.startech.com.bd/g-skill-ripjaws-v-16gb-ddr4-2666mhz-c19-ram,14500,,REVIEW,
32,AITC Kingsman Innovator 16GB DDR4 3200MHz Desktop RAM Black,aitc,aitc-kingsman-innovator-16gb-ddr4-3200mhz-desktop-ram-black,RAM-AITC-KINGSMAN-INNOVATOR-16-3200-BLAC,https://www.startech.com.bd/aitc-kingsman-innovator-16gb-ddr4-3200mhz-ram,13500,,REVIEW,
33,Corsair Vengeance LPX 16GB DDR4 DRAM 3200MHz RAM,corsair,corsair-vengeance-lpx-16gb-ddr4-dram-3200mhz-ram,RAM-CORSAIR-VENGEANCE-LPX-16-D-3200,https://www.startech.com.bd/corsair-16gb-3200mhz-ram,15500,,REVIEW,
34,Netac Basic 16GB DDR4 3200MHz Desktop RAM,netac,netac-basic-16gb-ddr4-3200mhz-desktop-ram,RAM-NETAC-BASIC-16-3200,https://www.startech.com.bd/netac-basic-16gb-ddr4-3200mhz-ram,11900,14700,REVIEW,
35,OCPC XT II DDR4 3200MHz 16GB Desktop RAM,ocpc,ocpc-xt-ii-ddr4-3200mhz-16gb-desktop-ram,RAM-OCPC-XT-II-3200-16,https://www.startech.com.bd/ocpc-xt-ii-ddr4-3200mhz-16gb-ram,12900,14800,REVIEW,
36,G.Skill Trident Z 16GB DDR4 3200MHz RGB Desktop RAM,g-skill,g-skill-trident-z-16gb-ddr4-3200mhz-rgb-desktop-ram,RAM-GSKILL-G-SKILL-TRIDENT-Z-16-3200-R,https://www.startech.com.bd/g-skill-trident-z-16gb-rgb-desktop-ram,16900,,REVIEW,
37,G.Skill Ripjaws V 16GB DDR4 3200MHz Desktop RAM (Black),g-skill,g-skill-ripjaws-v-16gb-ddr4-3200mhz-desktop-ram-black,RAM-GSKILL-G-SKILL-RIPJAWS-V-16-3200-BLACK,https://www.startech.com.bd/g-skill-ripjaws-v-16gb-ram,16500,,REVIEW,
38,PNY XLR8 16GB DDR4 3200MHz Desktop Gaming RAM,pny,pny-xlr8-16gb-ddr4-3200mhz-desktop-gaming-ram,RAM-PNY-XLR8-16-3200-GAMING,https://www.startech.com.bd/pny-xlr8-16gb-desktop-gaming-ram,16000,,REVIEW,
39,Netac Shadow Yellow 16GB DDR4 3200MHz Desktop RAM,netac,netac-shadow-yellow-16gb-ddr4-3200mhz-desktop-ram,RAM-NETAC-SHADOW-YELLOW-16-3200,https://www.startech.com.bd/netac-shadow-yellow-16gb-ram,12500,16400,REVIEW,
40,Corsair VENGEANCE RGB PRO SL 16GB DDR4 3200MHz RAM,corsair,corsair-vengeance-rgb-pro-sl-16gb-ddr4-3200mhz-ram,RAM-CORSAIR-VENGEANCE-R-PRO-SL-16-3200,https://www.startech.com.bd/corsair-vengeance-rgb-pro-sl-16gb-3200mhz-ram,16500,,REVIEW,
41,Netac Shadow S 16GB DDR4 3200MHz Desktop RAM WHITE,netac,netac-shadow-s-16gb-ddr4-3200mhz-desktop-ram-white,RAM-NETAC-SHADOW-S-16-3200-WHITE,https://www.startech.com.bd/netac-shadow-s-16gb-3200mhz-ram-white,16500,16800,REVIEW,
42,V-Color Manta XSky RGB 8GB DDR5 6000MHz CL36 Desktop RAM,,v-color-manta-xsky-rgb-8gb-ddr5-6000mhz-cl36-desktop-ram,RAM-RAM-V-COLOR-MANTA-XSKY-R-8-6000-CL36,https://www.startech.com.bd/v-color-manta-xsky-rgb-8gb-ddr5-6000mhz-ram,16800,,REVIEW,
43,V-Color Manta XSky RGB 8GB DDR5 6000MHz CL30 Desktop RAM,,v-color-manta-xsky-rgb-8gb-ddr5-6000mhz-cl30-desktop-ram,RAM-RAM-V-COLOR-MANTA-XSKY-R-8-6000-CL30,https://www.startech.com.bd/v-color-manta-xsky-rgb-8gb-ddr5-ram,17000,,REVIEW,
44,Adata 8GB DDR5 5600MHz CL46 U-DIMM Desktop RAM,adata,adata-8gb-ddr5-5600mhz-cl46-u-dimm-desktop-ram,RAM-ADATA-8-5600-CL46-U-DIMM,https://www.startech.com.bd/adata-8gb-ddr5-5600mhz-desktop-ram,17200,,REVIEW,
45,Corsair VENGEANCE 8GB DDR5 5200MHz CL40 Desktop RAM,corsair,corsair-vengeance-8gb-ddr5-5200mhz-cl40-desktop-ram,RAM-CORSAIR-VENGEANCE-8-5200-CL40,https://www.startech.com.bd/corsair-vengeance-8gb-ddr5-5200mhz-cl40-ram,17700,,REVIEW,
46,Kingston FURY Beast 16GB 3200MHz DDR4 Desktop RAM,kingston,kingston-fury-beast-16gb-3200mhz-ddr4-desktop-ram,RAM-KINGSTON-FURY-BEAST-16-3200,https://www.startech.com.bd/kingston-fury-beast-16gb-3200mhz-ddr4-desktop-ram,16500,18300,REVIEW,
47,Lexar 16GB DDR4 3200Mhz Desktop RAM,lexar,lexar-16gb-ddr4-3200mhz-desktop-ram,RAM-LEXAR-16-3200,https://www.startech.com.bd/lexar-16gb-ddr4-3200mhz-desktop-ram,18800,,REVIEW,
48,Lexar THOR 16GB DDR4 3200Mhz Desktop RAM,lexar,lexar-thor-16gb-ddr4-3200mhz-desktop-ram,RAM-LEXAR-THOR-16-3200,https://www.startech.com.bd/lexar-thor-16gb-ddr4-3200mhz-desktop-ram,16000,19000,REVIEW,
49,Corsair VENGEANCE 8GB DDR5 5600MHz CL40 Desktop RAM,corsair,corsair-vengeance-8gb-ddr5-5600mhz-cl40-desktop-ram,RAM-CORSAIR-VENGEANCE-8-5600-CL40,https://www.startech.com.bd/corsair-vengeance-8gb-ddr5-5600mhz-cl40-ram,18800,19200,REVIEW,
50,Corsair VENGEANCE RGB 8GB DDR5 6000MHz CL36 Desktop RAM,corsair,corsair-vengeance-rgb-8gb-ddr5-6000mhz-cl36-desktop-ram,RAM-CORSAIR-VENGEANCE-R-8-6000-CL36,https://www.startech.com.bd/corsair-vengeance-rgb-8gb-ddr5-6000mhz-cl36-ram,19999,,REVIEW,
51,Kingston FURY Beast 8GB DDR5 5600Mhz CL36 Desktop RAM,kingston,kingston-fury-beast-8gb-ddr5-5600mhz-cl36-desktop-ram,RAM-KINGSTON-FURY-BEAST-8-5600-CL36,https://www.startech.com.bd/kingston-fury-beast-8gb-ddr5-5600mhz-cl36-ram,20600,,REVIEW,
52,V-Color Manta XSky RGB 16GB DDR5 6000MHz CL36 Desktop RAM,,v-color-manta-xsky-rgb-16gb-ddr5-6000mhz-cl36-desktop-ram,RAM-RAM-V-COLOR-MANTA-XSKY-R-16-6000-CL36,https://www.startech.com.bd/v-color-manta-xsky-rgb-16gb-ddr5-ram,27999,,REVIEW,
53,V-Color Manta XSky RGB 16GB DDR5 6000MHz CL30 Desktop RAM,,v-color-manta-xsky-rgb-16gb-ddr5-6000mhz-cl30-desktop-ram,RAM-RAM-V-COLOR-MANTA-XSKY-R-16-6000-CL30,https://www.startech.com.bd/v-color-manta-xsky-rgb-16gb-ddr5-6000mhz-cl30-ram,28499,,REVIEW,
54,Corsair DOMINATOR PLATINUM RGB 16GB DDR5 5200MHz C40 RAM,corsair,corsair-dominator-platinum-rgb-16gb-ddr5-5200mhz-c40-ram,RAM-CORSAIR-DOMINATOR-PLATINUM-R-16-5200,https://www.startech.com.bd/corsair-dominator-platinum-rgb-16gb-ddr5-5200mhz-ram,29500,,REVIEW,
55,Corsair VENGEANCE 16GB DDR5 6000MHz CL36 Desktop RAM,corsair,corsair-vengeance-16gb-ddr5-6000mhz-cl36-desktop-ram,RAM-CORSAIR-VENGEANCE-16-6000-CL36,https://www.startech.com.bd/corsair-vengeance-16gb-ddr5-6000mhz-cl36-desktop-ram,31900,,REVIEW,
56,AITC Kingsman MASTER 16GB DDR5 6000MHz Gaming Desktop RAM,aitc,aitc-kingsman-master-16gb-ddr5-6000mhz-gaming-desktop-ram,RAM-AITC-KINGSMAN-MASTER-16-6000-GAMING,https://www.startech.com.bd/aitc-kingsman-master-16gb-ddr5-ram,29500,,REVIEW,
57,Colorful Battle-AX 16GB DDR5 6000MHz CL40 Desktop RAM,colorful,colorful-battle-ax-16gb-ddr5-6000mhz-cl40-desktop-ram,RAM-COLORFUL-BATTLE-AX-16-6000-CL40,https://www.startech.com.bd/colorful-battle-ax-16gb-ddr5-6000mhz-ram,29500,,REVIEW,
58,Corsair VENGEANCE 16GB DDR5 6000MHz CL38 Desktop RAM,corsair,corsair-vengeance-16gb-ddr5-6000mhz-cl38-desktop-ram,RAM-CORSAIR-VENGEANCE-16-6000-CL38,https://www.startech.com.bd/corsair-vengeance-16gb-ddr5-6000mhz-cl38-ram,30000,,REVIEW,
59,G-Skill Aegis 5 16GB DDR5 5600MHz CL36 Desktop RAM,g-skill,g-skill-aegis-5-16gb-ddr5-5600mhz-cl36-desktop-ram,RAM-GSKILL-G-SKILL-AEGIS-5-16-5600-CL36,https://www.startech.com.bd/g-skill-aegis-5-16gb-ddr5-5600mhz-cl36-ram,30000,,REVIEW,
60,G-Skill Ripjaws S5 16GB DDR5 5600MHz CL30 Desktop RAM,g-skill,g-skill-ripjaws-s5-16gb-ddr5-5600mhz-cl30-desktop-ram,RAM-GSKILL-G-SKILL-RIPJAWS-S5-16-5600-CL30,https://www.startech.com.bd/g-skill-ripjaws-s5-16gb-ddr5-5600mhz-cl30-desktop-ram,30500,,REVIEW,
61,G-Skill Flare X5 16GB DDR5 5600MHz Desktop RAM,g-skill,g-skill-flare-x5-16gb-ddr5-5600mhz-desktop-ram,RAM-GSKILL-G-SKILL-FLARE-X5-16-5600,https://www.startech.com.bd/g-skill-flare-x5-16gb-ddr5-5600mhz-ram,30500,,REVIEW,
62,G.Skill Trident Z5 16GB DDR5 5600MHz CL36 Desktop RAM Silver,g-skill,g-skill-trident-z5-16gb-ddr5-5600mhz-cl36-desktop-ram-silver,RAM-GSKILL-G-SKILL-TRIDENT-Z5-16-5600-CL36-SILV,https://www.startech.com.bd/g-skill-trident-z5-16gb-ddr5-5600mhz-desktop-ram-silver,31000,,REVIEW,
63,Corsair VENGEANCE RGB 16GB DDR5 6000MHz RAM,corsair,corsair-vengeance-rgb-16gb-ddr5-6000mhz-ram,RAM-CORSAIR-VENGEANCE-R-16-6000,https://www.startech.com.bd/corsair-vengeance-rgb-16gb-ddr5-6000mhz-ram,33000,,REVIEW,
64,Corsair VENGEANCE RGB 16GB DDR5 6000MHz CL36 Desktop RAM,corsair,corsair-vengeance-rgb-16gb-ddr5-6000mhz-cl36-desktop-ram,RAM-CORSAIR-VENGEANCE-R-16-6000-CL36,https://www.startech.com.bd/corsair-vengeance-rgb-16gb-ddr5-6000mhz-cl36-ram,31999,,REVIEW,
65,OSCOO R500 RGB 16GB DDR5 6000MHz CL46 Desktop RAM,oscoo,oscoo-r500-rgb-16gb-ddr5-6000mhz-cl46-desktop-ram,RAM-OSCOO-R500-R-16-6000-CL46,https://www.startech.com.bd/oscoo-r500-rgb-16gb-ddr5-ram,27500,31000,REVIEW,
66,Lexar THOR RGB 16GB DDR5 6000MHz CL38 Desktop RAM,lexar,lexar-thor-rgb-16gb-ddr5-6000mhz-cl38-desktop-ram,RAM-LEXAR-THOR-R-16-6000-CL38,https://www.startech.com.bd/lexar-thor-rgb-16gb-ddr5-6000mhz-ram,31000,,REVIEW,
67,TEAM T-FORCE DELTA RGB 16GB 6000MHz DDR5 CL38 Gaming RAM,team,team-t-force-delta-rgb-16gb-6000mhz-ddr5-cl38-gaming-ram,RAM-TEAM-T-FORCE-DELTA-R-16-6000-CL38-GA,https://www.startech.com.bd/team-t-force-delta-rgb-16gb-6000mhz-ddr5-ram,31500,,REVIEW,
68,Team T-CREATE CLASSIC 16GB DDR5 6000MHz CL48 Desktop RAM,team,team-t-create-classic-16gb-ddr5-6000mhz-cl48-desktop-ram,RAM-TEAM-T-CREATE-CLASSIC-16-6000-CL48,https://www.startech.com.bd/team-t-create-classic-16gb-ddr5-6000mhz-ram,31500,,REVIEW,
69,Team T-CREATE EXPERT 16GB DDR5 6000MHz Desktop RAM,team,team-t-create-expert-16gb-ddr5-6000mhz-desktop-ram,RAM-TEAM-T-CREATE-EXPERT-16-6000,https://www.startech.com.bd/team-t-create-expert-16gb-ddr5-6000mhz-desktop-ram,29500,31800,REVIEW,
70,G-Skill Ripjaws S5 16GB DDR5 6000Mhz CL32 Desktop RAM,g-skill,g-skill-ripjaws-s5-16gb-ddr5-6000mhz-cl32-desktop-ram,RAM-GSKILL-G-SKILL-RIPJAWS-S5-16-6000-CL32,https://www.startech.com.bd/g-skill-ripjaws-s5-16gb-ddr5-6000mhz-cl32-desktop-ram,32000,,REVIEW,
71,G.SKILL Trident Z5 RGB 16GB DDR5 5600MHz CL30 1.25V Desktop RAM,g-skill,g-skill-trident-z5-rgb-16gb-ddr5-5600mhz-cl30-1-25v-desktop-ram,RAM-GSKILL-G-SKILL-TRIDENT-Z5-R-16-5600-CL30-1-,https://www.startech.com.bd/g-skill-trident-z5-rgb-16gb-ddr5-5600mhz-cl30-desktop-ram,32000,,REVIEW,
72,G.Skill Trident Z5 RGB 16GB DDR5 5600MHz CL30 Desktop RAM,g-skill,g-skill-trident-z5-rgb-16gb-ddr5-5600mhz-cl30-desktop-ram,RAM-GSKILL-G-SKILL-TRIDENT-Z5-R-16-5600-CL30,https://www.startech.com.bd/g-skill-trident-z5-rgb-16gb-ddr5-5600mhz-cl30-ram,32500,,REVIEW,
73,G.Skill Trident Z5 Neo RGB 16GB DDR5 5600Mhz Desktop RAM,g-skill,g-skill-trident-z5-neo-rgb-16gb-ddr5-5600mhz-desktop-ram,RAM-GSKILL-G-SKILL-TRIDENT-Z5-NEO-R-16-5600,https://www.startech.com.bd/g-skill-trident-z5-neo-rgb-16gb-ddr5-desktop-ram,32500,,REVIEW,
74,V-Color Manta XFinity RGB 8GB DDR5 6000MHz CL36 Desktop RAM,,v-color-manta-xfinity-rgb-8gb-ddr5-6000mhz-cl36-desktop-ram,RAM-RAM-V-COLOR-MANTA-XFINITY-R-8-6000-CL36,https://www.startech.com.bd/v-color-manta-xfinity-rgb-8gb-cl36-ram,18799,,REVIEW,
75,V-Color Manta XFinity RGB 8GB DDR5 6000MHz CL30 Desktop RAM,,v-color-manta-xfinity-rgb-8gb-ddr5-6000mhz-cl30-desktop-ram,RAM-RAM-V-COLOR-MANTA-XFINITY-R-8-6000-CL30,https://www.startech.com.bd/v-color-manta-xfinity-rgb-8gb-ddr5-ram,18999,,REVIEW,
76,V-Color Manta XFinity+ ARGB 16GB DDR5 6000MHz CL30 Desktop RAM For AMD Platform With OLED Display,,v-color-manta-xfinity-argb-16gb-ddr5-6000mhz-cl30-desktop-ram-for-amd-platform-with-oled-d,RAM-RAM-V-COLOR-MANTA-XFINITY-AR-16-6000-CL3,https://www.startech.com.bd/v-color-manta-xfinity-plus-argb-16gb-ddr5-ram,33500,,REVIEW,
77,V-Color Manta XFinity+ ARGB 16GB DDR5 6000MHz CL30 Desktop RAM For Intel Platform With OLED Display,,v-color-manta-xfinity-argb-16gb-ddr5-6000mhz-cl30-desktop-ram-for-intel-platform-with-oled,RAM-RAM-V-COLOR-MANTA-XFINITY-AR-16-6000-CL3,https://www.startech.com.bd/v-color-manta-xfinity-plus-argb-16gb-ddr5-ram-for-intel-platform,33500,,REVIEW,
78,V-Color Manta XSky RGB 16GB DDR5 6000MHz CL28 Desktop RAM,,v-color-manta-xsky-rgb-16gb-ddr5-6000mhz-cl28-desktop-ram,RAM-RAM-V-COLOR-MANTA-XSKY-R-16-6000-CL28,https://www.startech.com.bd/v-color-manta-xsky-rgb-16gb-ddr5-6000mhz-ram,36000,,REVIEW,
79,G.Skill Trident Z5 RGB 16GB DDR5 6000MHz CL36 Desktop RAM Silver,g-skill,g-skill-trident-z5-rgb-16gb-ddr5-6000mhz-cl36-desktop-ram-silver,RAM-GSKILL-G-SKILL-TRIDENT-Z5-R-16-6000-CL36-SI,https://www.startech.com.bd/g-skill-trident-z5-rgb-16gb-ddr5-6000mhz-desktop-ram,34000,,REVIEW,
80,G.Skill Trident Z5 Neo RGB 16GB DDR5 6000Mhz CL36 Desktop RAM,g-skill,g-skill-trident-z5-neo-rgb-16gb-ddr5-6000mhz-cl36-desktop-ram,RAM-GSKILL-G-SKILL-TRIDENT-Z5-NEO-R-16-6000-CL3,https://www.startech.com.bd/gskill-trident-z5-neo-rgb-16gb-ddr5-6000mhz-cl36-ram,34000,,REVIEW,
81,Lexar THOR RGB 2nd Gen 16GB DDR5 6000Mhz CL38 Desktop RAM,lexar,lexar-thor-rgb-2nd-gen-16gb-ddr5-6000mhz-cl38-desktop-ram,RAM-LEXAR-THOR-R-2ND-GEN-16-6000-CL38,https://www.startech.com.bd/lexar-thor-rgb-2nd-gen-16gb-ddr5-6000mhz-ram,35500,,REVIEW,
82,TEAM Delta RGB 16GB DDR5 6000MHz CL30 Gaming Desktop RAM,team,team-delta-rgb-16gb-ddr5-6000mhz-cl30-gaming-desktop-ram,RAM-TEAM-DELTA-R-16-6000-CL30-GAMING,https://www.startech.com.bd/team-delta-rgb-16gb-ddr5-6000mhz-cl30-desktop-ram,36950,,REVIEW,
83,Lexar ARES RGB 2nd Gen 16GB DDR5 6000Mhz CL30 Desktop RAM,lexar,lexar-ares-rgb-2nd-gen-16gb-ddr5-6000mhz-cl30-desktop-ram,RAM-LEXAR-ARES-R-2ND-GEN-16-6000-CL30,https://www.startech.com.bd/lexar-ares-rgb-2nd-gen-16gb-ddr5-6000mhz-ram,40500,,REVIEW,
84,TEAM T-FORCE DELTA RGB Black 16GB 7200MHz DDR5 Gaming RAM,team,team-t-force-delta-rgb-black-16gb-7200mhz-ddr5-gaming-ram,RAM-TEAM-T-FORCE-DELTA-R-BLACK-16-7200-G,https://www.startech.com.bd/team-t-force-delta-rgb-black-16gb-7200mhz-ddr5-ram,42000,,REVIEW,
85,Lexar ARES RGB 2nd Gen 16GB DDR5 6000MHz CL28 Desktop RAM,lexar,lexar-ares-rgb-2nd-gen-16gb-ddr5-6000mhz-cl28-desktop-ram,RAM-LEXAR-ARES-R-2ND-GEN-16-6000-CL28,https://www.startech.com.bd/lexar-ares-rgb-2nd-gen-16gb-6000mhz-cl28-ram,42000,45000,REVIEW,
86,OSCOO Warrior E500 32GB DDR5 5200MHz CL36 Desktop RAM,oscoo,oscoo-warrior-e500-32gb-ddr5-5200mhz-cl36-desktop-ram,RAM-OSCOO-WARRIOR-E500-32-5200-CL36,https://www.startech.com.bd/oscoo-warrior-e500-32gb-ddr5-5200mhz-ram,53000,,REVIEW,
87,Corsair WS 16GB DDR5 5600MHZ CL40 ECC RDIMM Desktop RAM,corsair,corsair-ws-16gb-ddr5-5600mhz-cl40-ecc-rdimm-desktop-ram,RAM-CORSAIR-WS-16-5600-CL40-ECC-RDIMM,https://www.startech.com.bd/corsair-ws-16gb-ddr5-ecc-ram,57000,,REVIEW,
88,V-Color Manta XSky RGB 32GB DDR5 6000MHz CL30 Desktop RAM,,v-color-manta-xsky-rgb-32gb-ddr5-6000mhz-cl30-desktop-ram,RAM-RAM-V-COLOR-MANTA-XSKY-R-32-6000-CL30,https://www.startech.com.bd/v-color-manta-xsky-rgb-32gb-ddr5-ram,63000,,REVIEW,
89,G.Skill Trident Z5 Neo RGB 32GB DDR5 6000Mhz CL36 Desktop RAM,g-skill,g-skill-trident-z5-neo-rgb-32gb-ddr5-6000mhz-cl36-desktop-ram,RAM-GSKILL-G-SKILL-TRIDENT-Z5-NEO-R-32-6000-CL3,https://www.startech.com.bd/g-skill-trident-z5-neo-rgb-32gb-ddr5-ram,65000,,REVIEW,
90,Corsair VENGEANCE 32GB DDR5 6000MHz CL40 Desktop RAM,corsair,corsair-vengeance-32gb-ddr5-6000mhz-cl40-desktop-ram,RAM-CORSAIR-VENGEANCE-32-6000-CL40,https://www.startech.com.bd/corsair-vengeance-32gb-ddr5-6000mhz-cl40-ram,66500,,REVIEW,
91,Corsair VENGEANCE RGB 32GB DDR5 6000MHz CL40 Desktop RAM,corsair,corsair-vengeance-rgb-32gb-ddr5-6000mhz-cl40-desktop-ram,RAM-CORSAIR-VENGEANCE-R-32-6000-CL40,https://www.startech.com.bd/corsair-vengeance-rgb-32gb-6000mhz-cl40-ram,70000,,REVIEW,
92,Kingston FURY Beast 32GB DDR5 6000MHz CL30 RGB Desktop RAM,kingston,kingston-fury-beast-32gb-ddr5-6000mhz-cl30-rgb-desktop-ram,RAM-KINGSTON-FURY-BEAST-32-6000-CL30-R,https://www.startech.com.bd/kingston-fury-beast-32gb-ddr5-6000mhz-cl30-rgb-ram,71500,,REVIEW,
93,G.Skill Trident Z5 16GB DDR5 5600MHz CL36 Desktop RAM Black,g-skill,g-skill-trident-z5-16gb-ddr5-5600mhz-cl36-desktop-ram-black,RAM-GSKILL-G-SKILL-TRIDENT-Z5-16-5600-CL36-BLAC,https://www.startech.com.bd/g-skill-trident-z5-16gb-ddr5-5600mhz-desktop-ram,,,REVIEW,
94,G.Skill Trident Z5 16GB 5600MHz DDR5 CL40 Desktop RAM Silver,g-skill,g-skill-trident-z5-16gb-5600mhz-ddr5-cl40-desktop-ram-silver,RAM-GSKILL-G-SKILL-TRIDENT-Z5-16-5600-CL40-SILV,https://www.startech.com.bd/g-skill-trident-z5-16gb-5600mhz-ddr5-desktop-ram-silver,,,REVIEW,
95,G.Skill Trident Z5 16GB 5600MHz DDR5 CL40 Desktop RAM Black,g-skill,g-skill-trident-z5-16gb-5600mhz-ddr5-cl40-desktop-ram-black,RAM-GSKILL-G-SKILL-TRIDENT-Z5-16-5600-CL40-BLAC,https://www.startech.com.bd/g-skill-trident-z5-16gb-5600mhz-ddr5-desktop-ram-black,,,REVIEW,
96,G.Skill Trident Z5 RGB 16GB DDR5 5600MHz CL40 Desktop RAM Silver,g-skill,g-skill-trident-z5-rgb-16gb-ddr5-5600mhz-cl40-desktop-ram-silver,RAM-GSKILL-G-SKILL-TRIDENT-Z5-R-16-5600-CL40-SI,https://www.startech.com.bd/g-skill-trident-z5-rgb-16gb-ddr5-5600mhz-desktop-ram-silver,,,REVIEW,
97,G.Skill Trident Z5 RGB 16GB DDR5 5600MHz CL36 Desktop RAM Silver,g-skill,g-skill-trident-z5-rgb-16gb-ddr5-5600mhz-cl36-desktop-ram-silver,RAM-GSKILL-G-SKILL-TRIDENT-Z5-R-16-5600-CL36-SI,https://www.startech.com.bd/g-skill-trident-z5-rgb-16gb-5600mhz-ddr5-desktop-ram-silver,,,REVIEW,
98,G.Skill Ripjaws S5 16GB DDR5 5200MHz CL40 Desktop RAM White,g-skill,g-skill-ripjaws-s5-16gb-ddr5-5200mhz-cl40-desktop-ram-white,RAM-GSKILL-G-SKILL-RIPJAWS-S5-16-5200-CL40-WHIT,https://www.startech.com.bd/g-skill-ripjaws-s5-16gb-ddr5-5200mhz-ram-white,,,REVIEW,
99,G.Skill Ripjaws S5 16GB DDR5 5200MHz CL36 Desktop RAM White,g-skill,g-skill-ripjaws-s5-16gb-ddr5-5200mhz-cl36-desktop-ram-white,RAM-GSKILL-G-SKILL-RIPJAWS-S5-16-5200-CL36-WHIT,https://www.startech.com.bd/g-skill-ripjaws-s5-16gb-5200mhz-ddr5-ram-black,,,REVIEW,
100,Team T-Force VULCAN 16GB 6000MHz DDR5 Desktop RAM,team,team-t-force-vulcan-16gb-6000mhz-ddr5-desktop-ram,RAM-TEAM-T-FORCE-VULCAN-16-6000,https://www.startech.com.bd/team-t-force-vulcan-16gb-6000mhz-ddr5-desktop-ram,,,REVIEW,
101,Netac Z RGB 16GB DDR5 6200MHz Desktop RAM,netac,netac-z-rgb-16gb-ddr5-6200mhz-desktop-ram,RAM-NETAC-Z-R-16-6200,https://www.startech.com.bd/netac-z-rgb-16gb-ddr5-ram,,,REVIEW,
102,Netac Shadow RGB 16GB DDR5 5600MHz Desktop RAM,netac,netac-shadow-rgb-16gb-ddr5-5600mhz-desktop-ram,RAM-NETAC-SHADOW-R-16-5600,https://www.startech.com.bd/netac-shadow-rgb-16gb-ddr5-ram,,,REVIEW,
103,Netac Shadow 16GB DDR4 3600MHz Desktop RAM,netac,netac-shadow-16gb-ddr4-3600mhz-desktop-ram,RAM-NETAC-SHADOW-16-3600,https://www.startech.com.bd/netac-shadow-16gb-ddr4-ram,,,REVIEW,
104,Netac Shadow II 16GB DDR4 3200MHz Desktop RAM,netac,netac-shadow-ii-16gb-ddr4-3200mhz-desktop-ram,RAM-NETAC-SHADOW-II-16-3200,https://www.startech.com.bd/netac-shadow-ii-16gb-ddr4-ram,,,REVIEW,
105,Corsair DOMINATOR PLATINUM RGB 16GB (2x8GB) DDR4 3600MHz C18 RAM Kit,corsair,corsair-dominator-platinum-rgb-16gb-2x8gb-ddr4-3600mhz-c18-ram-kit,RAM-CORSAIR-DOMINATOR-PLATINUM-R-16-2X8-,https://www.startech.com.bd/corsair-dominator-platinum-rgb-16gb-ddr4-3600mhz-c18-ram-kit,,,REVIEW,
106,TwinMOS VOLTX 16GB DDR5 6000MHz Desktop RAM,twinmos,twinmos-voltx-16gb-ddr5-6000mhz-desktop-ram,RAM-TWINMOS-VOLTX-16-6000,https://www.startech.com.bd/twinmos-voltx-16gb-ram,,,REVIEW,
107,Corsair VENGEANCE RGB 24GB DDR5 7200MHz Desktop RAM,corsair,corsair-vengeance-rgb-24gb-ddr5-7200mhz-desktop-ram,RAM-CORSAIR-VENGEANCE-R-24-7200,https://www.startech.com.bd/corsair-vengeance-rgb-24gb-ddr5-7200mhz-ram,,,REVIEW,
108,Corsair VENGEANCE 32GB DDR5 6000MHz Desktop RAM,corsair,corsair-vengeance-32gb-ddr5-6000mhz-desktop-ram,RAM-CORSAIR-VENGEANCE-32-6000,https://www.startech.com.bd/corsair-vengeance-32gb-ddr5-6000mhz-ram,,,REVIEW,
109,G.Skill Ripjaws V 8GB DDR4 3400MHz Desktop RAM,g-skill,g-skill-ripjaws-v-8gb-ddr4-3400mhz-desktop-ram,RAM-GSKILL-G-SKILL-RIPJAWS-V-8-3400,https://www.startech.com.bd/g-skill-ripjaws-v-8gb-ram,,,REVIEW,
110,Netac Shadow Yellow 8GB DDR4 2666MHZ Desktop RAM,netac,netac-shadow-yellow-8gb-ddr4-2666mhz-desktop-ram,RAM-NETAC-SHADOW-YELLOW-8-2666,https://www.startech.com.bd/netac-shadow-yellow-8gb-ddr4-2666mhz-desktop-ram,,,REVIEW,
111,Netac Basic DDR3 4GB 1600MHZ Desktop RAM,netac,netac-basic-ddr3-4gb-1600mhz-desktop-ram,RAM-NETAC-BASIC-4-1600,https://www.startech.com.bd/netac-basic-ddr3-4gb-1600mhz-desktop-ram,,,REVIEW,
112,G.Skill Ripjaws V 4GB DDR4 2666MHz Red Heatsink Desktop RAM,g-skill,g-skill-ripjaws-v-4gb-ddr4-2666mhz-red-heatsink-desktop-ram,RAM-GSKILL-G-SKILL-RIPJAWS-V-4-2666-RED-HEATSIN,https://www.startech.com.bd/g-skill-ripjaws-v-4gb-red-heatsink-desktop-ram,,,REVIEW,
113,G.SKILL Value 4GB DDR4 2400Mhz CL15 RAM,g-skill,g-skill-value-4gb-ddr4-2400mhz-cl15-ram,RAM-GSKILL-G-SKILL-VALUE-4-2400-CL15,https://www.startech.com.bd/g-skill-value-4gb-ddr4-2400mhz-cl15-ram,,,REVIEW,
114,G.Skill Ripjaws V 4GB DDR4 2400MHz Desktop RAM,g-skill,g-skill-ripjaws-v-4gb-ddr4-2400mhz-desktop-ram,RAM-GSKILL-G-SKILL-RIPJAWS-V-4-2400,https://www.startech.com.bd/g-skill-ripjaws-v-4gb-ddr4-2400mhz-desktop-ram,,,REVIEW,
115,Lexar 4GB DDR4 2666 Mhz UDIMM Desktop RAM,lexar,lexar-4gb-ddr4-2666-mhz-udimm-desktop-ram,RAM-LEXAR-4-2666-UDIMM,https://www.startech.com.bd/lexar-4gb-ddr4-2666mhz-udimm-desktop-ram,,,REVIEW,
116,Corsair Vengeance LPX 4GB (1x4GB) DDR4 DRAM 2400MHz,corsair,corsair-vengeance-lpx-4gb-1x4gb-ddr4-dram-2400mhz,RAM-CORSAIR-VENGEANCE-LPX-4-1X4-D-2400,https://www.startech.com.bd/Corsair-Vengeance-LPX-4GB,,,REVIEW,
117,Team Elite Plus 4GB 2400MHz DDR4 Ram,team,team-elite-plus-4gb-2400mhz-ddr4-ram,RAM-TEAM-ELITE-PLUS-4-2400,https://www.startech.com.bd/team-elite-plus-4gb-ram,,,REVIEW,
118,Kimtigo WOLFRINE 8GB 3200MHz DDR4 UDIMM Desktop RAM,kimtigo,kimtigo-wolfrine-8gb-3200mhz-ddr4-udimm-desktop-ram,RAM-KIMTIGO-WOLFRINE-8-3200-UDIMM,https://www.startech.com.bd/kimtigo-wolfrine-8gb-ddr4-desktop-ram,,,REVIEW,
119,Lexar 8GB DDR4 3200 Mhz UDIMM Desktop RAM,lexar,lexar-8gb-ddr4-3200-mhz-udimm-desktop-ram,RAM-LEXAR-8-3200-UDIMM,https://www.startech.com.bd/lexar-8gb-ddr4-3200mhz-udimm-desktop-ram,,,REVIEW,
120,G.SKILL Value 4GB DDR3 1600Mhz Desktop RAM,g-skill,g-skill-value-4gb-ddr3-1600mhz-desktop-ram,RAM-GSKILL-G-SKILL-VALUE-4-1600,https://www.startech.com.bd/g-skill-value-4gb-ddr3-1600mhz-ram,,,REVIEW,
121,Team T-Force VULCAN TUF Gaming Alliance 8GB 3200MHz DDR4 CL16 Desktop RAM,team,team-t-force-vulcan-tuf-gaming-alliance-8gb-3200mhz-ddr4-cl16-desktop-ram,RAM-TEAM-T-FORCE-VULCAN-TUF-GAMING-ALLIA,https://www.startech.com.bd/team-t-force-vulcan-tuf-gaming-alliance-8gb-3200mhz-cl16-desktop-ram,,,REVIEW,
122,Team T-Force VULCAN TUF Gaming Alliance 8GB 3200MHz DDR4 Desktop RAM,team,team-t-force-vulcan-tuf-gaming-alliance-8gb-3200mhz-ddr4-desktop-ram,RAM-TEAM-T-FORCE-VULCAN-TUF-GAMING-ALLIA,https://www.startech.com.bd/team-vulcan-tuf-8gb-3200mhz-ram,,,REVIEW,
123,G.Skill Trident Z 4GB DDR4 3200MHz Desktop RAM,g-skill,g-skill-trident-z-4gb-ddr4-3200mhz-desktop-ram,RAM-GSKILL-G-SKILL-TRIDENT-Z-4-3200,https://www.startech.com.bd/g-skill-trident-z-4gb-ddr4-3200mhz-ram,,,REVIEW,
124,Lexar 8GB DDR4 2666 Mhz UDIMM Desktop RAM,lexar,lexar-8gb-ddr4-2666-mhz-udimm-desktop-ram,RAM-LEXAR-8-2666-UDIMM,https://www.startech.com.bd/lexar-8gb-ddr4-2666mhz-udimm-desktop-ram,,,REVIEW,
125,Team T-Force Vulcan Z 8GB DDR4 3200MHz Desktop Gaming RAM,team,team-t-force-vulcan-z-8gb-ddr4-3200mhz-desktop-gaming-ram,RAM-TEAM-T-FORCE-VULCAN-Z-8-3200-GAMING,https://www.startech.com.bd/team-vulcan-z-8gb-3200mhz-gaming-desktop-ram,,,REVIEW,
126,Twinmos 8GB DDR4 2400MHz Desktop RAM,twinmos,twinmos-8gb-ddr4-2400mhz-desktop-ram,RAM-TWINMOS-8-2400,https://www.startech.com.bd/twinmos-8gb-ddr4-2400mhz-desktop-ram,,,REVIEW,
127,G.SKILL Value 4GB DDR4 2400Mhz Desktop RAM,g-skill,g-skill-value-4gb-ddr4-2400mhz-desktop-ram,RAM-GSKILL-G-SKILL-VALUE-4-2400,https://www.startech.com.bd/g-skill-value-4gb-ddr4-2400mhz-desktop-ram,,,REVIEW,
128,Colorful CVN Guardian 8GB DDR4 3200MHz RGB Desktop RAM,colorful,colorful-cvn-guardian-8gb-ddr4-3200mhz-rgb-desktop-ram,RAM-COLORFUL-CVN-GUARDIAN-8-3200-R,https://www.startech.com.bd/colorful-cvn-guardian-8gb-ddr4-3200mhz-rgb-ram,,,REVIEW,
129,Colorful Battle-AX 8GB DDR4 3200MHz U-DIMM Desktop RAM,colorful,colorful-battle-ax-8gb-ddr4-3200mhz-u-dimm-desktop-ram,RAM-COLORFUL-BATTLE-AX-8-3200-U-DIMM,https://www.startech.com.bd/colorful-battle-ax-8g-ddr4-3200mhz-ram,,,REVIEW,
130,Colorful Battle-AX 8GB DDR4 3200MHz U-DIMM Desktop RAM White,colorful,colorful-battle-ax-8gb-ddr4-3200mhz-u-dimm-desktop-ram-white,RAM-COLORFUL-BATTLE-AX-8-3200-U-DIMM-WHI,https://www.startech.com.bd/colorful-battle-ax-8g-ddr4-3200mhz-ram-white,,,REVIEW,
131,Netac Shadow II 8GB DDR4 3200MHz Desktop RAM,netac,netac-shadow-ii-8gb-ddr4-3200mhz-desktop-ram,RAM-NETAC-SHADOW-II-8-3200,https://www.startech.com.bd/netac-shadow-ii-8gb-ddr4-ram,,,REVIEW,
132,Corsair Vengeance LPX 8GB DDR4 2400MHz RAM,corsair,corsair-vengeance-lpx-8gb-ddr4-2400mhz-ram,RAM-CORSAIR-VENGEANCE-LPX-8-2400,https://www.startech.com.bd/Corsair-Vengeance-LPX-8GB,,,REVIEW,
133,Team Vulcan Z 8GB DDR4 3200MHz Gaming RAM,team,team-vulcan-z-8gb-ddr4-3200mhz-gaming-ram,RAM-TEAM-VULCAN-Z-8-3200-GAMING,https://www.startech.com.bd/team-vulcan-z-8gb-3200mhz-ram,,,REVIEW,
134,TEAM T-Force DELTA TUF Gaming RGB 8GB 3200MHz DDR4 CL16 Desktop RAM,team,team-t-force-delta-tuf-gaming-rgb-8gb-3200mhz-ddr4-cl16-desktop-ram,RAM-TEAM-T-FORCE-DELTA-TUF-GAMING-R-8-32,https://www.startech.com.bd/team-t-force-delta-tuf-gaming-rgb-8gb-3200mhz-ddr4-ram,,,REVIEW,
135,G.SKILL Flare X 8GB 2400Mhz DDR4 Desktop RAM,g-skill,g-skill-flare-x-8gb-2400mhz-ddr4-desktop-ram,RAM-GSKILL-G-SKILL-FLARE-X-8-2400,https://www.startech.com.bd/g-skill-flare-x-8gb-2400mhz-ddr4-desktop-ram,,,REVIEW,
136,OCPC VS 8GB DDR3 1600MHz Desktop RAM,ocpc,ocpc-vs-8gb-ddr3-1600mhz-desktop-ram,RAM-OCPC-VS-8-1600,https://www.startech.com.bd/ocpc-vs-8gb-ddr3-ram,,,REVIEW,
137,G.SKILL Trident Z Royal RGB 8GB DDR4 4266MHz Desktop RAM,g-skill,g-skill-trident-z-royal-rgb-8gb-ddr4-4266mhz-desktop-ram,RAM-GSKILL-G-SKILL-TRIDENT-Z-ROYAL-R-8-4266,https://www.startech.com.bd/g-skill-trident-z-royal-8gb-4266mhz-desktop-ram,,,REVIEW,
138,Corsair DOMINATOR PLATINUM RGB 8GB DDR4 3600MHz C18 RAM,corsair,corsair-dominator-platinum-rgb-8gb-ddr4-3600mhz-c18-ram,RAM-CORSAIR-DOMINATOR-PLATINUM-R-8-3600-,https://www.startech.com.bd/corsair-dominator-platinum-rgb-8gb-ddr4-3600mhz-c18-ram,,,REVIEW,
139,Corsair VENGEANCE RGB PRO 8GB DDR4 3200MHz Desktop RAM White,corsair,corsair-vengeance-rgb-pro-8gb-ddr4-3200mhz-desktop-ram-white,RAM-CORSAIR-VENGEANCE-R-PRO-8-3200-WHITE,https://www.startech.com.bd/corsair-vengeance-rgb-pro-8gb-ddr4-ram-white,,,REVIEW,
140,CORSAIR VENGEANCE RGB RS 8GB DDR4 3600MHz RAM,corsair,corsair-vengeance-rgb-rs-8gb-ddr4-3600mhz-ram,RAM-CORSAIR-VENGEANCE-R-RS-8-3600,https://www.startech.com.bd/corsair-vengeance-rgb-rs-8gb-ddr4-3600mhz-ram,,,REVIEW,
141,Kingston FURY Beast 8GB 3200MHz DDR4 Special Edition RGB Desktop RAM,kingston,kingston-fury-beast-8gb-3200mhz-ddr4-special-edition-rgb-desktop-ram,RAM-KINGSTON-FURY-BEAST-8-3200-SPECIAL-E,https://www.startech.com.bd/kingston-fury-beast-8gb-3200mhz-ddr4-se-rgb-ram,,,REVIEW,
142,CORSAIR VENGEANCE LPX 8GB DDR4 3600MHz RAM,corsair,corsair-vengeance-lpx-8gb-ddr4-3600mhz-ram,RAM-CORSAIR-VENGEANCE-LPX-8-3600,https://www.startech.com.bd/corsair-vengeance-lpx-8gb-ddr4-3600mhz-ram,,,REVIEW,
143,CORSAIR VENGEANCE RGB RS 8GB DDR4 3200MHz RAM,corsair,corsair-vengeance-rgb-rs-8gb-ddr4-3200mhz-ram,RAM-CORSAIR-VENGEANCE-R-RS-8-3200,https://www.startech.com.bd/corsair-vengeance-rgb-rs-8gb-ddr4-3200mhz-ram,,,REVIEW,
144,G.Skill Ripjaws V 16GB DDR4 2400MHz Desktop RAM,g-skill,g-skill-ripjaws-v-16gb-ddr4-2400mhz-desktop-ram,RAM-GSKILL-G-SKILL-RIPJAWS-V-16-2400,https://www.startech.com.bd/g-skill-ripjaws-v-16gb-ddr4-2400mhz-desktop-ram,,,REVIEW,
145,Team T-Force VULCAN TUF Gaming Alliance 16GB 3200MHz DDR4 Desktop RAM,team,team-t-force-vulcan-tuf-gaming-alliance-16gb-3200mhz-ddr4-desktop-ram,RAM-TEAM-T-FORCE-VULCAN-TUF-GAMING-ALLIA,https://www.startech.com.bd/team-t-force-vulcan-tuf-gaming-alliance-16gb-3200mhz-ddr4-ram,,,REVIEW,
146,Corsair Dominator Platinum RGB 8GB 3200MHz DDR4 RAM,corsair,corsair-dominator-platinum-rgb-8gb-3200mhz-ddr4-ram,RAM-CORSAIR-DOMINATOR-PLATINUM-R-8-3200,https://www.startech.com.bd/corsair-8gb-3200mhz-dominator-platinum-ram,,,REVIEW,
147,G.SKILL Flare X 8GB DDR4 2933Mhz Desktop RAM,g-skill,g-skill-flare-x-8gb-ddr4-2933mhz-desktop-ram,RAM-GSKILL-G-SKILL-FLARE-X-8-2933,https://www.startech.com.bd/g-skill-flare-x-8gb-ddr4-2933mhz-ram,,,REVIEW,
148,Colorful Battle-AX 16GB DDR4 3200MHz U-DIMM Desktop RAM,colorful,colorful-battle-ax-16gb-ddr4-3200mhz-u-dimm-desktop-ram,RAM-COLORFUL-BATTLE-AX-16-3200-U-DIMM,https://www.startech.com.bd/colorful-battle-ax-16g-ddr4-3200mhz-ram,,,REVIEW,
149,Team T-Force VULCAN TUF Gaming Alliance 16GB 3200MHz DDR4 CL16 Desktop RAM,team,team-t-force-vulcan-tuf-gaming-alliance-16gb-3200mhz-ddr4-cl16-desktop-ram,RAM-TEAM-T-FORCE-VULCAN-TUF-GAMING-ALLIA,https://www.startech.com.bd/team-t-force-vulcan-tuf-gaming-alliance-16gb-3200mhz-ddr4-cl16-ram,,,REVIEW,
150,TEAM Delta RGB 8GB DDR5 5600MHz Gaming Desktop RAM White,team,team-delta-rgb-8gb-ddr5-5600mhz-gaming-desktop-ram-white,RAM-TEAM-DELTA-R-8-5600-GAMING-WHITE,https://www.startech.com.bd/team-delta-rgb-8gb-ddr5-5600mhz-gaming-desktop-ram-white,,,REVIEW,
151,TEAM T-Force DELTA TUF Gaming RGB 16GB 3200MHz DDR4 CL16 RAM,team,team-t-force-delta-tuf-gaming-rgb-16gb-3200mhz-ddr4-cl16-ram,RAM-TEAM-T-FORCE-DELTA-TUF-GAMING-R-16-3,https://www.startech.com.bd/team-t-force-delta-tuf-gaming-rgb-16gb-3200mhz-ddr4-cl16-ram,,,REVIEW,
152,Colorful Battle-AX 16GB DDR4 3200MHz U-DIMM Desktop RAM White,colorful,colorful-battle-ax-16gb-ddr4-3200mhz-u-dimm-desktop-ram-white,RAM-COLORFUL-BATTLE-AX-16-3200-U-DIMM-WH,https://www.startech.com.bd/colorful-battle-ax-16g-ddr4-3200mhz-ram-white,,,REVIEW,
153,G.Skill Ripjaws V 8GB DDR4 3600MHz Desktop RAM,g-skill,g-skill-ripjaws-v-8gb-ddr4-3600mhz-desktop-ram,RAM-GSKILL-G-SKILL-RIPJAWS-V-8-3600,https://www.startech.com.bd/g-skill-ripjaws-v-8gb-ddr4-3600mhz-ram,,,REVIEW,
154,Lexar THOR 16GB 3200Mhz DDR4 Desktop Ram,lexar,lexar-thor-16gb-3200mhz-ddr4-desktop-ram,RAM-LEXAR-THOR-16-3200,https://www.startech.com.bd/lexar-thor-16gb-desktop-ram,,,REVIEW,
155,Corsair VENGEANCE RGB PRO 16GB DDR4 3000MHz Desktop RAM,corsair,corsair-vengeance-rgb-pro-16gb-ddr4-3000mhz-desktop-ram,RAM-CORSAIR-VENGEANCE-R-PRO-16-3000,https://www.startech.com.bd/corsair-vengeance-rgb-pro-16gb-ddr4-3000mhz-ram,,,REVIEW,
156,Kingston FURY Beast RGB 16GB 3200MHz DDR4 Desktop RAM,kingston,kingston-fury-beast-rgb-16gb-3200mhz-ddr4-desktop-ram,RAM-KINGSTON-FURY-BEAST-R-16-3200,https://www.startech.com.bd/kingston-fury-beast-rgb-16gb-3200mhz-ddr4-ram,,,REVIEW,
157,G.SKILL Flare X 8GB DDR4 3200Mhz Desktop RAM,g-skill,g-skill-flare-x-8gb-ddr4-3200mhz-desktop-ram,RAM-GSKILL-G-SKILL-FLARE-X-8-3200,https://www.startech.com.bd/g-skill-flare-x-8gb-ddr4-3200mhz-ram,,,REVIEW,
158,AITC Kingsman RGB 8GB DDR4 3600MHz Gaming Desktop RAM,aitc,aitc-kingsman-rgb-8gb-ddr4-3600mhz-gaming-desktop-ram,RAM-AITC-KINGSMAN-R-8-3600-GAMING,https://www.startech.com.bd/aitc-kingsman-rgb-8gb-ddr4-3600mhz-ram,,,REVIEW,
159,Team T-CREATE EXPERT 16GB DDR4 3200MHz Desktop RAM,team,team-t-create-expert-16gb-ddr4-3200mhz-desktop-ram,RAM-TEAM-T-CREATE-EXPERT-16-3200,https://www.startech.com.bd/team-t-create-expert-16gb-ddr4-ram,,,REVIEW,
160,G.Skill Trident Z Royal 8GB DDR4 3600MHz Silver Heatsink Desktop RAM,g-skill,g-skill-trident-z-royal-8gb-ddr4-3600mhz-silver-heatsink-desktop-ram,RAM-GSKILL-G-SKILL-TRIDENT-Z-ROYAL-8-3600-SILVE,https://www.startech.com.bd/g-skill-trident-z-royal-8gb-3600mhz-ram,,,REVIEW,
161,TEAM T-Force DELTA RGB White 16GB 3200MHz DDR4 Gaming Desktop RAM,team,team-t-force-delta-rgb-white-16gb-3200mhz-ddr4-gaming-desktop-ram,RAM-TEAM-T-FORCE-DELTA-R-WHITE-16-3200-G,https://www.startech.com.bd/team-t-force-delta-rgb-white-16gb-3200mhz-ddr4-ram,,,REVIEW,
162,G.SKILL Value 8GB DDR3 1600Mhz Desktop RAM,g-skill,g-skill-value-8gb-ddr3-1600mhz-desktop-ram,RAM-GSKILL-G-SKILL-VALUE-8-1600,https://www.startech.com.bd/g-skill-value-8gb-ddr3-1600mhz-ram,,,REVIEW,
163,Lexar ARES 16GB (8x2) 3600Mhz DDR4 RGB Gaming Desktop RAM,lexar,lexar-ares-16gb-8x2-3600mhz-ddr4-rgb-gaming-desktop-ram,RAM-LEXAR-ARES-16-8X2-3600-R-GAMING,https://www.startech.com.bd/lexar-ares-16gb-3600mhz-gaming-desktop-ram,,,REVIEW,
164,Kingston FURY Beast RGB 16GB 3200MHz DDR4 Heatsink Desktop RAM,kingston,kingston-fury-beast-rgb-16gb-3200mhz-ddr4-heatsink-desktop-ram,RAM-KINGSTON-FURY-BEAST-R-16-3200-HEATSI,https://www.startech.com.bd/kingston-fury-beast-rgb-16gb-3200mhz-ddr4-desktop-ram,,,REVIEW,
165,Team T-Force VULCAN Z Red 16GB DDR4 3200MHz CL16 Gaming RAM,team,team-t-force-vulcan-z-red-16gb-ddr4-3200mhz-cl16-gaming-ram,RAM-TEAM-T-FORCE-VULCAN-Z-RED-16-3200-CL,https://www.startech.com.bd/team-t-force-vulcan-z-red-16gb-ddr4-3200mhz-cl16-gaming-ram,,,REVIEW,
166,CORSAIR VENGEANCE RGB RS 16GB DDR4 3200MHz RAM,corsair,corsair-vengeance-rgb-rs-16gb-ddr4-3200mhz-ram,RAM-CORSAIR-VENGEANCE-R-RS-16-3200,https://www.startech.com.bd/corsair-vengeance-rgb-rs-16gb-ddr4-3200mhz-ram,,,REVIEW,
167,Corsair VENGEANCE 16GB DDR5 5600MHz RAM White,corsair,corsair-vengeance-16gb-ddr5-5600mhz-ram-white,RAM-CORSAIR-VENGEANCE-16-5600-WHITE,https://www.startech.com.bd/corsair-vengeance-16gb-ddr5-5600mhz-ram-white,,,REVIEW,
168,Corsair VENGEANCE 16GB DDR5 5600MHz RAM,corsair,corsair-vengeance-16gb-ddr5-5600mhz-ram,RAM-CORSAIR-VENGEANCE-16-5600,https://www.startech.com.bd/corsair-vengeance-16gb-ddr5-5600mhz-ram,,,REVIEW,
169,G.SKILL Trident Z Royal RGB 8GB DDR4 4600MHz Desktop RAM,g-skill,g-skill-trident-z-royal-rgb-8gb-ddr4-4600mhz-desktop-ram,RAM-GSKILL-G-SKILL-TRIDENT-Z-ROYAL-R-8-4600,https://www.startech.com.bd/g-skill-trident-z-royal-8gb-4600mhz-desktop-ram,,,REVIEW,
170,Corsair VENGEANCE RGB PRO SL 16GB DDR4 3200MHz RAM White,corsair,corsair-vengeance-rgb-pro-sl-16gb-ddr4-3200mhz-ram-white,RAM-CORSAIR-VENGEANCE-R-PRO-SL-16-3200-W,https://www.startech.com.bd/corsair-vengeance-rgb-pro-sl-16gb-ddr4-3200mhz-ram-white,,,REVIEW,
171,CORSAIR VENGEANCE RGB RS 16GB DDR4 3600MHz RAM,corsair,corsair-vengeance-rgb-rs-16gb-ddr4-3600mhz-ram,RAM-CORSAIR-VENGEANCE-R-RS-16-3600,https://www.startech.com.bd/corsair-vengeance-rgb-rs-16gb-ddr4-3600mhz-ram,,,REVIEW,
172,TEAM VULCAN RED 16GB DDR5 5200MHz Gaming Desktop RAM,team,team-vulcan-red-16gb-ddr5-5200mhz-gaming-desktop-ram,RAM-TEAM-VULCAN-RED-16-5200-GAMING,https://www.startech.com.bd/team-vulcan-red-16gb-ddr5-5200mhz-ram,,,REVIEW,
173,Corsair VENGEANCE 16GB DDR5 5200MHz C40 RAM,corsair,corsair-vengeance-16gb-ddr5-5200mhz-c40-ram,RAM-CORSAIR-VENGEANCE-16-5200-C40,https://www.startech.com.bd/corsair-vengeance-16gb-ddr5-5200mhz-c40-ram,,,REVIEW,
174,Kingston FURY Beast 16GB 5200MHz DDR5 Desktop RAM,kingston,kingston-fury-beast-16gb-5200mhz-ddr5-desktop-ram,RAM-KINGSTON-FURY-BEAST-16-5200,https://www.startech.com.bd/kingston-fury-beast-16gb-5200mhz-ddr5-desktop-ram,,,REVIEW,
175,OSCOO P300 16GB DDR5 5200MHz CL36 Desktop RAM,oscoo,oscoo-p300-16gb-ddr5-5200mhz-cl36-desktop-ram,RAM-OSCOO-P300-16-5200-CL36,https://www.startech.com.bd/oscoo-p300-16gb-ddr5-ram,,,REVIEW,
176,Netac Shadow II 8GB DDR4 3200MHz Desktop RAM Black,netac,netac-shadow-ii-8gb-ddr4-3200mhz-desktop-ram-black,RAM-NETAC-SHADOW-II-8-3200-BLACK,https://www.startech.com.bd/netac-shadow-ii-8gb-ddr4-ram-black,,,REVIEW,
177,Team T-Force VULCAN Z Red 16GB DDR4 3200MHz Desktop Gaming RAM,team,team-t-force-vulcan-z-red-16gb-ddr4-3200mhz-desktop-gaming-ram,RAM-TEAM-T-FORCE-VULCAN-Z-RED-16-3200-GA,https://www.startech.com.bd/team-t-force-vulcan-z-red-16gb-ddr4-3200mhz-ram,,,REVIEW,
178,CORSAIR VENGEANCE LPX 16GB DDR4 3600MHz RAM,corsair,corsair-vengeance-lpx-16gb-ddr4-3600mhz-ram,RAM-CORSAIR-VENGEANCE-LPX-16-3600,https://www.startech.com.bd/corsair-vengeance-lpx-16gb-ddr4-3600mhz-ram,,,REVIEW,
179,Kingston FURY Beast 16GB 5600Mhz DDR5 Desktop RAM,kingston,kingston-fury-beast-16gb-5600mhz-ddr5-desktop-ram,RAM-KINGSTON-FURY-BEAST-16-5600,https://www.startech.com.bd/kingston-fury-beast-16gb-5600mhz-ddr5-ram,,,REVIEW,
180,Team T-Force VULCAN RED 16GB DDR5 6000MHz CL38 Desktop RAM,team,team-t-force-vulcan-red-16gb-ddr5-6000mhz-cl38-desktop-ram,RAM-TEAM-T-FORCE-VULCAN-RED-16-6000-CL38,https://www.startech.com.bd/team-t-force-vulcan-red-16gb-ddr5-ram,,,REVIEW,
181,TEAM T-Force DELTA RGB White 16GB 3200MHz DDR4 CL16 Gaming RAM,team,team-t-force-delta-rgb-white-16gb-3200mhz-ddr4-cl16-gaming-ram,RAM-TEAM-T-FORCE-DELTA-R-WHITE-16-3200-C,https://www.startech.com.bd/team-t-force-delta-rgb-white-16gb-3200mhz-ddr4-cl16-ram,,,REVIEW,
182,OSCOO M200 Warrior 8GB DDR4 3200MHz Desktop RAM,oscoo,oscoo-m200-warrior-8gb-ddr4-3200mhz-desktop-ram,RAM-OSCOO-M200-WARRIOR-8-3200,https://www.startech.com.bd/oscoo-m200-warrior-8gb-ddr4-ram,,,REVIEW,
183,Team T-Force VULCAN 16GB DDR5 6000MHz CL38 1.25V Desktop RAM,team,team-t-force-vulcan-16gb-ddr5-6000mhz-cl38-1-25v-desktop-ram,RAM-TEAM-T-FORCE-VULCAN-16-6000-CL38-1-2,https://www.startech.com.bd/team-t-force-vulcan-16gb-ddr5-cl38-ram,,,REVIEW,
184,OCPC PISTA 16GB 5600MHz DDR5 RGB Desktop RAM,ocpc,ocpc-pista-16gb-5600mhz-ddr5-rgb-desktop-ram,RAM-OCPC-PISTA-16-5600-R,https://www.startech.com.bd/ocpc-pista-16gb-5600mhz-ddr5-rgb-desktop-ram,,,REVIEW,
185,KingBank KJXB 8GB DDR4 3200MHz Desktop RAM,kingbank,kingbank-kjxb-8gb-ddr4-3200mhz-desktop-ram,RAM-KINGBANK-KJXB-8-3200,https://www.startech.com.bd/kingbank-kjxb-8gb-ddr4-ram,,,REVIEW,
186,G.Skill Ripjaws V 8GB DDR4 2666MHz Red Heatsink Desktop RAM,g-skill,g-skill-ripjaws-v-8gb-ddr4-2666mhz-red-heatsink-desktop-ram,RAM-GSKILL-G-SKILL-RIPJAWS-V-8-2666-RED-HEATSIN,https://www.startech.com.bd/g-skill-ripjaws-v-8gb-red-heatsink-desktop-ram,,,REVIEW,
187,Team T-Force Delta TUF Gaming 8GB 3200MHz DDR4 RGB Desktop RAM,team,team-t-force-delta-tuf-gaming-8gb-3200mhz-ddr4-rgb-desktop-ram,RAM-TEAM-T-FORCE-DELTA-TUF-GAMING-8-3200,https://www.startech.com.bd/team-delta-tuf-8gb-3200mhz-gaming-ram,,,REVIEW,
188,Corsair Vengeance 16GB DDR5 DRAM 5600MHz C40 RAM,corsair,corsair-vengeance-16gb-ddr5-dram-5600mhz-c40-ram,RAM-CORSAIR-VENGEANCE-16-D-5600-C40,https://www.startech.com.bd/corsair-vengeance-16gb-ddr5-5600mhz-c40-ram,,,REVIEW,
189,G.SKILL Value 8GB DDR4 2400Mhz Desktop RAM,g-skill,g-skill-value-8gb-ddr4-2400mhz-desktop-ram,RAM-GSKILL-G-SKILL-VALUE-8-2400,https://www.startech.com.bd/g-skill-value-8gb-ddr4-2400mhz-desktop-ram,,,REVIEW,
190,G.Skill Ripjaws V 8GB DDR4 2400MHz Desktop RAM,g-skill,g-skill-ripjaws-v-8gb-ddr4-2400mhz-desktop-ram,RAM-GSKILL-G-SKILL-RIPJAWS-V-8-2400,https://www.startech.com.bd/g-skill-ripjaws-v-8gb-ddr4-2400mhz-desktop-ram,,,REVIEW,
191,G.Skill Trident Z Royal 16GB DDR4 3600MHz Desktop RAM,g-skill,g-skill-trident-z-royal-16gb-ddr4-3600mhz-desktop-ram,RAM-GSKILL-G-SKILL-TRIDENT-Z-ROYAL-16-3600,https://www.startech.com.bd/g-skill-trident-z-royal-16gb-3600mhz-ddr4-desktop-ram,,,REVIEW,
192,Kingston FURY Beast 16GB 3600MHz DDR4 Desktop RAM,kingston,kingston-fury-beast-16gb-3600mhz-ddr4-desktop-ram,RAM-KINGSTON-FURY-BEAST-16-3600,https://www.startech.com.bd/kingston-fury-beast-16gb-3600mhz-ram,,,REVIEW,
193,TEAM Delta RGB White 16GB DDR5 5200MHz Gaming Desktop RAM,team,team-delta-rgb-white-16gb-ddr5-5200mhz-gaming-desktop-ram,RAM-TEAM-DELTA-R-WHITE-16-5200-GAMING,https://www.startech.com.bd/team-delta-rgb-white-16gb-ddr5-5200mhz-ram,,,REVIEW,
194,Corsair VENGEANCE RGB 16GB DDR5 5600MHz CL40 Desktop RAM,corsair,corsair-vengeance-rgb-16gb-ddr5-5600mhz-cl40-desktop-ram,RAM-CORSAIR-VENGEANCE-R-16-5600-CL40,https://www.startech.com.bd/corsair-vengeance-rgb-16gb-ddr5-5600mhz-cl40-ram,,,REVIEW,
195,G.Skill Ripjaws V 8GB DDR4 3600MHz CL18 Desktop RAM,g-skill,g-skill-ripjaws-v-8gb-ddr4-3600mhz-cl18-desktop-ram,RAM-GSKILL-G-SKILL-RIPJAWS-V-8-3600-CL18,https://www.startech.com.bd/g-skill-ripjaws-v-8gb-ddr4-3600mhz-cl18-ram,,,REVIEW,
196,OCPC PISTA 16GB DDR5 6000MHz CL38 RGB Desktop RAM,ocpc,ocpc-pista-16gb-ddr5-6000mhz-cl38-rgb-desktop-ram,RAM-OCPC-PISTA-16-6000-CL38-R,https://www.startech.com.bd/ocpc-pista-16gb-ddr5-6000mhz-cl38-rgb-ram,,,REVIEW,
197,G.Skill RIPJAWS-V 8GB DDR4 3200MHz Desktop RAM,g-skill,g-skill-ripjaws-v-8gb-ddr4-3200mhz-desktop-ram,RAM-GSKILL-G-SKILL-RIPJAWS-V-8-3200,https://www.startech.com.bd/g-skill-ripjaws-v-8gb-desktop-ram,8500,,REVIEW,
198,TEAM Delta RGB 16GB DDR5 5200MHz Gaming Desktop RAM,team,team-delta-rgb-16gb-ddr5-5200mhz-gaming-desktop-ram,RAM-TEAM-DELTA-R-16-5200-GAMING,https://www.startech.com.bd/team-delta-rgb-16gb-ddr5-5200mhz-ram,,,REVIEW,
199,Kingston FURY Beast 16GB 6000Mhz DDR5 Desktop RAM,kingston,kingston-fury-beast-16gb-6000mhz-ddr5-desktop-ram,RAM-KINGSTON-FURY-BEAST-16-6000,https://www.startech.com.bd/kingston-fury-beast-16gb-6000mhz-ddr5-ram,,,REVIEW,
200,TEAM T-Force DELTA TUF Gaming RGB 16GB 3200MHz DDR4 Desktop RAM,team,team-t-force-delta-tuf-gaming-rgb-16gb-3200mhz-ddr4-desktop-ram,RAM-TEAM-T-FORCE-DELTA-TUF-GAMING-R-16-3,https://www.startech.com.bd/team-t-force-delta-tuf-gaming-rgb-16gb-3200mhz-ddr4-ram,,,REVIEW,
201,OCPC PISTA 16GB 6000MHz DDR5 RGB Desktop RAM,ocpc,ocpc-pista-16gb-6000mhz-ddr5-rgb-desktop-ram,RAM-OCPC-PISTA-16-6000-R,https://www.startech.com.bd/ocpc-pista-16gb-6000mhz-ddr5-rgb-desktop-ram,,,REVIEW,
202,Corsair VENGEANCE 16GB DDR5 6000MHz CL30 Desktop RAM,corsair,corsair-vengeance-16gb-ddr5-6000mhz-cl30-desktop-ram,RAM-CORSAIR-VENGEANCE-16-6000-CL30,https://www.startech.com.bd/corsair-vengeance-16gb-ddr5-6000mhz-cl30-desktop-ram,,,REVIEW,
203,Team T-Force Vulcan Z 8GB DDR4 3200MHz CL16 Gaming RAM,team,team-t-force-vulcan-z-8gb-ddr4-3200mhz-cl16-gaming-ram,RAM-TEAM-T-FORCE-VULCAN-Z-8-3200-CL16-GA,https://www.startech.com.bd/team-t-force-vulcan-z-8gb-ddr4-3200mhz-cl16-ram,,,REVIEW,
204,G.Skill Trident Z 8GB DDR4 3200MHz Desktop RAM White,g-skill,g-skill-trident-z-8gb-ddr4-3200mhz-desktop-ram-white,RAM-GSKILL-G-SKILL-TRIDENT-Z-8-3200-WHITE,https://www.startech.com.bd/g-skill-trident-z-8gb-ddr4-3200mhz-ram-white,8700,,REVIEW,
205,Corsair VENGEANCE 16GB DDR5 6400MHz Desktop RAM,corsair,corsair-vengeance-16gb-ddr5-6400mhz-desktop-ram,RAM-CORSAIR-VENGEANCE-16-6400,https://www.startech.com.bd/corsair-vengeance-16gb-ddr5-6400mhz-ram,,,REVIEW,
206,Colorful Battle-AX Redline 16GB DDR5 6000MHz Desktop RAM,colorful,colorful-battle-ax-redline-16gb-ddr5-6000mhz-desktop-ram,RAM-COLORFUL-BATTLE-AX-REDLINE-16-6000,https://www.startech.com.bd/colorful-battle-ax-redline-16gb-ddr5-6000mhz-desktop-ram,,,REVIEW,
207,Colorful CVN 16GB 6000MHz DDR5 Desktop RAM,colorful,colorful-cvn-16gb-6000mhz-ddr5-desktop-ram,RAM-COLORFUL-CVN-16-6000,https://www.startech.com.bd/colorful-cvn-16gb-6000mhz-ddr5-desktop-ram,,,REVIEW,
208,Team T-FORCE DELTA RGB 16GB DDR5 6000MHz CL38 Desktop RAM,team,team-t-force-delta-rgb-16gb-ddr5-6000mhz-cl38-desktop-ram,RAM-TEAM-T-FORCE-DELTA-R-16-6000-CL38,https://www.startech.com.bd/team-t-force-delta-rgb-16gb-ddr5-ram,,,REVIEW,
209,TEAM DELTA TUF Gaming Alliance RGB 16GB 6000MHz DDR5 Desktop RAM,team,team-delta-tuf-gaming-alliance-rgb-16gb-6000mhz-ddr5-desktop-ram,RAM-TEAM-DELTA-TUF-GAMING-ALLIANCE-R-16-,https://www.startech.com.bd/team-delta-tuf-gaming-alliance-rgb-16gb-ddr5-ram,,,REVIEW,
210,Corsair VENGEANCE RGB 16GB DDR5 6000MHz CL36 Desktop RAM White,corsair,corsair-vengeance-rgb-16gb-ddr5-6000mhz-cl36-desktop-ram-white,RAM-CORSAIR-VENGEANCE-R-16-6000-CL36-WHI,https://www.startech.com.bd/corsair-vengeance-rgb-16gb-ddr5-ram-white,,,REVIEW,
211,Kingston FURY Beast 16GB 6000MHz DDR5 RGB Desktop RAM,kingston,kingston-fury-beast-16gb-6000mhz-ddr5-rgb-desktop-ram,RAM-KINGSTON-FURY-BEAST-16-6000-R,https://www.startech.com.bd/kingston-fury-beast-16gb-6000mhz-ddr5-rgb-ram,,,REVIEW,
212,Corsair VENGEANCE RGB 16GB DDR5 5600MHz RAM,corsair,corsair-vengeance-rgb-16gb-ddr5-5600mhz-ram,RAM-CORSAIR-VENGEANCE-R-16-5600,https://www.startech.com.bd/corsair-vengeance-rgb-16gb-ddr5-5600mhz-ram,,,REVIEW,
213,Kingston FURY Beast RGB 16GB 6000Mhz DDR5 Desktop RAM,kingston,kingston-fury-beast-rgb-16gb-6000mhz-ddr5-desktop-ram,RAM-KINGSTON-FURY-BEAST-R-16-6000,https://www.startech.com.bd/kingston-fury-beast-rgb-16gb-6000mhz-ddr5-ram,,,REVIEW,
214,Team Delta RGB 16GB DDR4 3200MHz Desktop RAM,team,team-delta-rgb-16gb-ddr4-3200mhz-desktop-ram,RAM-TEAM-DELTA-R-16-3200,https://www.startech.com.bd/team-delta-rgb-16-gb-ram,,,REVIEW,
215,G.Skill Trident Z5 16GB DDR5 5600MHz CL30 Desktop RAM,g-skill,g-skill-trident-z5-16gb-ddr5-5600mhz-cl30-desktop-ram,RAM-GSKILL-G-SKILL-TRIDENT-Z5-16-5600-CL30,https://www.startech.com.bd/g.skill-trident-z5-16gb-ddr5-5600mhz-cl30-ram,,,REVIEW,
216,Corsair VENGEANCE 16GB DDR5 6600MHz Desktop RAM,corsair,corsair-vengeance-16gb-ddr5-6600mhz-desktop-ram,RAM-CORSAIR-VENGEANCE-16-6600,https://www.startech.com.bd/corsair-vengeance-16gb-ddr5-6600mhz-ram,,,REVIEW,
217,Colorful Battle-AX DDR4 8GB 3200MHz Desktop RAM,colorful,colorful-battle-ax-ddr4-8gb-3200mhz-desktop-ram,RAM-COLORFUL-BATTLE-AX-8-3200,https://www.startech.com.bd/colorful-battle-ax-ddr4-8gb-ram,,,REVIEW,
218,Corsair VENGEANCE RGB 16GB DDR5 6000MHz RAM White,corsair,corsair-vengeance-rgb-16gb-ddr5-6000mhz-ram-white,RAM-CORSAIR-VENGEANCE-R-16-6000-WHITE,https://www.startech.com.bd/corsair-vengeance-rgb-16gb-ddr5-6000mhz-ram-white,,,REVIEW,
219,Corsair VENGEANCE 16GB DDR5 7200MHz Desktop RAM,corsair,corsair-vengeance-16gb-ddr5-7200mhz-desktop-ram,RAM-CORSAIR-VENGEANCE-16-7200,https://www.startech.com.bd/corsair-vengeance-16gb-ddr5-7200mhz-desktop-ram,,,REVIEW,
220,Corsair VENGEANCE 16GB DDR5 5600MHz CL40 Desktop RAM,corsair,corsair-vengeance-16gb-ddr5-5600mhz-cl40-desktop-ram,RAM-CORSAIR-VENGEANCE-16-5600-CL40,https://www.startech.com.bd/corsair-vengeance-16gb-ddr5-5600mhz-cl40-ram,,,REVIEW,
221,Corsair VENGEANCE 16GB DDR5 6800MHz Desktop RAM,corsair,corsair-vengeance-16gb-ddr5-6800mhz-desktop-ram,RAM-CORSAIR-VENGEANCE-16-6800,https://www.startech.com.bd/corsair-vengeance-16gb-ddr5-6800mhz-ram,,,REVIEW,
222,G.Skill Trident Z RGB 8GB DDR4 3200MHz Gaming Desktop RAM,g-skill,g-skill-trident-z-rgb-8gb-ddr4-3200mhz-gaming-desktop-ram,RAM-GSKILL-G-SKILL-TRIDENT-Z-R-8-3200-GAMING,https://www.startech.com.bd/g-skill-trident-z-rgb-8gb-ram,9000,,REVIEW,
223,G.Skill Trident Z5 RGB 16GB 5600MHz DDR5 CL36 Desktop RAM Black,g-skill,g-skill-trident-z5-rgb-16gb-5600mhz-ddr5-cl36-desktop-ram-black,RAM-GSKILL-G-SKILL-TRIDENT-Z5-R-16-5600-CL36-BL,https://www.startech.com.bd/g-skill-trident-z5-rgb-16gb-5600mhz-ddr5-desktop-ram-black,,,REVIEW,
224,Kingston FURY Beast 16GB 5600MHz DDR5 RGB Desktop RAM,kingston,kingston-fury-beast-16gb-5600mhz-ddr5-rgb-desktop-ram,RAM-KINGSTON-FURY-BEAST-16-5600-R,https://www.startech.com.bd/kingston-fury-beast-16gb-5600mhz-ddr5-rgb-ram,,,REVIEW,
225,Kingston FURY Renegade 16GB DDR5 6000MHz RGB Desktop RAM,kingston,kingston-fury-renegade-16gb-ddr5-6000mhz-rgb-desktop-ram,RAM-KINGSTON-FURY-RENEGADE-16-6000-R,https://www.startech.com.bd/kingston-fury-renegade-16gb-ddr5-6000mhz-ram,,,REVIEW,
226,TEAM Delta RGB 16GB DDR5 6200MHz Gaming Desktop RAM White,team,team-delta-rgb-16gb-ddr5-6200mhz-gaming-desktop-ram-white,RAM-TEAM-DELTA-R-16-6200-GAMING-WHITE,https://www.startech.com.bd/team-delta-rgb-16gb-ddr5-6200mhz-ram-white,,,REVIEW,
227,TEAM DELTA TUF Gaming Alliance RGB 16GB 6400MHz DDR5 Desktop RAM,team,team-delta-tuf-gaming-alliance-rgb-16gb-6400mhz-ddr5-desktop-ram,RAM-TEAM-DELTA-TUF-GAMING-ALLIANCE-R-16-,https://www.startech.com.bd/team-delta-tuf-gaming-alliance-rgb-16gb-6400mhz-ddr5-desktop-ram,,,REVIEW,
228,TEAM Delta RGB 16GB DDR5 6400MHz Gaming Desktop RAM,team,team-delta-rgb-16gb-ddr5-6400mhz-gaming-desktop-ram,RAM-TEAM-DELTA-R-16-6400-GAMING,https://www.startech.com.bd/team-delta-rgb-16gb-ddr5-6400mhz-ram,,,REVIEW,
229,TEAM XTREEM ARGB 16GB 6000MHz DDR5 CL30 Desktop RAM White,team,team-xtreem-argb-16gb-6000mhz-ddr5-cl30-desktop-ram-white,RAM-TEAM-XTREEM-AR-16-6000-CL30-WHITE,https://www.startech.com.bd/team-xtreem-argb-16gb-6000mhz-ddr5-ram-white,,,REVIEW,
230,G.Skill Trident Z NEO RGB 8GB 3600MHz Gaming Desktop RAM,g-skill,g-skill-trident-z-neo-rgb-8gb-3600mhz-gaming-desktop-ram,RAM-GSKILL-G-SKILL-TRIDENT-Z-NEO-R-8-3600-GAMIN,https://www.startech.com.bd/g-skill-trident-z-neo-rgb-8gb-desktop-ram,,,REVIEW,
231,Team T-Force Delta 8GB 3200MHz DDR4 RGB White Desktop Gaming RAM,team,team-t-force-delta-8gb-3200mhz-ddr4-rgb-white-desktop-gaming-ram,RAM-TEAM-T-FORCE-DELTA-8-3200-R-WHITE-GA,https://www.startech.com.bd/team-delta-rgb-8gb-3200mhz-ram,,,REVIEW,
232,Corsair VENGEANCE RGB 16GB DDR5 6200MHz RAM,corsair,corsair-vengeance-rgb-16gb-ddr5-6200mhz-ram,RAM-CORSAIR-VENGEANCE-R-16-6200,https://www.startech.com.bd/corsair-vengeance-rgb-16gb-ddr5-6200mhz-ram,,,REVIEW,
233,Kingston FURY Renegade White 16GB DDR5 6000MHz RGB Desktop RAM,kingston,kingston-fury-renegade-white-16gb-ddr5-6000mhz-rgb-desktop-ram,RAM-KINGSTON-FURY-RENEGADE-WHITE-16-6000,https://www.startech.com.bd/kingston-fury-renegade-white-16gb-ddr5-6000mhz-ram,,,REVIEW,
234,Corsair VENGEANCE RGB 16GB DDR5 6000MHz CL28 Desktop RAM,corsair,corsair-vengeance-rgb-16gb-ddr5-6000mhz-cl28-desktop-ram,RAM-CORSAIR-VENGEANCE-R-16-6000-CL28,https://www.startech.com.bd/corsair-vengeance-rgb-16gb-ddr5-6000mhz-cl28-ram,,,REVIEW,
235,Colorful CVN Icicle 16GB DDR5 6600MHz Desktop RAM,colorful,colorful-cvn-icicle-16gb-ddr5-6600mhz-desktop-ram,RAM-COLORFUL-CVN-ICICLE-16-6600,https://www.startech.com.bd/colorful-cvn-icicle-16gb-ddr5-6600mhz-desktop-ram,,,REVIEW,
236,TEAM NIGHT HAWK UD 16GB 3200MHz RGB DDR4 Desktop RAM,team,team-night-hawk-ud-16gb-3200mhz-rgb-ddr4-desktop-ram,RAM-TEAM-NIGHT-HAWK-UD-16-3200-R,https://www.startech.com.bd/team-night-hawk-ud-16gb-rgb-desktop-ram,,,REVIEW,
237,Corsair VENGEANCE RGB PRO SL 16GB (2x8GB) DDR4 3200MHz C16 RAM Kit,corsair,corsair-vengeance-rgb-pro-sl-16gb-2x8gb-ddr4-3200mhz-c16-ram-kit,RAM-CORSAIR-VENGEANCE-R-PRO-SL-16-2X8-32,https://www.startech.com.bd/corsair-rgb-pro-sl-16gb-ddr4-3200mhz-ram-kit,,,REVIEW,
238,Corsair DOMINATOR PLATINUM RGB 16GB DDR5 6000MHz RAM,corsair,corsair-dominator-platinum-rgb-16gb-ddr5-6000mhz-ram,RAM-CORSAIR-DOMINATOR-PLATINUM-R-16-6000,https://www.startech.com.bd/corsair-dominator-platinum-rgb-16gb-ddr5-6000mhz-ram,,,REVIEW,
239,Corsair VENGEANCE 16GB DDR5 6000MHz RAM White,corsair,corsair-vengeance-16gb-ddr5-6000mhz-ram-white,RAM-CORSAIR-VENGEANCE-16-6000-WHITE,https://www.startech.com.bd/corsair-vengeance-16gb-ddr5-6000mhz-ram-white,,,REVIEW,
240,Lexar ARES 16GB DDR5 4800Mhz Desktop RAM,lexar,lexar-ares-16gb-ddr5-4800mhz-desktop-ram,RAM-LEXAR-ARES-16-4800,https://www.startech.com.bd/lexar-ares-16gb-ddr5-4800mhz-desktop-ram,,,REVIEW,
241,Kingston FURY Beast 16GB 3200MHz DDR4 CL16 Desktop RAM,kingston,kingston-fury-beast-16gb-3200mhz-ddr4-cl16-desktop-ram,RAM-KINGSTON-FURY-BEAST-16-3200-CL16,https://www.startech.com.bd/kingston-fury-beast-16gb-3200mhz-ddr4-cl16-ram,,,REVIEW,
242,Colorful Battle-AX DDR4 8GB 3200MHz Desktop RAM White,colorful,colorful-battle-ax-ddr4-8gb-3200mhz-desktop-ram-white,RAM-COLORFUL-BATTLE-AX-8-3200-WHITE,https://www.startech.com.bd/colorful-battle-ax-ddr4-8gb-ram-white,,,REVIEW,
243,Corsair VENGEANCE 16GB DDR5 6000MHz CL36 RAM White,corsair,corsair-vengeance-16gb-ddr5-6000mhz-cl36-ram-white,RAM-CORSAIR-VENGEANCE-16-6000-CL36-WHITE,https://www.startech.com.bd/corsair-vengeance-16gb-ddr5-6000mhz-ram-desktop-white,,,REVIEW,
244,Corsair VENGEANCE RGB 16GB DDR5 6400MHz RAM,corsair,corsair-vengeance-rgb-16gb-ddr5-6400mhz-ram,RAM-CORSAIR-VENGEANCE-R-16-6400,https://www.startech.com.bd/corsair-vengeance-rgb-16gb-ddr5-6400mhz-ram,,,REVIEW,
245,G.Skill Trident Z Royal 8GB DDR4 3200MHz Silver Heatsink Desktop RAM,g-skill,g-skill-trident-z-royal-8gb-ddr4-3200mhz-silver-heatsink-desktop-ram,RAM-GSKILL-G-SKILL-TRIDENT-Z-ROYAL-8-3200-SILVE,https://www.startech.com.bd/g-skill-trident-z-royal-8gb-desktop-ram,,,REVIEW,
246,Corsair VENGEANCE RGB 16GB DDR5 6600MHz RAM,corsair,corsair-vengeance-rgb-16gb-ddr5-6600mhz-ram,RAM-CORSAIR-VENGEANCE-R-16-6600,https://www.startech.com.bd/corsair-vengeance-rgb-16gb-ddr5-6600mhz-ram,,,REVIEW,
247,Corsair VENGEANCE RGB 16GB DDR5 6800MHz RAM,corsair,corsair-vengeance-rgb-16gb-ddr5-6800mhz-ram,RAM-CORSAIR-VENGEANCE-R-16-6800,https://www.startech.com.bd/corsair-vengeance-rgb-16gb-ddr5-6800mhz-ram,,,REVIEW,
248,Corsair VENGEANCE RGB 16GB DDR5 6000MHz CL30 Desktop RAM,corsair,corsair-vengeance-rgb-16gb-ddr5-6000mhz-cl30-desktop-ram,RAM-CORSAIR-VENGEANCE-R-16-6000-CL30,https://www.startech.com.bd/corsair-vengeance-rgb-16gb-ddr5-6000mhz-cl30-ram,,,REVIEW,
249,Corsair VENGEANCE 16GB DDR5 6200MHz Desktop RAM,corsair,corsair-vengeance-16gb-ddr5-6200mhz-desktop-ram,RAM-CORSAIR-VENGEANCE-16-6200,https://www.startech.com.bd/corsair-vengeance-16gb-ddr5-6200mhz-ram,,,REVIEW,
250,Team Delta RGB 8GB DDR4 3200MHz Desktop RAM,team,team-delta-rgb-8gb-ddr4-3200mhz-desktop-ram,RAM-TEAM-DELTA-R-8-3200,https://www.startech.com.bd/team-delta-rgb-8gb-ram,,,REVIEW,
251,Kingston FURY Beast RGB 8GB 3200MHz DDR4 Desktop RAM,kingston,kingston-fury-beast-rgb-8gb-3200mhz-ddr4-desktop-ram,RAM-KINGSTON-FURY-BEAST-R-8-3200,https://www.startech.com.bd/kingston-fury-beast-rgb-8gb-ddr4-desktop-ram,,,REVIEW,
252,TEAM T-FORCE DELTA RGB WHITE 8GB 3200MHz DDR4 Desktop Gaming RAM,team,team-t-force-delta-rgb-white-8gb-3200mhz-ddr4-desktop-gaming-ram,RAM-TEAM-T-FORCE-DELTA-R-WHITE-8-3200-GA,https://www.startech.com.bd/team-t-force-delta-rgb-white-8gb-3200mhz-ddr4-ram,,,REVIEW,
253,Team T-CREATE CLASSIC 8GB DDR4 3200MHz Desktop RAM,team,team-t-create-classic-8gb-ddr4-3200mhz-desktop-ram,RAM-TEAM-T-CREATE-CLASSIC-8-3200,https://www.startech.com.bd/team-t-create-classic-8gb-ddr4-3200mhz-desktop-ram,,,REVIEW,
254,AITC Kingsman Innovator 8GB DDR4 3200MHz Gaming Desktop RAM,aitc,aitc-kingsman-innovator-8gb-ddr4-3200mhz-gaming-desktop-ram,RAM-AITC-KINGSMAN-INNOVATOR-8-3200-GAMIN,https://www.startech.com.bd/aitc-kingsman-innovator-8gb-ddr4-ram,,,REVIEW,
255,TEAM Delta RGB 16GB DDR5 6400MHz Gaming Desktop RAM White,team,team-delta-rgb-16gb-ddr5-6400mhz-gaming-desktop-ram-white,RAM-TEAM-DELTA-R-16-6400-GAMING-WHITE,https://www.startech.com.bd/team-delta-rgb-16gb-ddr5-6400mhz-ram-white,,,REVIEW,
256,Kingston FURY Renegade 16GB DDR5 6800MHz RGB Desktop RAM Kit,kingston,kingston-fury-renegade-16gb-ddr5-6800mhz-rgb-desktop-ram-kit,RAM-KINGSTON-FURY-RENEGADE-16-6800-R-KIT,https://www.startech.com.bd/kingston-fury-renegade-16gb-ddr5-6800mhz-rgb-ram,,,REVIEW,
257,Kingston FURY Renegade 16GB DDR5 6800MHz Desktop RAM,kingston,kingston-fury-renegade-16gb-ddr5-6800mhz-desktop-ram,RAM-KINGSTON-FURY-RENEGADE-16-6800,https://www.startech.com.bd/kingston-fury-renegade-16gb-ddr5-6800mhz-desktop-ram,,,REVIEW,
258,Lexar THOR 8GB DDR4 3200Mhz Desktop RAM,lexar,lexar-thor-8gb-ddr4-3200mhz-desktop-ram,RAM-LEXAR-THOR-8-3200,https://www.startech.com.bd/lexar-thor-8gb-ddr4-3200mhz-desktop-ram,,,REVIEW,
259,AITC Kingsman RGB 16GB DDR4 3600MHz Gaming Desktop RAM,aitc,aitc-kingsman-rgb-16gb-ddr4-3600mhz-gaming-desktop-ram,RAM-AITC-KINGSMAN-R-16-3600-GAMING,https://www.startech.com.bd/aitc-kingsman-rgb-16gb-ddr4-3600mhz-ram,,,REVIEW,
260,TEAM T-FORCE DELTA RGB 16GB 6400MHz DDR5 Gaming RAM,team,team-t-force-delta-rgb-16gb-6400mhz-ddr5-gaming-ram,RAM-TEAM-T-FORCE-DELTA-R-16-6400-GAMING,https://www.startech.com.bd/team-t-force-delta-rgb-16gb-6400mhz-ddr5-ram,,,REVIEW,
261,G.Skill Trident Z5 RGB 16GB DDR5 5200MHz Desktop RAM,g-skill,g-skill-trident-z5-rgb-16gb-ddr5-5200mhz-desktop-ram,RAM-GSKILL-G-SKILL-TRIDENT-Z5-R-16-5200,https://www.startech.com.bd/g-skill-trident-z5-rgb-16gb-ddr5-5200mhz-desktop-ram,,,REVIEW,
262,TwinMOS VOLTX RGB 16GB DDR5 6000MHz Desktop RAM,twinmos,twinmos-voltx-rgb-16gb-ddr5-6000mhz-desktop-ram,RAM-TWINMOS-VOLTX-R-16-6000,https://www.startech.com.bd/twinmos-voltx-rgb-16gb-ram,,,REVIEW,
263,Lexar ARES 16GB DDR5 5200Mhz OC Desktop Gaming RAM,lexar,lexar-ares-16gb-ddr5-5200mhz-oc-desktop-gaming-ram,RAM-LEXAR-ARES-16-5200-OC-GAMING,https://www.startech.com.bd/lexar-ares-16gb-ddr5-5200mhz-oc-desktop-ram,,,REVIEW,
264,Corsair VENGEANCE RGB 16GB DDR5 7200MHz Desktop RAM,corsair,corsair-vengeance-rgb-16gb-ddr5-7200mhz-desktop-ram,RAM-CORSAIR-VENGEANCE-R-16-7200,https://www.startech.com.bd/corsair-vengeance-rgb-16gb-ddr5-7200mhz-desktop-ram,,,REVIEW,
265,Corsair DOMINATOR PLATINUM RGB 16GB DDR5 6200MHz RAM White,corsair,corsair-dominator-platinum-rgb-16gb-ddr5-6200mhz-ram-white,RAM-CORSAIR-DOMINATOR-PLATINUM-R-16-6200,https://www.startech.com.bd/corsair-dominator-platinum-rgb-16gb-ddr5-6200mhz-ram-white,,,REVIEW,
266,Corsair VENGEANCE 32GB DDR5 5200MHz C40 RAM,corsair,corsair-vengeance-32gb-ddr5-5200mhz-c40-ram,RAM-CORSAIR-VENGEANCE-32-5200-C40,https://www.startech.com.bd/corsair-vengeance-32gb-ddr5-5200mhz-ram,,,REVIEW,
267,TEAM T-Force VULCAN 8GB DDR5 5600MHz Desktop RAM,team,team-t-force-vulcan-8gb-ddr5-5600mhz-desktop-ram,RAM-TEAM-T-FORCE-VULCAN-8-5600,https://www.startech.com.bd/team-t-force-vulcan-8gb-ddr5-5600mhz-ram,,,REVIEW,
268,Team T-Force Vulcan Z 16GB 3200MHz DDR4 Desktop RAM,team,team-t-force-vulcan-z-16gb-3200mhz-ddr4-desktop-ram,RAM-TEAM-T-FORCE-VULCAN-Z-16-3200,https://www.startech.com.bd/team-t-force-vulcan-z-16gb-3200mhz-ddr4-desktop-ram,,,REVIEW,
269,Corsair DOMINATOR TITANIUM RGB 16GB DDR5 6000MHz Desktop RAM,corsair,corsair-dominator-titanium-rgb-16gb-ddr5-6000mhz-desktop-ram,RAM-CORSAIR-DOMINATOR-TITANIUM-R-16-6000,https://www.startech.com.bd/corsair-dominator-titanium-rgb-16gb-ddr5-6000mhz-ram,,,REVIEW,
270,TEAM Delta RGB 16GB DDR5 6200MHz Gaming Desktop RAM,team,team-delta-rgb-16gb-ddr5-6200mhz-gaming-desktop-ram,RAM-TEAM-DELTA-R-16-6200-GAMING,https://www.startech.com.bd/team-delta-rgb-16gb-ddr5-6200mhz-ram,,,REVIEW,
271,Corsair DOMINATOR PLATINUM RGB 16GB DDR5 5600MHz C36 RAM,corsair,corsair-dominator-platinum-rgb-16gb-ddr5-5600mhz-c36-ram,RAM-CORSAIR-DOMINATOR-PLATINUM-R-16-5600,https://www.startech.com.bd/corsair-dominator-platinum-rgb-16gb-ddr5-5600mhz-c36-ram,,,REVIEW,
272,Kingston FURY Renegade 16GB DDR5 7200Mhz RGB Desktop RAM,kingston,kingston-fury-renegade-16gb-ddr5-7200mhz-rgb-desktop-ram,RAM-KINGSTON-FURY-RENEGADE-16-7200-R,https://www.startech.com.bd/kingston-fury-renegade-16gb-7200mhz-rgb-ram,,,REVIEW,
273,TEAM VULCAN RED 8GB DDR5 6000MHz Gaming Desktop RAM,team,team-vulcan-red-8gb-ddr5-6000mhz-gaming-desktop-ram,RAM-TEAM-VULCAN-RED-8-6000-GAMING,https://www.startech.com.bd/team-vulcan-red-8gb-ddr5-6000mhz-ram,,,REVIEW,
274,KingBank KJXB 16GB DDR4 3200MHz Desktop RAM,kingbank,kingbank-kjxb-16gb-ddr4-3200mhz-desktop-ram,RAM-KINGBANK-KJXB-16-3200,https://www.startech.com.bd/kingbank-kjxb-16gb-ddr4-ram,,,REVIEW,
275,G.Skill Ripjaws V 16GB DDR4 2666MHz Desktop RAM,g-skill,g-skill-ripjaws-v-16gb-ddr4-2666mhz-desktop-ram,RAM-GSKILL-G-SKILL-RIPJAWS-V-16-2666,https://www.startech.com.bd/g-skill-ripjaws-v-16gb-ddr4-2666mhz-desktop-ram,,,REVIEW,
276,Corsair DOMINATOR PLATINUM RGB 16GB DDR5 5600MHz RAM,corsair,corsair-dominator-platinum-rgb-16gb-ddr5-5600mhz-ram,RAM-CORSAIR-DOMINATOR-PLATINUM-R-16-5600,https://www.startech.com.bd/corsair-dominator-platinum-rgb-16gb-ddr5-5600mhz-ram,,,REVIEW,
277,Lexar THOR RGB 16GB DDR5 6000MHz CL32 Desktop RAM,lexar,lexar-thor-rgb-16gb-ddr5-6000mhz-cl32-desktop-ram,RAM-LEXAR-THOR-R-16-6000-CL32,https://www.startech.com.bd/lexar-thor-rgb-16gb-ddr5-ram,,,REVIEW,
278,Kingston FURY Beast 32GB DDR5 6000MHz RGB Desktop RAM,kingston,kingston-fury-beast-32gb-ddr5-6000mhz-rgb-desktop-ram,RAM-KINGSTON-FURY-BEAST-32-6000-R,https://www.startech.com.bd/kingston-fury-beast-32gb-ddr5-6000mhz-ram,,,REVIEW,
279,G.Skill Ripjaws V 16GB DDR4 3600Mhz Desktop RAM,g-skill,g-skill-ripjaws-v-16gb-ddr4-3600mhz-desktop-ram,RAM-GSKILL-G-SKILL-RIPJAWS-V-16-3600,https://www.startech.com.bd/g-skill-ripjaws-v-16gb-ddr4-ram,,,REVIEW,
280,G.Skill Trident Z5 RGB 16GB DDR5 6600MHz Desktop RAM,g-skill,g-skill-trident-z5-rgb-16gb-ddr5-6600mhz-desktop-ram,RAM-GSKILL-G-SKILL-TRIDENT-Z5-R-16-6600,https://www.startech.com.bd/g-skill-trident-z5-rgb-16gb-ddr5-6600mhz-desktop-ram,,,REVIEW,
281,G.Skill Trident Z 16GB DDR4 3200MHz Heatsink Desktop RAM,g-skill,g-skill-trident-z-16gb-ddr4-3200mhz-heatsink-desktop-ram,RAM-GSKILL-G-SKILL-TRIDENT-Z-16-3200-HEATSINK,https://www.startech.com.bd/g-skill-trident-z-16gb-heatsink-desktop-ram,16700,,REVIEW,
282,G.Skill Trident Z NEO RGB 16GB DDR4 3600MHz Gaming Desktop RAM,g-skill,g-skill-trident-z-neo-rgb-16gb-ddr4-3600mhz-gaming-desktop-ram,RAM-GSKILL-G-SKILL-TRIDENT-Z-NEO-R-16-3600-GAMI,https://www.startech.com.bd/g-skill-trident-z-neo-rgb-16gb-gaming-desktop-ram,,,REVIEW,
283,TEAM VULCAN Black 32GB (16x2) DDR5 5600MHz Gaming Desktop RAM,team,team-vulcan-black-32gb-16x2-ddr5-5600mhz-gaming-desktop-ram,RAM-TEAM-VULCAN-BLACK-32-16X2-5600-GAMIN,https://www.startech.com.bd/team-vulcan-black-16gb-kit-ddr5-5600mhz-ram,,,REVIEW,
284,TEAM Delta RGB White 32GB (16x2) DDR5 5200MHz Gaming Desktop RAM,team,team-delta-rgb-white-32gb-16x2-ddr5-5200mhz-gaming-desktop-ram,RAM-TEAM-DELTA-R-WHITE-32-16X2-5200-GAMI,https://www.startech.com.bd/team-delta-rgb-white-16gb-kit-ddr5-5200mhz-ram,,,REVIEW,
285,Corsair DOMINATOR PLATINUM RGB 16GB DDR5 7200MHz Desktop RAM,corsair,corsair-dominator-platinum-rgb-16gb-ddr5-7200mhz-desktop-ram,RAM-CORSAIR-DOMINATOR-PLATINUM-R-16-7200,https://www.startech.com.bd/corsair-dominator-platinum-rgb-16gb-ddr5-7200mhz-ram,,,REVIEW,
286,TEAM T-FORCE DELTA RGB 32GB DDR5 6000MHz Gaming Desktop RAM,team,team-t-force-delta-rgb-32gb-ddr5-6000mhz-gaming-desktop-ram,RAM-TEAM-T-FORCE-DELTA-R-32-6000-GAMING,https://www.startech.com.bd/team-t-force-delta-rgb-32gb-ddr5-ram,,,REVIEW,
287,G.Skill Trident Z5 RGB 16GB DDR5 5600MHz Desktop RAM Black,g-skill,g-skill-trident-z5-rgb-16gb-ddr5-5600mhz-desktop-ram-black,RAM-GSKILL-G-SKILL-TRIDENT-Z5-R-16-5600-BLACK,https://www.startech.com.bd/g-skill-trident-z5-rgb-16gb-ddr5-5600mhz-ram-black,,,REVIEW,
288,Corsair VENGEANCE LPX 32GB (2 x 16GB) DDR4 3600MHz C18 RAM Kit Black,corsair,corsair-vengeance-lpx-32gb-2-x-16gb-ddr4-3600mhz-c18-ram-kit-black,RAM-CORSAIR-VENGEANCE-LPX-32-2-X-16-3600,https://www.startech.com.bd/corsair-vengeance-lpx-32gb-3600mhz-ram-kit-black,,,REVIEW,
289,TEAM T-FORCE DELTA RGB 32GB DDR5 6000MHz Gaming Desktop RAM White,team,team-t-force-delta-rgb-32gb-ddr5-6000mhz-gaming-desktop-ram-white,RAM-TEAM-T-FORCE-DELTA-R-32-6000-GAMING-,https://www.startech.com.bd/team-t-force-delta-rgb-32gb-ddr5-ram-white,,,REVIEW,
290,Corsair VENGEANCE RGB 32GB DDR5 6000MHz Desktop RAM White,corsair,corsair-vengeance-rgb-32gb-ddr5-6000mhz-desktop-ram-white,RAM-CORSAIR-VENGEANCE-R-32-6000-WHITE,https://www.startech.com.bd/corsair-vengeance-rgb-32gb-ddr5-6000mhz-ram-white,,,REVIEW,
291,TEAM VULCAN RED 8GB DDR5 5200MHz Gaming Desktop RAM,team,team-vulcan-red-8gb-ddr5-5200mhz-gaming-desktop-ram,RAM-TEAM-VULCAN-RED-8-5200-GAMING,https://www.startech.com.bd/team-vulcan-red-8gb-ddr5-5200mhz-ram,,,REVIEW,
292,TEAM VULCAN Black 8GB DDR5 5200MHz Gaming Desktop RAM,team,team-vulcan-black-8gb-ddr5-5200mhz-gaming-desktop-ram,RAM-TEAM-VULCAN-BLACK-8-5200-GAMING,https://www.startech.com.bd/team-vulcan-black-8gb-ddr5-5200mhz-ram,,,REVIEW,
293,Lexar ARES 32GB (16x2) 5600Mhz DDR5 RGB Gaming Desktop Ram,lexar,lexar-ares-32gb-16x2-5600mhz-ddr5-rgb-gaming-desktop-ram,RAM-LEXAR-ARES-32-16X2-5600-R-GAMING,https://www.startech.com.bd/lexar-ares-32gb-rgb-gaming-desktop-ram,,,REVIEW,
294,TEAM Delta RGB 8GB DDR5 5200MHz Gaming Desktop RAM,team,team-delta-rgb-8gb-ddr5-5200mhz-gaming-desktop-ram,RAM-TEAM-DELTA-R-8-5200-GAMING,https://www.startech.com.bd/team-delta-rgb-8gb-ddr5-5200mhz-ram,,,REVIEW,
295,OSCOO M200 Warrior 16GB DDR4 3200MHz Desktop RAM,oscoo,oscoo-m200-warrior-16gb-ddr4-3200mhz-desktop-ram,RAM-OSCOO-M200-WARRIOR-16-3200,https://www.startech.com.bd/oscoo-m200-warrior-16gb-ddr4-ram,,,REVIEW,
296,OCPC XT II DDR5 4800MHz 8GB Desktop RAM,ocpc,ocpc-xt-ii-ddr5-4800mhz-8gb-desktop-ram,RAM-OCPC-XT-II-4800-8,https://www.startech.com.bd/ocpc-xt-ii-ddr5-8gb-ram,,,REVIEW,
297,TEAM Delta RGB 32GB (16x2) DDR5 5600MHz Gaming Desktop RAM,team,team-delta-rgb-32gb-16x2-ddr5-5600mhz-gaming-desktop-ram,RAM-TEAM-DELTA-R-32-16X2-5600-GAMING,https://www.startech.com.bd/team-delta-rgb-16gb-kit-ddr5-5600mhz-ram,,,REVIEW,
298,TEAM Delta RGB 32GB (16x2) DDR5 5200MHz Gaming Desktop RAM,team,team-delta-rgb-32gb-16x2-ddr5-5200mhz-gaming-desktop-ram,RAM-TEAM-DELTA-R-32-16X2-5200-GAMING,https://www.startech.com.bd/team-delta-rgb-16gb-kit-ddr5-5200mhz-ram,,,REVIEW,
299,TEAM VULCAN 8GB DDR5 6000MHz Desktop RAM,team,team-vulcan-8gb-ddr5-6000mhz-desktop-ram,RAM-TEAM-VULCAN-8-6000,https://www.startech.com.bd/team-vulcan-8gb-ddr5-6000mhz-ram,,,REVIEW,
300,Team T-Force VULCAN RED 8GB DDR5 5600MHz Desktop RAM,team,team-t-force-vulcan-red-8gb-ddr5-5600mhz-desktop-ram,RAM-TEAM-T-FORCE-VULCAN-RED-8-5600,https://www.startech.com.bd/team-t-force-vulcan-red-8gb-ddr5-5600mhz-ram,,,REVIEW,
301,AITC Kingsman RGB 16GB DDR4 3200MHz Gaming Desktop RAM,aitc,aitc-kingsman-rgb-16gb-ddr4-3200mhz-gaming-desktop-ram,RAM-AITC-KINGSMAN-R-16-3200-GAMING,https://www.startech.com.bd/aitc-kingsman-rgb-16gb-ddr4-ram,,,REVIEW,
302,TEAM T-FORCE DELTA RGB 8GB 6000MHz DDR5 Gaming RAM,team,team-t-force-delta-rgb-8gb-6000mhz-ddr5-gaming-ram,RAM-TEAM-T-FORCE-DELTA-R-8-6000-GAMING,https://www.startech.com.bd/team-t-force-delta-rgb-8gb-6000mhz-desktop-ram,,,REVIEW,
303,TEAM T-FORCE DELTA RGB 16GB 8000MHz DDR5 Gaming RAM White,team,team-t-force-delta-rgb-16gb-8000mhz-ddr5-gaming-ram-white,RAM-TEAM-T-FORCE-DELTA-R-16-8000-GAMING-,https://www.startech.com.bd/team-t-force-delta-rgb-16gb-8000mhz-ddr5-gaming-ram-white,,,REVIEW,
304,Kingston FURY Beast 8GB DDR5 5600Mhz Desktop RAM,kingston,kingston-fury-beast-8gb-ddr5-5600mhz-desktop-ram,RAM-KINGSTON-FURY-BEAST-8-5600,https://www.startech.com.bd/kingston-fury-beast-8gb-ddr5-5600mhz-ram,,,REVIEW,
305,Team T-FORCE DELTA RGB 8GB DDR5 5600MHz Desktop RAM,team,team-t-force-delta-rgb-8gb-ddr5-5600mhz-desktop-ram,RAM-TEAM-T-FORCE-DELTA-R-8-5600,https://www.startech.com.bd/team-t-force-delta-rgb-8gb-ddr5-5600mhz-ram,,,REVIEW,
306,Team T-Force VULCAN RED 8GB DDR5 6000MHz Desktop RAM,team,team-t-force-vulcan-red-8gb-ddr5-6000mhz-desktop-ram,RAM-TEAM-T-FORCE-VULCAN-RED-8-6000,https://www.startech.com.bd/team-t-force-vulcan-red-8gb-ddr5-6000mhz-ram,,,REVIEW,
307,OCPC X3 RGB DDR4 3200MHz 16GB Desktop RAM,ocpc,ocpc-x3-rgb-ddr4-3200mhz-16gb-desktop-ram,RAM-OCPC-X3-R-3200-16,https://www.startech.com.bd/ocpc-x3-rgb-ddr4-3200mhz-16gb-ram,,,REVIEW,
308,OCPC X3 RGB DDR4 3200MHz 16GB Desktop RAM White,ocpc,ocpc-x3-rgb-ddr4-3200mhz-16gb-desktop-ram-white,RAM-OCPC-X3-R-3200-16-WHITE,https://www.startech.com.bd/ocpc-x3-rgb-ddr4-3200mhz-16gb-ram-white,,,REVIEW,
309,TEAM Delta RGB White 32GB (16x2) DDR5 5600MHz Gaming Desktop RAM,team,team-delta-rgb-white-32gb-16x2-ddr5-5600mhz-gaming-desktop-ram,RAM-TEAM-DELTA-R-WHITE-32-16X2-5600-GAMI,https://www.startech.com.bd/team-delta-rgb-white-16gb-kit-ddr5-5600mhz-ram,,,REVIEW,
310,OCPC PISTA DDR5 6200MHz 32GB (16GBx2) RGB RAM Kit,ocpc,ocpc-pista-ddr5-6200mhz-32gb-16gbx2-rgb-ram-kit,RAM-OCPC-PISTA-6200-32-16GBX2-R-KIT,https://www.startech.com.bd/ocpc-pista-ddr5-6200mhz-32gb-rgb-ram-kit,,,REVIEW,
311,TEAM Delta RGB 8GB DDR5 6000MHz Gaming Desktop RAM Black,team,team-delta-rgb-8gb-ddr5-6000mhz-gaming-desktop-ram-black,RAM-TEAM-DELTA-R-8-6000-GAMING-BLACK,https://www.startech.com.bd/team-delta-rgb-8gb-ddr5-6000mhz-ram,,,REVIEW,
312,TEAM Delta RGB 8GB DDR5 6000MHz Gaming Desktop RAM,team,team-delta-rgb-8gb-ddr5-6000mhz-gaming-desktop-ram,RAM-TEAM-DELTA-R-8-6000-GAMING,https://www.startech.com.bd/team-delta-rgb-8gb-ddr5-6000mhz-gaming-ram,,,REVIEW,
313,G.Skill Trident Z Royal Elite 16GB (8GBx2) DDR4 3600MHz RGB Desktop RAM,g-skill,g-skill-trident-z-royal-elite-16gb-8gbx2-ddr4-3600mhz-rgb-desktop-ram,RAM-GSKILL-G-SKILL-TRIDENT-Z-ROYAL-ELITE-16-8GB,https://www.startech.com.bd/g-skill-trident-z-royal-elite-16gb-desktop-ram,,,REVIEW,
314,G.Skill Trident Z5 RGB 16GB DDR5 6000MHz CL40 Desktop RAM Black,g-skill,g-skill-trident-z5-rgb-16gb-ddr5-6000mhz-cl40-desktop-ram-black,RAM-GSKILL-G-SKILL-TRIDENT-Z5-R-16-6000-CL40-BL,https://www.startech.com.bd/g-skill-trident-z5-rgb-16gb-ddr5-6000mhz-desktop-ram-black,,,REVIEW,
315,Kingston FURY Beast RGB 32GB DDR5 6000MHz CL30 Desktop RAM White,kingston,kingston-fury-beast-rgb-32gb-ddr5-6000mhz-cl30-desktop-ram-white,RAM-KINGSTON-FURY-BEAST-R-32-6000-CL30-W,https://www.startech.com.bd/kingston-fury-beast-rgb-32gb-ddr5-ram-white,,,REVIEW,
316,G.Skill Trident Z Royal 16GB DDR4 3200MHz Desktop RAM,g-skill,g-skill-trident-z-royal-16gb-ddr4-3200mhz-desktop-ram,RAM-GSKILL-G-SKILL-TRIDENT-Z-ROYAL-16-3200,https://www.startech.com.bd/g.skill-trident-z-royal-16gb-ddr4-desktop-ram,,,REVIEW,
317,PNY XLR8 RGB 16GB DDR4 3200MHz Desktop RAM White,pny,pny-xlr8-rgb-16gb-ddr4-3200mhz-desktop-ram-white,RAM-PNY-XLR8-R-16-3200-WHITE,https://www.startech.com.bd/pny-xlr8-rgb-16gb-ddr4-ram-white,,,REVIEW,
318,TEAM T-FORCE DELTA RGB 32GB (2 x 16GB) 6000MHz DDR5 Gaming RAM for AMD EXPO,team,team-t-force-delta-rgb-32gb-2-x-16gb-6000mhz-ddr5-gaming-ram-for-amd-expo,RAM-TEAM-T-FORCE-DELTA-R-32-2-X-16-6000-,https://www.startech.com.bd/team-t-force-delta-rgb-32gb-6000mhz-ddr5-ram-amd,,,REVIEW,
319,TEAM T-FORCE DELTA RGB 32GB (2 x 16GB) 6000MHz DDR5 Gaming RAM White for AMD EXPO,team,team-t-force-delta-rgb-32gb-2-x-16gb-6000mhz-ddr5-gaming-ram-white-for-amd-expo,RAM-TEAM-T-FORCE-DELTA-R-32-2-X-16-6000-,https://www.startech.com.bd/team-t-force-delta-rgb-32gb-6000mhz-ddr5-ram-amd-white,,,REVIEW,
320,TEAM T-FORCE DELTA RGB White 8GB 6000MHz DDR5 Gaming RAM,team,team-t-force-delta-rgb-white-8gb-6000mhz-ddr5-gaming-ram,RAM-TEAM-T-FORCE-DELTA-R-WHITE-8-6000-GA,https://www.startech.com.bd/team-t-force-delta-rgb-white-8gb-6000mhz-desktop-ram,,,REVIEW,
321,Kingston FURY Beast RGB 8GB DDR5 5600Mhz Desktop RAM,kingston,kingston-fury-beast-rgb-8gb-ddr5-5600mhz-desktop-ram,RAM-KINGSTON-FURY-BEAST-R-8-5600,https://www.startech.com.bd/kingston-fury-beast-rgb-8gb-5600mhz-ram,,,REVIEW,
322,OSCOO Warrior E500 8GB DDR5 5600MHz CL36 Desktop RAM,oscoo,oscoo-warrior-e500-8gb-ddr5-5600mhz-cl36-desktop-ram,RAM-OSCOO-WARRIOR-E500-8-5600-CL36,https://www.startech.com.bd/oscoo-warrior-e500-8gb-ddr5-ram,,,REVIEW,
323,Netac Basic 16GB DDR5 5600MHz Desktop RAM,netac,netac-basic-16gb-ddr5-5600mhz-desktop-ram,RAM-NETAC-BASIC-16-5600,https://www.startech.com.bd/netac-basic-16gb-ddr5-5600mhz-desktop-ram,,,REVIEW,
324,TEAM XTREEM 16GB DDR5 8000MHz Desktop RAM,team,team-xtreem-16gb-ddr5-8000mhz-desktop-ram,RAM-TEAM-XTREEM-16-8000,https://www.startech.com.bd/team-xtreem-32gb-ddr5-8000mhz-desktop-ram,,,REVIEW,
325,TEAM T-FORCE DELTA RGB 16GB 6000MHz DDR5 Gaming RAM Black Kit,team,team-t-force-delta-rgb-16gb-6000mhz-ddr5-gaming-ram-black-kit,RAM-TEAM-T-FORCE-DELTA-R-16-6000-GAMING-,https://www.startech.com.bd/team-t-force-delta-rgb-32gb-16gbx2-6000mhz-ddr5-gaming-ram,,,REVIEW,
326,Corsair DOMINATOR PLATINUM RGB 32GB DDR5 5600MHz CL40 RAM White,corsair,corsair-dominator-platinum-rgb-32gb-ddr5-5600mhz-cl40-ram-white,RAM-CORSAIR-DOMINATOR-PLATINUM-R-32-5600,https://www.startech.com.bd/corsair-dominator-platinum-rgb-32gb-ddr5-5600mhz-cl40-ram-white,,,REVIEW,
327,OSCOO R500 RGB 32GB DDR5 5200MHz CL42 Desktop RAM,oscoo,oscoo-r500-rgb-32gb-ddr5-5200mhz-cl42-desktop-ram,RAM-OSCOO-R500-R-32-5200-CL42,https://www.startech.com.bd/oscoo-r500-rgb-32gb-ddr5-ram,,,REVIEW,
328,TEAM DELTA 32GB 3200MHz RGB DDR4 Desktop RAM,team,team-delta-32gb-3200mhz-rgb-ddr4-desktop-ram,RAM-TEAM-DELTA-32-3200-R,https://www.startech.com.bd/team-delta-32gb-ram,,,REVIEW,
329,AITC Kingsman Vertex RGB 16GB DDR5 7200MHz Gaming Desktop RAM,aitc,aitc-kingsman-vertex-rgb-16gb-ddr5-7200mhz-gaming-desktop-ram,RAM-AITC-KINGSMAN-VERTEX-R-16-7200-GAMIN,https://www.startech.com.bd/aitc-kingsman-vertex-rgb-16gb-ddr5-ram,,,REVIEW,
330,Corsair VENGEANCE RGB 32GB (16x2) DDR5 7200MHz RAM,corsair,corsair-vengeance-rgb-32gb-16x2-ddr5-7200mhz-ram,RAM-CORSAIR-VENGEANCE-R-32-16X2-7200,https://www.startech.com.bd/corsair-vengeance-rgb-32gb-ddr5-7200mhz-ram,,,REVIEW,
331,Team T-Force VULCAN 16GB 6000MHz DDR5 CL38 Desktop RAM,team,team-t-force-vulcan-16gb-6000mhz-ddr5-cl38-desktop-ram,RAM-TEAM-T-FORCE-VULCAN-16-6000-CL38,https://www.startech.com.bd/team-t-force-vulcan-16gb-6000mhz-ddr5-cl38-ram,,,REVIEW,
332,AITC Kingsman Innovator 32GB DDR4 3200MHz Gaming Desktop RAM,aitc,aitc-kingsman-innovator-32gb-ddr4-3200mhz-gaming-desktop-ram,RAM-AITC-KINGSMAN-INNOVATOR-32-3200-GAMI,https://www.startech.com.bd/aitc-kingsman-innovator-32gb-ddr4-ram,,,REVIEW,
333,AITC Kingsman 32GB DDR4 3200MHz Desktop RAM,aitc,aitc-kingsman-32gb-ddr4-3200mhz-desktop-ram,RAM-AITC-KINGSMAN-32-3200,https://www.startech.com.bd/aitc-kingsman-32gb-ddr4-ram,,,REVIEW,
334,G.Skill Trident Z5 RGB 16GB DDR5 5600MHz CL40 Desktop RAM Black,g-skill,g-skill-trident-z5-rgb-16gb-ddr5-5600mhz-cl40-desktop-ram-black,RAM-GSKILL-G-SKILL-TRIDENT-Z5-R-16-5600-CL40-BL,https://www.startech.com.bd/g-skill-trident-z5-rgb-16gb-ddr5-5600mhz-desktop-ram-black,,,REVIEW,
335,G.Skill Trident Z5 16GB DDR5 6000MHz CL40 Desktop RAM Silver,g-skill,g-skill-trident-z5-16gb-ddr5-6000mhz-cl40-desktop-ram-silver,RAM-GSKILL-G-SKILL-TRIDENT-Z5-16-6000-CL40-SILV,https://www.startech.com.bd/g-skill-trident-z5-16gb-ddr5-6000mhz-ram,,,REVIEW,
336,G.Skill Trident Z5 16GB DDR5 6000MHz CL40 Desktop RAM Black,g-skill,g-skill-trident-z5-16gb-ddr5-6000mhz-cl40-desktop-ram-black,RAM-GSKILL-G-SKILL-TRIDENT-Z5-16-6000-CL40-BLAC,https://www.startech.com.bd/g-skill-trident-z5-16gb-ddr5-6000mhz-ram-black,,,REVIEW,
337,G.Skill Trident Z5 16GB 5600MHz DDR5 Desktop RAM Silver,g-skill,g-skill-trident-z5-16gb-5600mhz-ddr5-desktop-ram-silver,RAM-GSKILL-G-SKILL-TRIDENT-Z5-16-5600-SILVER,https://www.startech.com.bd/g-skill-trident-z5-16gb-5600mhz-ddr5-ram-silver,,,REVIEW,
338,TEAM T-FORCE DELTA RGB 24GB 8000MHz DDR5 Gaming RAM White,team,team-t-force-delta-rgb-24gb-8000mhz-ddr5-gaming-ram-white,RAM-TEAM-T-FORCE-DELTA-R-24-8000-GAMING-,https://www.startech.com.bd/team-t-force-delta-rgb-24gb-8000mhz-ddr5-gaming-ram-white,,,REVIEW,
339,Team Delta RGB 16GB 3200MHz DDR4 CL16 Desktop RAM,team,team-delta-rgb-16gb-3200mhz-ddr4-cl16-desktop-ram,RAM-TEAM-DELTA-R-16-3200-CL16,https://www.startech.com.bd/team-delta-rgb-16gb-3200mhz-ddr4-desktop-ram,,,REVIEW,
340,TEAM T-FORCE DELTA RGB 32GB (16GBx2) 7000MHz DDR5 Gaming RAM White,team,team-t-force-delta-rgb-32gb-16gbx2-7000mhz-ddr5-gaming-ram-white,RAM-TEAM-T-FORCE-DELTA-R-32-16GBX2-7000-,https://www.startech.com.bd/team-t-force-delta-rgb-32gb-7000mhz-ddr5-gaming-ram-white,,,REVIEW,
341,TEAM ELITE 8GB DDR5 5600MHz Desktop RAM,team,team-elite-8gb-ddr5-5600mhz-desktop-ram,RAM-TEAM-ELITE-8-5600,https://www.startech.com.bd/team-elite-8gb-ddr5-5600mhz-desktop-ram,,,REVIEW,
342,Team VULCAN 16GB 5200MHz DDR5 Desktop Gaming RAM,team,team-vulcan-16gb-5200mhz-ddr5-desktop-gaming-ram,RAM-TEAM-VULCAN-16-5200-GAMING,https://www.startech.com.bd/team-vulcan-16gb-5200mhz-ddr5-gaming-ram,,,REVIEW,
343,TEAM T-FORCE DELTA RGB 32GB (16GBx2) 7200MHz DDR5 Gaming RAM,team,team-t-force-delta-rgb-32gb-16gbx2-7200mhz-ddr5-gaming-ram,RAM-TEAM-T-FORCE-DELTA-R-32-16GBX2-7200-,https://www.startech.com.bd/team-t-force-delta-rgb-32gb-7200mhz-ddr5-ram,,,REVIEW,
344,Corsair DOMINATOR TITANIUM RGB 32GB DDR5 6000MHz Desktop RAM,corsair,corsair-dominator-titanium-rgb-32gb-ddr5-6000mhz-desktop-ram,RAM-CORSAIR-DOMINATOR-TITANIUM-R-32-6000,https://www.startech.com.bd/corsair-dominator-titanium-rgb-32gb-ddr5-ram,,,REVIEW,
345,G.Skill Ripjaws S5 16GB DDR5 5200MHz CL40 Desktop RAM Black,g-skill,g-skill-ripjaws-s5-16gb-ddr5-5200mhz-cl40-desktop-ram-black,RAM-GSKILL-G-SKILL-RIPJAWS-S5-16-5200-CL40-BLAC,https://www.startech.com.bd/g-skill-ripjaws-s5-16gb-ddr5-5200mhz-ram-black,,,REVIEW,
346,TEAM T-FORCE XTREEM ARGB 24GB 8000MHz DDR5 DESKTOP RAM BLACK,team,team-t-force-xtreem-argb-24gb-8000mhz-ddr5-desktop-ram-black,RAM-TEAM-T-FORCE-XTREEM-AR-24-8000-BLACK,https://www.startech.com.bd/team-xtreem-argb-24gb-ram,,,REVIEW,
347,G.Skill Trident Z Royal Elite RGB 16GB (8GBx2) DDR4 3600MHz Desktop RAM,g-skill,g-skill-trident-z-royal-elite-rgb-16gb-8gbx2-ddr4-3600mhz-desktop-ram,RAM-GSKILL-G-SKILL-TRIDENT-Z-ROYAL-ELITE-R-16-8,https://www.startech.com.bd/g-skill-trident-z-royal-elite-rgb-16gb-desktop-ram,,,REVIEW,
348,TEAM VULCAN RED 32GB (16x2) DDR5 5600MHz Gaming Desktop RAM,team,team-vulcan-red-32gb-16x2-ddr5-5600mhz-gaming-desktop-ram,RAM-TEAM-VULCAN-RED-32-16X2-5600-GAMING,https://www.startech.com.bd/team-vulcan-red-16gb-kit-ddr5-5600mhz-ram,,,REVIEW,
349,TEAM VULCAN 16GB DDR5 5600MHz Gaming Desktop RAM,team,team-vulcan-16gb-ddr5-5600mhz-gaming-desktop-ram,RAM-TEAM-VULCAN-16-5600-GAMING,https://www.startech.com.bd/team-vulcan-16gb-ddr5-5600mhz-gaming-desktop-ram,,,REVIEW,
350,TEAM XTREEM 32GB (2x16GB) DDR5 7600MHz Desktop RAM,team,team-xtreem-32gb-2x16gb-ddr5-7600mhz-desktop-ram,RAM-TEAM-XTREEM-32-2X16-7600,https://www.startech.com.bd/team-xtreem-32gb-ddr5-7600mhz-desktop-ram,,,REVIEW,
351,Team T-FORCE DELTA RGB 16GB DDR5 6000MHz CL30 Desktop RAM White,team,team-t-force-delta-rgb-16gb-ddr5-6000mhz-cl30-desktop-ram-white,RAM-TEAM-T-FORCE-DELTA-R-16-6000-CL30-WH,https://www.startech.com.bd/team-t-force-delta-rgb-16gb-ddr5-ram-white,,,REVIEW,
352,TEAM ELITE 16GB DDR5 5600MHz Desktop RAM,team,team-elite-16gb-ddr5-5600mhz-desktop-ram,RAM-TEAM-ELITE-16-5600,https://www.startech.com.bd/team-elite-16gb-ddr5-5600mhz-desktop-ram,,,REVIEW,
353,KingBank Soarblade 16GB DDR5 6000Hz CL36 Desktop RAM,kingbank,kingbank-soarblade-16gb-ddr5-6000hz-cl36-desktop-ram,RAM-KINGBANK-SOARBLADE-16-6000HZ-CL36,https://www.startech.com.bd/kingbank-soarblade-16gb-ddr5-ram,,,REVIEW,
354,KingBank Soarblade 16GB DDR5 6000Hz CL30 Desktop RAM,kingbank,kingbank-soarblade-16gb-ddr5-6000hz-cl30-desktop-ram,RAM-KINGBANK-SOARBLADE-16-6000HZ-CL30,https://www.startech.com.bd/kingbank-soarblade-16gb-6000hz-ram,,,REVIEW,
355,TEAM VULCAN BLACK 32GB (16GBx2) 5200MHz DDR5 Gaming RAM,team,team-vulcan-black-32gb-16gbx2-5200mhz-ddr5-gaming-ram,RAM-TEAM-VULCAN-BLACK-32-16GBX2-5200-GAM,https://www.startech.com.bd/team-vulcan-black-32gb-16gbx2-5200mhz-ddr5-ram,,,REVIEW,
356,OSCOO Warrior E500 16GB DDR5 5200MHz CL36 Desktop RAM,oscoo,oscoo-warrior-e500-16gb-ddr5-5200mhz-cl36-desktop-ram,RAM-OSCOO-WARRIOR-E500-16-5200-CL36,https://www.startech.com.bd/oscoo-warrior-e500-16gb-ddr5-5200mhz-ram,,,REVIEW,
357,OSCOO Warrior E500 16GB DDR5 5600MHz CL36 Desktop RAM,oscoo,oscoo-warrior-e500-16gb-ddr5-5600mhz-cl36-desktop-ram,RAM-OSCOO-WARRIOR-E500-16-5600-CL36,https://www.startech.com.bd/oscoo-warrior-e500-16gb-ddr5-ram,,,REVIEW,
358,Corsair VENGEANCE 16GB DDR5 6000MHz CL28 Desktop RAM,corsair,corsair-vengeance-16gb-ddr5-6000mhz-cl28-desktop-ram,RAM-CORSAIR-VENGEANCE-16-6000-CL28,https://www.startech.com.bd/corsair-vengeance-16gb-ddr5-6000mhz-cl28-desktop-ram,,,REVIEW,
359,Team DELTA 16GB 6200MHz DDR5 RGB Desktop RAM,team,team-delta-16gb-6200mhz-ddr5-rgb-desktop-ram,RAM-TEAM-DELTA-16-6200-R,https://www.startech.com.bd/team-delta-16gb-6200mhz-ddr5-rgb-desktop-ram,,,REVIEW,
360,TEAM T-FORCE DELTA RGB White 32GB (16GBx2) 7600MHz DDR5 Gaming RAM,team,team-t-force-delta-rgb-white-32gb-16gbx2-7600mhz-ddr5-gaming-ram,RAM-TEAM-T-FORCE-DELTA-R-WHITE-32-16GBX2,https://www.startech.com.bd/team-t-force-delta-rgb-white-32gb-7600mhz-ddr5-ram,,,REVIEW,
361,Lexar THOR 16GB DDR5 6000MHz CL32 Desktop RAM,lexar,lexar-thor-16gb-ddr5-6000mhz-cl32-desktop-ram,RAM-LEXAR-THOR-16-6000-CL32,https://www.startech.com.bd/lexar-thor-16gb-ddr5-ram,,,REVIEW,
362,OSCOO R500 RGB 16GB DDR5 5600MHz CL42 Desktop RAM,oscoo,oscoo-r500-rgb-16gb-ddr5-5600mhz-cl42-desktop-ram,RAM-OSCOO-R500-R-16-5600-CL42,https://www.startech.com.bd/oscoo-r500-rgb-16gb-ddr5-5600mhz-ram,,,REVIEW,
363,TEAM Delta RGB 16GB DDR5 7600MHz CL36 Gaming Desktop RAM White,team,team-delta-rgb-16gb-ddr5-7600mhz-cl36-gaming-desktop-ram-white,RAM-TEAM-DELTA-R-16-7600-CL36-GAMING-WHI,https://www.startech.com.bd/team-delta-rgb-16gb-ddr5-7600mhz-ram-white,,,REVIEW,
364,Lexar THOR OC 16GB 6000Mhz DDR5 CL36 Desktop RAM,lexar,lexar-thor-oc-16gb-6000mhz-ddr5-cl36-desktop-ram,RAM-LEXAR-THOR-OC-16-6000-CL36,https://www.startech.com.bd/lexar-thor-oc-16gb-ddr5-ram,,,REVIEW,
365,Lexar THOR OC 16GB 6000Mhz DDR5 CL36 Desktop RAM White,lexar,lexar-thor-oc-16gb-6000mhz-ddr5-cl36-desktop-ram-white,RAM-LEXAR-THOR-OC-16-6000-CL36-WHITE,https://www.startech.com.bd/lexar-thor-oc-16gb-ddr5-ram-white,,,REVIEW,
366,G.Skill Ripjaws V 32GB DDR4 3200MHz Desktop RAM (Black),g-skill,g-skill-ripjaws-v-32gb-ddr4-3200mhz-desktop-ram-black,RAM-GSKILL-G-SKILL-RIPJAWS-V-32-3200-BLACK,https://www.startech.com.bd/g-skill-ripjaws-v-32gb-3200mhz-desktop-ram,38000,,REVIEW,
367,OCPC VOLARE 16GB DDR5 6000MHz CL38 Desktop RAM,ocpc,ocpc-volare-16gb-ddr5-6000mhz-cl38-desktop-ram,RAM-OCPC-VOLARE-16-6000-CL38,https://www.startech.com.bd/ocpc-volare-16gb-ddr5-ram,,,REVIEW,
368,PNY XLR8 Gaming RGB 16GB DDR5 6000MHz CL36 Desktop RAM,pny,pny-xlr8-gaming-rgb-16gb-ddr5-6000mhz-cl36-desktop-ram,RAM-PNY-XLR8-GAMING-R-16-6000-CL36,https://www.startech.com.bd/pny-xlr8-gaming-rgb-16gb-ddr5-ram,,,REVIEW,
369,Team VULCAN 16GB 5200MHz DDR5 CL40 Desktop RAM,team,team-vulcan-16gb-5200mhz-ddr5-cl40-desktop-ram,RAM-TEAM-VULCAN-16-5200-CL40,https://www.startech.com.bd/team-vulcan-16gb-5200mhz-ddr5-cl40-desktop-ram,,,REVIEW,
370,Corsair VENGEANCE RGB 16GB DDR5 5200MHz CL40 Desktop RAM,corsair,corsair-vengeance-rgb-16gb-ddr5-5200mhz-cl40-desktop-ram,RAM-CORSAIR-VENGEANCE-R-16-5200-CL40,https://www.startech.com.bd/corsair-vengeance-rgb-16gb-ddr5-5200mhz-cl40-ram,,,REVIEW,
371,TEAM T-FORCE DELTA RGB 32GB (16GBx2) 7800MHz DDR5 Gaming RAM White,team,team-t-force-delta-rgb-32gb-16gbx2-7800mhz-ddr5-gaming-ram-white,RAM-TEAM-T-FORCE-DELTA-R-32-16GBX2-7800-,https://www.startech.com.bd/team-t-force-delta-rgb-32gb-7800mhz-ddr5-gaming-ram-white,,,REVIEW,
372,Corsair VENGEANCE 16GB DDR5 6000MHz Desktop RAM,corsair,corsair-vengeance-16gb-ddr5-6000mhz-desktop-ram,RAM-CORSAIR-VENGEANCE-16-6000,https://www.startech.com.bd/corsair-vengeance-16gb-ddr5-6000mhz-ram,,,REVIEW,
373,TEAM Delta RGB 16GB DDR5 6000MHz CL28 Desktop RAM White,team,team-delta-rgb-16gb-ddr5-6000mhz-cl28-desktop-ram-white,RAM-TEAM-DELTA-R-16-6000-CL28-WHITE,https://www.startech.com.bd/team-delta-rgb-16gb-ddr5-6000mhz-ram-white,,,REVIEW,
374,Kingston FURY Beast RGB 16GB DDR5 5600MHz CL36 Desktop RAM,kingston,kingston-fury-beast-rgb-16gb-ddr5-5600mhz-cl36-desktop-ram,RAM-KINGSTON-FURY-BEAST-R-16-5600-CL36,https://www.startech.com.bd/kingston-fury-beast-rgb-16gb-ddr5-ram,,,REVIEW,
375,TEAM Delta RGB 16GB DDR5 6000MHz CL28 Gaming Desktop RAM,team,team-delta-rgb-16gb-ddr5-6000mhz-cl28-gaming-desktop-ram,RAM-TEAM-DELTA-R-16-6000-CL28-GAMING,https://www.startech.com.bd/team-delta-rgb-16gb-ddr5-6000mhz-desktop-ram,,,REVIEW,
376,Kingston FURY Beast 16GB DDR5 5600Mhz CL36 Desktop RAM,kingston,kingston-fury-beast-16gb-ddr5-5600mhz-cl36-desktop-ram,RAM-KINGSTON-FURY-BEAST-16-5600-CL36,https://www.startech.com.bd/kingston-fury-beast-16gb-ddr5-ram,,,REVIEW,
377,Kingston FURY Beast 16GB 6000Mhz CL30 DDR5 Desktop RAM,kingston,kingston-fury-beast-16gb-6000mhz-cl30-ddr5-desktop-ram,RAM-KINGSTON-FURY-BEAST-16-6000-CL30,https://www.startech.com.bd/kingston-fury-beast-16gb-6000mhz-cl30-ddr5-ram,,,REVIEW,
378,PNY XLR8 EPIC-X RGB 16GB DDR5 6000MHz CL30 Desktop RAM,pny,pny-xlr8-epic-x-rgb-16gb-ddr5-6000mhz-cl30-desktop-ram,RAM-PNY-XLR8-EPIC-X-R-16-6000-CL30,https://www.startech.com.bd/pny-xlr8-epic-x-rgb-16gb-ddr5-ram,,,REVIEW,
379,G.Skill Ripjaws S5 16GB DDR5 5600MHz CL36 Desktop RAM Black,g-skill,g-skill-ripjaws-s5-16gb-ddr5-5600mhz-cl36-desktop-ram-black,RAM-GSKILL-G-SKILL-RIPJAWS-S5-16-5600-CL36-BLAC,https://www.startech.com.bd/g-skill-ripjaws-s5-16gb-ddr5-5600mhz-ram,,,REVIEW,
380,Kingston FURY Beast RGB 16GB 6000Mhz DDR5 Desktop RAM White,kingston,kingston-fury-beast-rgb-16gb-6000mhz-ddr5-desktop-ram-white,RAM-KINGSTON-FURY-BEAST-R-16-6000-WHITE,https://www.startech.com.bd/kingston-fury-beast-rgb-16gb-6000mhz-ddr5-ram-white,,,REVIEW,
381,Kingston FURY Beast RGB 16GB 6000Mhz DDR5 CL36 Desktop RAM,kingston,kingston-fury-beast-rgb-16gb-6000mhz-ddr5-cl36-desktop-ram,RAM-KINGSTON-FURY-BEAST-R-16-6000-CL36,https://www.startech.com.bd/kingston-fury-beast-rgb-16gb-ddr5-desktop-ram,,,REVIEW,
382,Kingston FURY Renegade RGB 16GB DDR5 6400Mhz CL32 Desktop RAM,kingston,kingston-fury-renegade-rgb-16gb-ddr5-6400mhz-cl32-desktop-ram,RAM-KINGSTON-FURY-RENEGADE-R-16-6400-CL3,https://www.startech.com.bd/kingston-fury-renegade-rgb-16gb-ddr5-ram,,,REVIEW,
383,Team T-CREATE CLASSIC 16GB DDR5 5600MHz Desktop RAM,team,team-t-create-classic-16gb-ddr5-5600mhz-desktop-ram,RAM-TEAM-T-CREATE-CLASSIC-16-5600,https://www.startech.com.bd/team-t-create-classic-16gb-ddr5-ram,,,REVIEW,
384,Team DELTA 16GB 6400MHz DDR5 RGB Black Desktop Gaming RAM,team,team-delta-16gb-6400mhz-ddr5-rgb-black-desktop-gaming-ram,RAM-TEAM-DELTA-16-6400-R-BLACK-GAMING,https://www.startech.com.bd/team-delta-16gb-6400mhz-ddr5-rgb-gaming-ram,,,REVIEW,
385,Team DELTA 16GB 6400MHz DDR5 RGB White Desktop Gaming RAM,team,team-delta-16gb-6400mhz-ddr5-rgb-white-desktop-gaming-ram,RAM-TEAM-DELTA-16-6400-R-WHITE-GAMING,https://www.startech.com.bd/team-delta-16gb-6400mhz-ddr5-rgb-white-gaming-ram,,,REVIEW,
386,TEAM T-FORCE DELTA TUF Gaming Alliance RGB 16GB 6000MHz DDR5 Desktop RAM,team,team-t-force-delta-tuf-gaming-alliance-rgb-16gb-6000mhz-ddr5-desktop-ram,RAM-TEAM-T-FORCE-DELTA-TUF-GAMING-ALLIAN,https://www.startech.com.bd/team-delta-tuf-gaming-alliance-rgb-16gb-6000mhz-ddr5-ram,,,REVIEW,
387,TEAM Delta RGB 48GB (24x2) DDR5 7200MHz Gaming Desktop RAM,team,team-delta-rgb-48gb-24x2-ddr5-7200mhz-gaming-desktop-ram,RAM-TEAM-DELTA-R-48-24X2-7200-GAMING,https://www.startech.com.bd/team-delta-rgb-48gb-ddr5-7200mhz-desktop-ram,,,REVIEW,
388,TEAM Delta RGB 48GB (24x2) DDR5 7600MHz Gaming Desktop RAM White,team,team-delta-rgb-48gb-24x2-ddr5-7600mhz-gaming-desktop-ram-white,RAM-TEAM-DELTA-R-48-24X2-7600-GAMING-WHI,https://www.startech.com.bd/team-delta-rgb-48gb-ddr5-7600mhz-desktop-ram-white,,,REVIEW,
389,G.Skill Trident Z5 RGB 16GB DDR5 6000MHz CL32 Desktop RAM Silver,g-skill,g-skill-trident-z5-rgb-16gb-ddr5-6000mhz-cl32-desktop-ram-silver,RAM-GSKILL-G-SKILL-TRIDENT-Z5-R-16-6000-CL32-SI,https://www.startech.com.bd/g-skill-trident-z5-rgb-16gb-ddr5-6000mhz-cl32-desktop-ram,,,REVIEW,
390,G.Skill Trident Z5 Neo RGB 16GB DDR5 6000Mhz Desktop RAM,g-skill,g-skill-trident-z5-neo-rgb-16gb-ddr5-6000mhz-desktop-ram,RAM-GSKILL-G-SKILL-TRIDENT-Z5-NEO-R-16-6000,https://www.startech.com.bd/g-skill-trident-z5-neo-rgb-16gb-desktop-ram,,,REVIEW,
391,Lexar ARES RGB 16GB DDR5 6000Mhz CL30 Gaming Desktop RAM,lexar,lexar-ares-rgb-16gb-ddr5-6000mhz-cl30-gaming-desktop-ram,RAM-LEXAR-ARES-R-16-6000-CL30-GAMING,https://www.startech.com.bd/lexar-ares-16gb-6000mhz-rgb-ram,,,REVIEW,
392,TEAM T-FORCE DELTA RGB White 16GB 6000MHz DDR5 Gaming RAM,team,team-t-force-delta-rgb-white-16gb-6000mhz-ddr5-gaming-ram,RAM-TEAM-T-FORCE-DELTA-R-WHITE-16-6000-G,https://www.startech.com.bd/team-t-force-delta-rgb-white-16gb-6000mhz-ddr5-ram,,,REVIEW,
393,TEAM T-FORCE DELTA RGB 32GB 6000MHz DDR5 1.35V Gaming RAM,team,team-t-force-delta-rgb-32gb-6000mhz-ddr5-1-35v-gaming-ram,RAM-TEAM-T-FORCE-DELTA-R-32-6000-1-35V-G,https://www.startech.com.bd/team-delta-rgb-32gb-6000mhz-ddr5-gaming-ram,,,REVIEW,
394,G.Skill Trident Z5 RGB 16GB DDR5 7200MHz Desktop RAM,g-skill,g-skill-trident-z5-rgb-16gb-ddr5-7200mhz-desktop-ram,RAM-GSKILL-G-SKILL-TRIDENT-Z5-R-16-7200,https://www.startech.com.bd/g-skill-trident-z5-rgb-16gb-ddr5-7200mhz-ram,,,REVIEW,
395,Kingston FURY Beast RGB 16GB 6000Mhz DDR5 EXPO Desktop RAM,kingston,kingston-fury-beast-rgb-16gb-6000mhz-ddr5-expo-desktop-ram,RAM-KINGSTON-FURY-BEAST-R-16-6000-EXPO,https://www.startech.com.bd/kingston-fury-beast-rgb-16gb-6000mhz-ddr5-expo-ram,,,REVIEW,
396,G.Skill Trident Z NEO RGB 32GB DDR4 3600MHz Gaming Desktop RAM,g-skill,g-skill-trident-z-neo-rgb-32gb-ddr4-3600mhz-gaming-desktop-ram,RAM-GSKILL-G-SKILL-TRIDENT-Z-NEO-R-32-3600-GAMI,https://www.startech.com.bd/g-skill-trident-z-neo-rgb-32gb-gaming-desktop-ram,,,REVIEW,
397,TEAM Delta RGB 24GB DDR5 7200MHz CL34 Gaming Desktop RAM,team,team-delta-rgb-24gb-ddr5-7200mhz-cl34-gaming-desktop-ram,RAM-TEAM-DELTA-R-24-7200-CL34-GAMING,https://www.startech.com.bd/team-delta-rgb-24gb-ddr5-7200mhz-ram,,,REVIEW,
398,TEAM T-FORCE DELTA RGB 32GB (16GBx2) 6000MHz DDR5 Gaming RAM White,team,team-t-force-delta-rgb-32gb-16gbx2-6000mhz-ddr5-gaming-ram-white,RAM-TEAM-T-FORCE-DELTA-R-32-16GBX2-6000-,https://www.startech.com.bd/team-t-force-delta-rgb-32gb-16gbx2-6000mhz-ddr5-gaming-ram-white,,,REVIEW,
399,TEAM Delta RGB 24GB DDR5 7600MHz CL36 Gaming Desktop RAM White,team,team-delta-rgb-24gb-ddr5-7600mhz-cl36-gaming-desktop-ram-white,RAM-TEAM-DELTA-R-24-7600-CL36-GAMING-WHI,https://www.startech.com.bd/team-delta-rgb-24gb-ddr5-7600mhz-ram-white,,,REVIEW,
400,TEAM T-FORCE DELTA RGB White 32GB (16GBx2) 7200MHz DDR5 Gaming RAM,team,team-t-force-delta-rgb-white-32gb-16gbx2-7200mhz-ddr5-gaming-ram,RAM-TEAM-T-FORCE-DELTA-R-WHITE-32-16GBX2,https://www.startech.com.bd/team-t-force-delta-rgb-white-32gb-7200mhz-ddr5-ram,,,REVIEW,
401,OCPC PISTA 32GB 4800MHz DDR5 RGB Desktop RAM,ocpc,ocpc-pista-32gb-4800mhz-ddr5-rgb-desktop-ram,RAM-OCPC-PISTA-32-4800-R,https://www.startech.com.bd/ocpc-pista-32gb-4800mhz-ddr5-rgb-ram,,,REVIEW,
402,Corsair WS 32GB DDR5 5600MHZ CL40 ECC RDIMM Desktop RAM,corsair,corsair-ws-32gb-ddr5-5600mhz-cl40-ecc-rdimm-desktop-ram,RAM-CORSAIR-WS-32-5600-CL40-ECC-RDIMM,https://www.startech.com.bd/corsair-ws-32gb-ddr5-ecc-ram,,,REVIEW,
403,TEAM T-FORCE DELTA RGB 32GB (16GBx2) 7600MHz DDR5 Gaming RAM,team,team-t-force-delta-rgb-32gb-16gbx2-7600mhz-ddr5-gaming-ram,RAM-TEAM-T-FORCE-DELTA-R-32-16GBX2-7600-,https://www.startech.com.bd/team-t-force-delta-rgb-32gb-7600mhz-ddr5-ram,,,REVIEW,
404,Lexar THOR RGB 2nd Gen 32GB DDR5 6000Mhz CL40 Desktop RAM,lexar,lexar-thor-rgb-2nd-gen-32gb-ddr5-6000mhz-cl40-desktop-ram,RAM-LEXAR-THOR-R-2ND-GEN-32-6000-CL40,https://www.startech.com.bd/lexar-thor-rgb-2nd-gen-32gb-ddr5-ram,,,REVIEW,
405,OSCOO Warrior E500 32GB DDR5 5600MHz CL36 Desktop RAM,oscoo,oscoo-warrior-e500-32gb-ddr5-5600mhz-cl36-desktop-ram,RAM-OSCOO-WARRIOR-E500-32-5600-CL36,https://www.startech.com.bd/oscoo-warrior-e500-32gb-ddr5-ram,,,REVIEW,
406,Kingston FURY Beast RGB 32GB DDR5 5600MHz CL36 Desktop RAM,kingston,kingston-fury-beast-rgb-32gb-ddr5-5600mhz-cl36-desktop-ram,RAM-KINGSTON-FURY-BEAST-R-32-5600-CL36,https://www.startech.com.bd/kingston-fury-beast-rgb-32gb-ddr5-ram,,,REVIEW,
407,TEAM T-FORCE DELTA RGB 32GB 6000MHz DDR5 1.3V Gaming RAM White,team,team-t-force-delta-rgb-32gb-6000mhz-ddr5-1-3v-gaming-ram-white,RAM-TEAM-T-FORCE-DELTA-R-32-6000-1-3V-GA,https://www.startech.com.bd/team-delta-rgb-32gb-6000mhz-ddr5-gaming-ram-white,,,REVIEW,
408,G.Skill Trident Z5 RGB 32GB DDR5 5600MHz Desktop RAM,g-skill,g-skill-trident-z5-rgb-32gb-ddr5-5600mhz-desktop-ram,RAM-GSKILL-G-SKILL-TRIDENT-Z5-R-32-5600,https://www.startech.com.bd/g-skill-trident-z5-rgb-32gb-ddr5-5600mhz-ram,,,REVIEW,
409,Corsair VENGEANCE 32GB DDR5 5600MHz C40 RAM,corsair,corsair-vengeance-32gb-ddr5-5600mhz-c40-ram,RAM-CORSAIR-VENGEANCE-32-5600-C40,https://www.startech.com.bd/corsair-vengeance-32gb-ddr5-5600mhz-ram,,,REVIEW,
410,Kingston FURY Renegade RGB 48GB DDR5 6000MHz CL32 Desktop RAM,kingston,kingston-fury-renegade-rgb-48gb-ddr5-6000mhz-cl32-desktop-ram,RAM-KINGSTON-FURY-RENEGADE-R-48-6000-CL3,https://www.startech.com.bd/kingston-fury-renegade-rgb-48gb-ddr5-6000mhz-ram,,,REVIEW,
411,G.Skill Trident Z5 Neo RGB 32GB DDR5 6000Mhz Desktop RAM,g-skill,g-skill-trident-z5-neo-rgb-32gb-ddr5-6000mhz-desktop-ram,RAM-GSKILL-G-SKILL-TRIDENT-Z5-NEO-R-32-6000,https://www.startech.com.bd/g-skill-trident-z5-neo-rgb-32gb-ddr5-6000mhz-desktop-ram,,,REVIEW,
412,Kingston FURY Renegade RGB 48GB DDR5 6400MHz CL32 Desktop RAM,kingston,kingston-fury-renegade-rgb-48gb-ddr5-6400mhz-cl32-desktop-ram,RAM-KINGSTON-FURY-RENEGADE-R-48-6400-CL3,https://www.startech.com.bd/kingston-fury-renegade-rgb-48gb-ddr5-6400mhz-ram,,,REVIEW,
413,G.Skill Trident Z5 RGB 32GB DDR5 6000MHz Desktop RAM,g-skill,g-skill-trident-z5-rgb-32gb-ddr5-6000mhz-desktop-ram,RAM-GSKILL-G-SKILL-TRIDENT-Z5-R-32-6000,https://www.startech.com.bd/g-skill-trident-z5-rgb-32gb-ddr5-6000mhz-ram,,,REVIEW,
414,Corsair VENGEANCE RGB 32GB DDR5 6000MHz CL30 Desktop RAM,corsair,corsair-vengeance-rgb-32gb-ddr5-6000mhz-cl30-desktop-ram,RAM-CORSAIR-VENGEANCE-R-32-6000-CL30,https://www.startech.com.bd/corsair-vengeance-rgb-32gb-ddr5-6000mhz-ram,,,REVIEW,
415,Team T-CREATE CLASSIC 32GB DDR5 6000MHz CL48 Desktop RAM,team,team-t-create-classic-32gb-ddr5-6000mhz-cl48-desktop-ram,RAM-TEAM-T-CREATE-CLASSIC-32-6000-CL48,https://www.startech.com.bd/team-t-create-classic-32gb-ddr5-6000mhz-ram,,,REVIEW,
416,Corsair VENGEANCE RGB 8GB DDR5 5200MHz CL40 Desktop RAM,corsair,corsair-vengeance-rgb-8gb-ddr5-5200mhz-cl40-desktop-ram,RAM-CORSAIR-VENGEANCE-R-8-5200-CL40,https://www.startech.com.bd/corsair-vengeance-rgb-8gb-ddr5-5200mhz-cl40-ram,,,REVIEW,
417,Corsair VENGEANCE RGB 8GB DDR5 5600MHz CL40 Desktop RAM,corsair,corsair-vengeance-rgb-8gb-ddr5-5600mhz-cl40-desktop-ram,RAM-CORSAIR-VENGEANCE-R-8-5600-CL40,https://www.startech.com.bd/corsair-vengeance-rgb-8gb-ddr5-5600mhz-cl40-ram,,,REVIEW,
418,Corsair VENGEANCE RGB RS 8GB DDR5 5600MHz CL40 Desktop RAM,corsair,corsair-vengeance-rgb-rs-8gb-ddr5-5600mhz-cl40-desktop-ram,RAM-CORSAIR-VENGEANCE-R-RS-8-5600-CL40,https://www.startech.com.bd/corsair-vengeance-rgb-rs-8gb-5600mhz-cl40-ram,,,REVIEW,
419,Corsair VENGEANCE RGB RS 8GB DDR5 6000MHz CL36 Desktop RAM,corsair,corsair-vengeance-rgb-rs-8gb-ddr5-6000mhz-cl36-desktop-ram,RAM-CORSAIR-VENGEANCE-R-RS-8-6000-CL36,https://www.startech.com.bd/corsair-vengeance-rgb-rs-8gb-ddr5-6000mhz-cl36-ram,,,REVIEW,
420,Corsair VENGEANCE 8GB DDR5 6000MHz CL36 Desktop RAM,corsair,corsair-vengeance-8gb-ddr5-6000mhz-cl36-desktop-ram,RAM-CORSAIR-VENGEANCE-8-6000-CL36,https://www.startech.com.bd/corsair-vengeance-8gb-ddr5-6000mhz-cl36-ram,,,REVIEW,
421,Corsair VENGEANCE RGB RS 32GB DDR5 6000MHz CL40 Desktop RAM,corsair,corsair-vengeance-rgb-rs-32gb-ddr5-6000mhz-cl40-desktop-ram,RAM-CORSAIR-VENGEANCE-R-RS-32-6000-CL40,https://www.startech.com.bd/corsair-vengeance-rgb-rs-32gb-ddr5-ram,,,REVIEW,
422,G.Skill Trident Z5 RGB 64GB DDR5 6000MHz Desktop RAM,g-skill,g-skill-trident-z5-rgb-64gb-ddr5-6000mhz-desktop-ram,RAM-GSKILL-G-SKILL-TRIDENT-Z5-R-64-6000,https://www.startech.com.bd/gskill-trident-z5-rgb-64gb-ddr5-desktop-ram,,,REVIEW,