stock_decision,name,slug,sku,brand_slug,category_slug,shortDescription,description,price,compareAtPrice,costPrice,stockStatus,stockQuantity,lowStockAlert,isFeatured,isActive,image_url,image_alt,metaTitle,metaDescription,metaKeywords,source_list_url,memory_size,memory_type,engine_clock,memory_clock,resolution,gpu_chipset,chipset_series,pci_express,port_types,warranty
STOCK,AFOX NVIDIA GeForce GT 240 1GB GDDR3 Graphics Card,afox-nvidia-geforce-gt-240-1gb-gddr3-graphics-card,GPU-AFOX-GT-240-1GB-GDDR3,afox,nvidia,"Video Memory: 1024MB GDDR3 • Engine Clock: 550 MHz, Memory Clock: 1400 MHz • Resolution: 2560 x 1600 • Interface: 1 x DVI, 1 x HDMI, 1 x D-Sub",,5000,,,IN_STOCK,0,5,false,true,/uploads/gpus/afox-nvidia-geforce-gt-240-1gb-gddr3-graphics-card.jpg,AFOX NVIDIA GeForce GT 240 1GB GDDR3 Graphics Card,Buy AFOX NVIDIA GeForce GT 240 1GB GDDR3 Graphics Card in Bangladesh | LogicBay BD,AFOX NVIDIA GeForce GT 240 1GB GDDR3 Graphics Card. Check price and warranty at LogicBay BD.,"graphics card, afox, nvidia geforce, 1gb",https://www.startech.com.bd/afox-gt-240-1gb-graphics-card,1GB,GDDR3,550 MHz,1400 MHz,2560 x 1600,NVIDIA GeForce,,,"1 x DVI, 1 x HDMI, 1 x D-Sub",3 Years
STOCK,AFOX NVIDIA GeForce GT 610 2GB GDDR3 Graphics Card,afox-nvidia-geforce-gt-610-2gb-gddr3-graphics-card,GPU-AFOX-GT-610-2GB-GDDR3,afox,nvidia,"Video Memory: 2048MB GDDR3 • Engine Clock: 810 MHz, Memory Clock: 1333 MHz • Resolution: 2560 x 1600 • Interface: 1 x DVI, 1 x HDMI, 1 x D-Sub",,5500,,,IN_STOCK,0,5,false,true,/uploads/gpus/afox-nvidia-geforce-gt-610-2gb-gddr3-graphics-card.jpg,AFOX NVIDIA GeForce GT 610 2GB GDDR3 Graphics Card,Buy AFOX NVIDIA GeForce GT 610 2GB GDDR3 Graphics Card in Bangladesh | LogicBay BD,AFOX NVIDIA GeForce GT 610 2GB GDDR3 Graphics Card. Check price and warranty at LogicBay BD.,"graphics card, afox, nvidia geforce, 2gb",https://www.startech.com.bd/afox-gt-610-2gb-graphics-card,2GB,GDDR3,810 MHz,1333 MHz,2560 x 1600,NVIDIA GeForce,GT 700,,"1 x DVI, 1 x HDMI, 1 x D-Sub",3 Years
STOCK,PELADN GeForce KaiTian GT 730 4GB GDDR3 Graphics Card,peladn-geforce-kaitian-gt-730-4gb-gddr3-graphics-card,GPU-PELADN-KAITIAN-GT-730-4GB-GDDR3,peladn,nvidia,Video Memory: 4GB GDDR3 • CUDA Cores: 192 • Memory Clock Speed: 902 MHz • Memory Frequency: 1300 MHz,,5999,,,IN_STOCK,0,5,false,true,/uploads/gpus/peladn-geforce-kaitian-gt-730-4gb-gddr3-graphics-card.jpg,PELADN GeForce KaiTian GT 730 4GB GDDR3 Graphics Card,Buy PELADN GeForce KaiTian GT 730 4GB GDDR3 Graphics Card in Bangladesh | LogicBay BD,PELADN GeForce KaiTian GT 730 4GB GDDR3 Graphics Card. Check price and warranty at LogicBay BD.,"graphics card, peladn, nvidia geforce, 4gb",https://www.startech.com.bd/peladn-geforce-kaitian-gt-730-4gd3-graphics-card,4GB,GDDR3,,,,NVIDIA GeForce,GT 700,,,3 Years
STOCK,Colorful GeForce GT710-2GD3-V 2GB Graphics Card,colorful-geforce-gt710-2gd3-v-2gb-graphics-card,GPU-COLORFUL-GT710-2GD3-V-2GB,colorful,nvidia,Single Fan • No Power Supply • Powered by GeForce GT710 • Integrated with 2GB GDDR5 64-bit,,6500,,,IN_STOCK,0,5,false,true,/uploads/gpus/colorful-geforce-gt710-2gd3-v-2gb-graphics-card.jpg,Colorful GeForce GT710-2GD3-V 2GB Graphics Card,Buy Colorful GeForce GT710-2GD3-V 2GB Graphics Card in Bangladesh | LogicBay BD,Colorful GeForce GT710-2GD3-V 2GB Graphics Card. Check price and warranty at LogicBay BD.,"graphics card, colorful, nvidia geforce, 2gb",https://www.startech.com.bd/colorful-geforce-gt710-2gd3-v-graphics-card,2GB,GDDR5,,,,NVIDIA GeForce,GT 700,,,3 Years
STOCK,AFOX NVIDIA GeForce GT 710 2GB GDDR3 Graphics Card,afox-nvidia-geforce-gt-710-2gb-gddr3-graphics-card,GPU-AFOX-GT-710-2GB-GDDR3,afox,nvidia,"Video Memory: 2048MB GDDR3 • Base Clock: 954 MHz, Memory Clock: 1333 MHz • Resolution: 2048 x1536 • Interface: 1 x DVI, 1 x HDMI, 1 x D-Sub",,6500,,,IN_STOCK,0,5,false,true,/uploads/gpus/afox-nvidia-geforce-gt-710-2gb-gddr3-graphics-card.jpg,AFOX NVIDIA GeForce GT 710 2GB GDDR3 Graphics Card,Buy AFOX NVIDIA GeForce GT 710 2GB GDDR3 Graphics Card in Bangladesh | LogicBay BD,AFOX NVIDIA GeForce GT 710 2GB GDDR3 Graphics Card. Check price and warranty at LogicBay BD.,"graphics card, afox, nvidia geforce, 2gb",https://www.startech.com.bd/afox-gt-710-2gb-graphics-card,2GB,GDDR3,,1333 MHz,2048 x1536,NVIDIA GeForce,GT 700,,"1 x DVI, 1 x HDMI, 1 x D-Sub",3 Years
STOCK,ASUS GeForce GT 710 2GB GDDR5 EVO Low-profile Graphics Card,asus-geforce-gt-710-2gb-gddr5-evo-low-profile-graphics-card,GPU-ASUS-GT-710-2GB-GDDR5-EVO-LOW-PROFIL,asus,nvidia,"Engine Clock: 954 MHz • Memory: 2GB GDDR5 • Memory Speed: 5012 MHz • Output: 1x HDMI2.0b, 1x Native DVI-D",,8400,8500,,IN_STOCK,0,5,false,true,/uploads/gpus/asus-geforce-gt-710-2gb-gddr5-evo-low-profile-graphics-card.jpg,ASUS GeForce GT 710 2GB GDDR5 EVO Low-profile Graphics Card,Buy ASUS GeForce GT 710 2GB GDDR5 EVO Low-profile Graphics Card in Bangladesh | LogicBay BD,ASUS GeForce GT 710 2GB GDDR5 EVO Low-profile Graphics Card. Check price and warranty at LogicBay BD.,"graphics card, asus, nvidia geforce, 7102gb",https://www.startech.com.bd/asus-geforce-gt-710-2gb-gddr5-evo-low-profile-graphics-card,7102GB,GDDR5,954 MHz,,,NVIDIA GeForce,GT 700,,,3 Years
STOCK,OCPC GeForce GT 730 4GB DDR3 Graphics Card,ocpc-geforce-gt-730-4gb-ddr3-graphics-card,GPU-OCPC-GT-730-4GB-DDR3,ocpc,nvidia,"Boost Clock: 700 MHz, Base Clock: 700 MHz • CUDA cores: 384, Memory Interface: 128-bit • Width: Single Slot • Outputs: 1x HDMI, 1x DVI, 1x VGA",,8100,,,IN_STOCK,0,5,false,true,/uploads/gpus/ocpc-geforce-gt-730-4gb-ddr3-graphics-card.jpg,OCPC GeForce GT 730 4GB DDR3 Graphics Card,Buy OCPC GeForce GT 730 4GB DDR3 Graphics Card in Bangladesh | LogicBay BD,OCPC GeForce GT 730 4GB DDR3 Graphics Card. Check price and warranty at LogicBay BD.,"graphics card, ocpc, nvidia geforce, 7304gb",https://www.startech.com.bd/ocpc-geforce-gt-730-4gb-graphics-card,7304GB,GDDR3,,,,NVIDIA GeForce,GT 700,,128-bit,3 Years
STOCK,AFOX NVIDIA GeForce GT 710 4GB GDDR3 Graphics Card,afox-nvidia-geforce-gt-710-4gb-gddr3-graphics-card,GPU-AFOX-GT-710-4GB-GDDR3,afox,nvidia,"Video Memory: 4096MB GDDR3 • Base Clock: 954 MHz, Memory Clock: 1600MHz • Resolution: 2048 x1536 • Interface: 1 x DVI, 1 x HDMI, 1 x D-Sub",,8500,,,IN_STOCK,0,5,false,true,/uploads/gpus/afox-nvidia-geforce-gt-710-4gb-gddr3-graphics-card.jpg,AFOX NVIDIA GeForce GT 710 4GB GDDR3 Graphics Card,Buy AFOX NVIDIA GeForce GT 710 4GB GDDR3 Graphics Card in Bangladesh | LogicBay BD,AFOX NVIDIA GeForce GT 710 4GB GDDR3 Graphics Card. Check price and warranty at LogicBay BD.,"graphics card, afox, nvidia geforce, 4gb",https://www.startech.com.bd/afox-gt-710-4gb-graphics-card,4GB,GDDR3,,1600MHz,2048 x1536,NVIDIA GeForce,GT 700,,"1 x DVI, 1 x HDMI, 1 x D-Sub",3 Years
STOCK,MSI GT 710 2GD3H LP 2GB DDR3 Gaming Graphic Card,msi-gt-710-2gd3h-lp-2gb-ddr3-gaming-graphic-card,GPU-MSI-GT-710-2GD3H-LP-2GB-DDR3-GAMING,msi,nvidia,Boost Clock: 1600 MHz • D-Sub x 1/ HDMI x 1/ DL-DVI-D x 1 • Predator: In-game video recording • Lower temperature and higher efficiency,,9100,9300,,IN_STOCK,0,5,false,true,/uploads/gpus/msi-gt-710-2gd3h-lp-2gb-ddr3-gaming-graphic-card.jpg,MSI GT 710 2GD3H LP 2GB DDR3 Gaming Graphic Card,Buy MSI GT 710 2GD3H LP 2GB DDR3 Gaming Graphic Card in Bangladesh | LogicBay BD,MSI GT 710 2GD3H LP 2GB DDR3 Gaming Graphic Card. Check price and warranty at LogicBay BD.,"graphics card, msi, nvidia geforce, 2gb",https://www.startech.com.bd/msi-gt-710-2gd3h-lp-graphics-card,2GB,GDDR3,,,,NVIDIA GeForce,GT 700,,,3 Years
STOCK,AFOX Radeon R7 350 2GB GDDR5 Single Fan Graphics Card,afox-radeon-r7-350-2gb-gddr5-single-fan-graphics-card,GPU-AFOX-R7-350-2GB-GDDR5-SINGLE-FAN,afox,amd-gpu,"Video Memory: 2GB GDDR5 • Engine Clock: 800 MHz • Resolution: 2560 x 1600 • Port: 1 x DVI, 1 x VGA, 1 x HDMI",,9700,,,IN_STOCK,0,5,false,true,/uploads/gpus/afox-radeon-r7-350-2gb-gddr5-single-fan-graphics-card.jpg,AFOX Radeon R7 350 2GB GDDR5 Single Fan Graphics Card,Buy AFOX Radeon R7 350 2GB GDDR5 Single Fan Graphics Card in Bangladesh | LogicBay BD,AFOX Radeon R7 350 2GB GDDR5 Single Fan Graphics Card. Check price and warranty at LogicBay BD.,"graphics card, afox, amd radeon, 2gb",https://www.startech.com.bd/afox-radeon-r7-350-2gb-graphics-card,2GB,GDDR5,800 MHz,,2560 x 1600,AMD Radeon,RX 500,,,3 Years
STOCK,Asus Geforce Gt 730 2GB GDDR5 Graphics Card,asus-geforce-gt-730-2gb-gddr5-graphics-card,GPU-ASUS-GT-730-2GB-GDDR5,asus,nvidia,Breakthrough Graphics Performance • Auto-Extreme Technology • GPU Tweak II • Fan less Silent Cooling head Sinks,,10700,11000,,IN_STOCK,0,5,false,true,/uploads/gpus/asus-geforce-gt-730-2gb-gddr5-graphics-card.jpg,Asus Geforce Gt 730 2GB GDDR5 Graphics Card,Buy Asus Geforce Gt 730 2GB GDDR5 Graphics Card in Bangladesh | LogicBay BD,Asus Geforce Gt 730 2GB GDDR5 Graphics Card. Check price and warranty at LogicBay BD.,"graphics card, asus, nvidia geforce, 7302gb",https://www.startech.com.bd/asus-geforce-gt-730-2gb-gddr5-graphics-card,7302GB,GDDR5,,,,NVIDIA GeForce,GT 700,,,3 Years
STOCK,ARKTEK AMD Radeon RX 550 4GB GDDR5 Graphics Card,arktek-amd-radeon-rx-550-4gb-gddr5-graphics-card,GPU-ARKTEK-RX-550-4GB-GDDR5,arktek,amd-gpu,"Engine Clock: 1287MHz • Stream Processors: 640SP • Memory Clock: 7000MHz • Display Outputs: 1 x HDMI, 1 x DVI, 1 x Display Port",,12500,,,IN_STOCK,0,5,false,true,/uploads/gpus/arktek-amd-radeon-rx-550-4gb-gddr5-graphics-card.jpg,ARKTEK AMD Radeon RX 550 4GB GDDR5 Graphics Card,Buy ARKTEK AMD Radeon RX 550 4GB GDDR5 Graphics Card in Bangladesh | LogicBay BD,ARKTEK AMD Radeon RX 550 4GB GDDR5 Graphics Card. Check price and warranty at LogicBay BD.,"graphics card, arktek, amd radeon, 5504gb",https://www.startech.com.bd/arktek-amd-radeon-rx-550-4gb-graphics-card,5504GB,GDDR5,1287MHz,7000MHz,,AMD Radeon,RX 500,,,3 Years
STOCK,MSI GeForce GT 730 4GB DDR3 Graphics Card,msi-geforce-gt-730-4gb-ddr3-graphics-card,GPU-MSI-GT-730-4GB-DDR3,msi,nvidia,"Core Clocks 700 MHz • Memory Size: 4096 • Memory: 4GB DDR3 • Output: HDMI x1, D-SUB x1, DVI x1",,12400,12900,,IN_STOCK,0,5,false,true,/uploads/gpus/msi-geforce-gt-730-4gb-ddr3-graphics-card.jpg,MSI GeForce GT 730 4GB DDR3 Graphics Card,Buy MSI GeForce GT 730 4GB DDR3 Graphics Card in Bangladesh | LogicBay BD,MSI GeForce GT 730 4GB DDR3 Graphics Card. Check price and warranty at LogicBay BD.,"graphics card, msi, nvidia geforce, 7304gb",https://www.startech.com.bd/msi-gt-730-4gb-graphics-card,7304GB,GDDR3,,,,NVIDIA GeForce,GT 700,,,3 Years
STOCK,OCPC RX 550 XR 4GB GDDR5 Graphics Card,ocpc-rx-550-xr-4gb-gddr5-graphics-card,GPU-OCPC-RX-550-XR-4GB-GDDR5,ocpc,amd-gpu,"Memroy Size: 4GB GDDR5 • Base Clock: 1100 MHz • Memory Interface: 128‑bit • Video Output: 1 x DP, 1 x HDMI, 1 x DVI",,13900,,,IN_STOCK,0,5,false,true,/uploads/gpus/ocpc-rx-550-xr-4gb-gddr5-graphics-card.jpg,OCPC RX 550 XR 4GB GDDR5 Graphics Card,Buy OCPC RX 550 XR 4GB GDDR5 Graphics Card in Bangladesh | LogicBay BD,OCPC RX 550 XR 4GB GDDR5 Graphics Card. Check price and warranty at LogicBay BD.,"graphics card, ocpc, amd radeon, 4gb",https://www.startech.com.bd/ocpc-rx-550-xr-4gb-gddr5-graphics-card,4GB,GDDR5,,,,AMD Radeon,RX 500,,128‑bit,3 Years
STOCK,AFOX NVIDIA GeForce GT 1030 2GB GDDR5 Graphics Card,afox-nvidia-geforce-gt-1030-2gb-gddr5-graphics-card,GPU-AFOX-GT-1030-2GB-GDDR5,afox,nvidia,"Video Memory: 2048MB GDDR5 • Base Clock: 1228MHz , Boost Clock: 1468MHz • Resolution: 4K@60Hz, CUDA Cores: 384 • Interface: 1 x DVI, 1 x HDMI",,14000,,,IN_STOCK,0,5,false,true,/uploads/gpus/afox-nvidia-geforce-gt-1030-2gb-gddr5-graphics-card.jpg,AFOX NVIDIA GeForce GT 1030 2GB GDDR5 Graphics Card,Buy AFOX NVIDIA GeForce GT 1030 2GB GDDR5 Graphics Card in Bangladesh | LogicBay BD,AFOX NVIDIA GeForce GT 1030 2GB GDDR5 Graphics Card. Check price and warranty at LogicBay BD.,"graphics card, afox, nvidia geforce, 2gb",https://www.startech.com.bd/afox-gt-1030-2gb-graphics-card,2GB,GDDR5,,,"4K@60Hz, CUDA Cores: 384",NVIDIA GeForce,GT 1000,,"1 x DVI, 1 x HDMI",3 Years
STOCK,Gunnir Intel ARC A310 Index 4GB GDDR6 Graphics Card,gunnir-intel-arc-a310-index-4gb-gddr6-graphics-card,GPU-GUNNIR-ARC-A310-INDEX-4GB-GDDR6,gunnir,graphics-card,"Maximum Graphics Clock: 2000 MHz • Video Memory: 4GB GDDR6 • Memory Frequency: 15.5 Gbps • Output Ports: DP x3, HDMI x1",,12900,14000,,IN_STOCK,0,5,false,true,/uploads/gpus/gunnir-intel-arc-a310-index-4gb-gddr6-graphics-card.jpg,Gunnir Intel ARC A310 Index 4GB GDDR6 Graphics Card,Buy Gunnir Intel ARC A310 Index 4GB GDDR6 Graphics Card in Bangladesh | LogicBay BD,Gunnir Intel ARC A310 Index 4GB GDDR6 Graphics Card. Check price and warranty at LogicBay BD.,"graphics card, gunnir, intel arc, 4gb",https://www.startech.com.bd/gunnir-intel-arc-a310-index-4gb-gddr6-graphics-card,4GB,GDDR6,,,,Intel Arc,Arc A,,,3 Years
STOCK,AFOX Radeon RX 550 4GB GDDR5 Dual Fan Graphics Card,afox-radeon-rx-550-4gb-gddr5-dual-fan-graphics-card,GPU-AFOX-RX-550-4GB-GDDR5-DUAL-FAN,afox,amd-gpu,Video Memory: 4GB GDDR5 • Engine Clock: 1183 MHz • Resolution: 7680x4320 • DVI/ DisplayPort/ HDMI,,14500,,,IN_STOCK,0,5,false,true,/uploads/gpus/afox-radeon-rx-550-4gb-gddr5-dual-fan-graphics-card.jpg,AFOX Radeon RX 550 4GB GDDR5 Dual Fan Graphics Card,Buy AFOX Radeon RX 550 4GB GDDR5 Dual Fan Graphics Card in Bangladesh | LogicBay BD,AFOX Radeon RX 550 4GB GDDR5 Dual Fan Graphics Card. Check price and warranty at LogicBay BD.,"graphics card, afox, amd radeon, 4gb",https://www.startech.com.bd/afox-radeon-rx-550-4gb-dual-fan-graphics-card,4GB,GDDR5,1183 MHz,,7680x4320,AMD Radeon,RX 500,,,3 Years
STOCK,AFOX AMD Radeon RX 580 8GB GDDR5 Dual Fan Graphics Card,afox-amd-radeon-rx-580-8gb-gddr5-dual-fan-graphics-card,GPU-AFOX-RX-580-8GB-GDDR5-DUAL-FAN,afox,amd-gpu,"Video Memory: 8GB GDDR5 • Engine Clock: 1284 MHz • Resolution: 3840 x 2160(1.4 HDR) • Interface: DVI, DisplayPort, HDMI",,19500,,,IN_STOCK,0,5,false,true,/uploads/gpus/afox-amd-radeon-rx-580-8gb-gddr5-dual-fan-graphics-card.jpg,AFOX AMD Radeon RX 580 8GB GDDR5 Dual Fan Graphics Card,Buy AFOX AMD Radeon RX 580 8GB GDDR5 Dual Fan Graphics Card in Bangladesh | LogicBay BD,AFOX AMD Radeon RX 580 8GB GDDR5 Dual Fan Graphics Card. Check price and warranty at LogicBay BD.,"graphics card, afox, amd radeon, 8gb",https://www.startech.com.bd/afox-radeon-rx-580-8gb-graphics-card,8GB,GDDR5,1284 MHz,,3840 x 2160(1.4 HDR),AMD Radeon,RX 500,,"DVI, DisplayPort, HDMI",3 Years
STOCK,Asus Geforce GT 730 2GB GDDR5 Graphics Card with 4 HDMI Ports,asus-geforce-gt-730-2gb-gddr5-graphics-card-with-4-hdmi-ports,GPU-ASUS-GT-730-2GB-GDDR5-WITH-4-HDMI-PO,asus,nvidia,"OC mode: 927 MHz (Boost Clock) • Gaming mode: 902 MHz (Boost Clock) • Memory Type: GDDR5, Memory Bus: 64-bit • Output: 4 x HDMI 1.4b, HDCP Support",,16400,16500,,IN_STOCK,0,5,false,true,/uploads/gpus/asus-geforce-gt-730-2gb-gddr5-graphics-card-with-4-hdmi-ports.jpg,Asus Geforce GT 730 2GB GDDR5 Graphics Card with 4 HDMI Ports,Buy Asus Geforce GT 730 2GB GDDR5 Graphics Card with 4 HDMI Ports in Bangladesh | LogicBay BD,Asus Geforce GT 730 2GB GDDR5 Graphics Card with 4 HDMI Ports. Check price and warranty at LogicBay BD.,"graphics card, asus, nvidia geforce, 7302gb",https://www.startech.com.bd/asus-gt-730-2gb-gddr5-graphics-card,7302GB,GDDR5,,,,NVIDIA GeForce,GT 700,,,3 Years
STOCK,ARKTEK AMD Radeon RX 550 8GB GDDR5 Graphics Card,arktek-amd-radeon-rx-550-8gb-gddr5-graphics-card,GPU-ARKTEK-RX-550-8GB-GDDR5,arktek,amd-gpu,"Engine Clock: 1287MHz • Stream Processors: 640SP • Memory Clock: 7000MHz • Display Outputs: 1 x HDMI, 1 x DVI, 1 x Display Port",,16900,,,IN_STOCK,0,5,false,true,/uploads/gpus/arktek-amd-radeon-rx-550-8gb-gddr5-graphics-card.jpg,ARKTEK AMD Radeon RX 550 8GB GDDR5 Graphics Card,Buy ARKTEK AMD Radeon RX 550 8GB GDDR5 Graphics Card in Bangladesh | LogicBay BD,ARKTEK AMD Radeon RX 550 8GB GDDR5 Graphics Card. Check price and warranty at LogicBay BD.,"graphics card, arktek, amd radeon, 5508gb",https://www.startech.com.bd/arktek-amd-radeon-rx-550-8gb-graphics-card,5508GB,GDDR5,1287MHz,7000MHz,,AMD Radeon,RX 500,,,3 Years
STOCK,GIGABYTE Intel Arc A310 WINDFORCE 4G GDDR6 Graphics Card,gigabyte-intel-arc-a310-windforce-4g-gddr6-graphics-card,GPU-GIGABYTE-ARC-A310-WINDFORCE-4G-GDDR6,gigabyte,graphics-card,"Graphics Clock: 2000 MHz • Memory: 4GB GDDR6 • Memory Bandwidth (GB/sec): 124 GB/s • Output: DP x2, HDMI x2",,15900,17000,,IN_STOCK,0,5,false,true,/uploads/gpus/gigabyte-intel-arc-a310-windforce-4g-gddr6-graphics-card.jpg,GIGABYTE Intel Arc A310 WINDFORCE 4G GDDR6 Graphics Card,Buy GIGABYTE Intel Arc A310 WINDFORCE 4G GDDR6 Graphics Card in Bangladesh | LogicBay BD,GIGABYTE Intel Arc A310 WINDFORCE 4G GDDR6 Graphics Card. Check price and warranty at LogicBay BD.,"graphics card, gigabyte, intel arc, ",https://www.startech.com.bd/gigabyte-intel-arc-a310-windforce-4g-graphics-card,,GDDR6,,,,Intel Arc,Arc A,,,3 Years
STOCK,Abit Radeon RX 580 8GB GDDR5 Graphics Card,abit-radeon-rx-580-8gb-gddr5-graphics-card,GPU-ABIT-RX-580-8GB-GDDR5,abit,amd-gpu,"Video Memory: 8GB GDDR5 • Core Clock: 1244Mhz • Memory Clock: 1750Mhz • Interface: 2x DisplayPort, 1x HDMI",,17500,,,IN_STOCK,0,5,false,true,/uploads/gpus/abit-radeon-rx-580-8gb-gddr5-graphics-card.jpg,Abit Radeon RX 580 8GB GDDR5 Graphics Card,Buy Abit Radeon RX 580 8GB GDDR5 Graphics Card in Bangladesh | LogicBay BD,Abit Radeon RX 580 8GB GDDR5 Graphics Card. Check price and warranty at LogicBay BD.,"graphics card, abit, amd radeon, 8gb",https://www.startech.com.bd/abit-radeon-rx-580-8gb-graphics-card,8GB,GDDR5,,1750Mhz,,AMD Radeon,RX 500,,"2x DisplayPort, 1x HDMI",3 Years
STOCK,AFOX NVIDIA GeForce GTX 750 Ti 4GB GDDR5 Graphics Card,afox-nvidia-geforce-gtx-750-ti-4gb-gddr5-graphics-card,GPU-AFOX-GTX-750-TI-4GB-GDDR5,afox,nvidia,"Video Memory: 4096MB GDDR5 • Base Clock: 1020 MHz, Memory Clock: 5400 MHz • Bus Standard: PCI Express 3.0 • Interface: 1 x DVI, 1 x HDMI, 1x DisplayPort",,18000,,,IN_STOCK,0,5,false,true,/uploads/gpus/afox-nvidia-geforce-gtx-750-ti-4gb-gddr5-graphics-card.jpg,AFOX NVIDIA GeForce GTX 750 Ti 4GB GDDR5 Graphics Card,Buy AFOX NVIDIA GeForce GTX 750 Ti 4GB GDDR5 Graphics Card in Bangladesh | LogicBay BD,AFOX NVIDIA GeForce GTX 750 Ti 4GB GDDR5 Graphics Card. Check price and warranty at LogicBay BD.,"graphics card, afox, nvidia geforce, 4gb",https://www.startech.com.bd/afox-gtx-750-ti-4gb-graphics-card,4GB,GDDR5,,5400 MHz,,NVIDIA GeForce,,,"1 x DVI, 1 x HDMI, 1x DisplayPort",3 Years
STOCK,Unika Radeon RX 580 BLIZZARDS 8GD5 V2 8GB GDDR5 Graphics Card,unika-radeon-rx-580-blizzards-8gd5-v2-8gb-gddr5-graphics-card,GPU-UNIKA-RX-580-BLIZZARDS-8GD5-V2-8GB-G,unika,amd-gpu,"Video Memory: 8GB GDDR5, Stream Processor: 2048 • Memory Clock: 7000MHz, Boost Clock: 1244MHz • Memory Interface: 256bit, Interface Type: PCI-E 3.0 • Interface: 2x DisplayPort, 1x HDMI",,17800,18500,,IN_STOCK,0,5,false,true,/uploads/gpus/unika-radeon-rx-580-blizzards-8gd5-v2-8gb-gddr5-graphics-card.jpg,Unika Radeon RX 580 BLIZZARDS 8GD5 V2 8GB GDDR5 Graphics Card,Buy Unika Radeon RX 580 BLIZZARDS 8GD5 V2 8GB GDDR5 Graphics Card in Bangladesh | LogicBay BD,Unika Radeon RX 580 BLIZZARDS 8GD5 V2 8GB GDDR5 Graphics Card. Check price and warranty at LogicBay BD.,"graphics card, unika, amd radeon, 8gb",https://www.startech.com.bd/unika-radeon-rx-580-blizzards-8gd5-v2-graphics-card,8GB,GDDR5,,"7000MHz, Boost Clock: 1244MHz",,AMD Radeon,RX 500,,"2x DisplayPort, 1x HDMI",3 Years
STOCK,OCPC RX 580 8GB DDR5 XX BLACK Graphics Card,ocpc-rx-580-8gb-ddr5-xx-black-graphics-card,GPU-OCPC-RX-580-8GB-DDR5-XX-BLACK,ocpc,amd-gpu,"Memory Clock: 1500 Mhz • Boost Clock: Up to 1206 MHz • Stream Processors: 2048SP • Video Output: 3 x DP, 1 x HDMI",,18900,,,IN_STOCK,0,5,false,true,/uploads/gpus/ocpc-rx-580-8gb-ddr5-xx-black-graphics-card.jpg,OCPC RX 580 8GB DDR5 XX BLACK Graphics Card,Buy OCPC RX 580 8GB DDR5 XX BLACK Graphics Card in Bangladesh | LogicBay BD,OCPC RX 580 8GB DDR5 XX BLACK Graphics Card. Check price and warranty at LogicBay BD.,"graphics card, ocpc, amd radeon, 5808gb",https://www.startech.com.bd/ocpc-rx-580-8gb-xx-black-graphics-card,5808GB,,,1500 Mhz,,AMD Radeon,RX 500,,,3 Years
STOCK,PELADN RX 580 8G 256Bit Dual Fans Gaming Graphics Card,peladn-rx-580-8g-256bit-dual-fans-gaming-graphics-card,GPU-PELADN-RX-580-8G-256BIT-DUAL-FANS-GA,peladn,amd-gpu,"Base: 1125 Mhz • Memory Clock: Up to 1750 Mhz • Video Output: 3 x DP, 1 x HDMI • Two-fan cooling system",,17999,19000,,IN_STOCK,0,5,false,true,/uploads/gpus/peladn-rx-580-8g-256bit-dual-fans-gaming-graphics-card.jpg,PELADN RX 580 8G 256Bit Dual Fans Gaming Graphics Card,Buy PELADN RX 580 8G 256Bit Dual Fans Gaming Graphics Card in Bangladesh | LogicBay BD,PELADN RX 580 8G 256Bit Dual Fans Gaming Graphics Card. Check price and warranty at LogicBay BD.,"graphics card, peladn, amd radeon, ",https://www.startech.com.bd/peladn-rx-580-8g-gaming-graphics-card,,,,Up to 1750 Mhz,,AMD Radeon,RX 500,,,3 Years
STOCK,MSI GeForce GT 1030 AERO ITX OC 4GB GDDR4 Graphic Card,msi-geforce-gt-1030-aero-itx-oc-4gb-gddr4-graphic-card,GPU-MSI-GT-1030-AERO-ITX-OC-4GB-GDDR4,msi,nvidia,"Boost Clock: 1430 MHz, Memory Speed: 2100 MHz • Memory: 4GB GDDR4, Direct X 12, Open GL 4.5 • Memory BUS: 64-bit; PCI Express 3.0 • Output: HDmI x 1, DVI x 1",,16999,19500,,IN_STOCK,0,5,false,true,/uploads/gpus/msi-geforce-gt-1030-aero-itx-oc-4gb-gddr4-graphic-card.jpg,MSI GeForce GT 1030 AERO ITX OC 4GB GDDR4 Graphic Card,Buy MSI GeForce GT 1030 AERO ITX OC 4GB GDDR4 Graphic Card in Bangladesh | LogicBay BD,MSI GeForce GT 1030 AERO ITX OC 4GB GDDR4 Graphic Card. Check price and warranty at LogicBay BD.,"graphics card, msi, nvidia geforce, 4gb",https://www.startech.com.bd/msi-geforce-gt-1030-aero-itx-oc-4gb-gddr4-graphic-card,4GB,GDDR4,,,,NVIDIA GeForce,GT 1000,,,3 Years
STOCK,ARKTEK RX 580 8GB 256bit GDDR5 Graphics Card,arktek-rx-580-8gb-256bit-gddr5-graphics-card,GPU-ARKTEK-RX-580-8GB-256BIT-GDDR5,arktek,amd-gpu,"Video Memory: 8GB GDDR5 • Engine Clock: 1257~1340 MHz True Clock • Resolution: 3840 x 2160@120Hz • Interface: 3 x DP, 1 x HDMI",,20500,,,IN_STOCK,0,5,false,true,/uploads/gpus/arktek-rx-580-8gb-256bit-gddr5-graphics-card.jpg,ARKTEK RX 580 8GB 256bit GDDR5 Graphics Card,Buy ARKTEK RX 580 8GB 256bit GDDR5 Graphics Card in Bangladesh | LogicBay BD,ARKTEK RX 580 8GB 256bit GDDR5 Graphics Card. Check price and warranty at LogicBay BD.,"graphics card, arktek, amd radeon, 8gb",https://www.startech.com.bd/arktek-rx-580-8gb-256bit-graphics-card,8GB,GDDR5,1257~1340 MHz True Clock,,3840 x 2160@120Hz,AMD Radeon,RX 500,,"3 x DP, 1 x HDMI",3 Years
STOCK,Abit Radeon RX 6500XT 4GB GDDR6 Graphics Card,abit-radeon-rx-6500xt-4gb-gddr6-graphics-card,GPU-ABIT-RX-6500XT-4GB-GDDR6,abit,amd-gpu,"Video Memory: 4GB GDDR6 • Stream Processor: 1024 • Interface Type: PCI-E 4.0 • Interface: 1x DisplayPort, 1x HDMI",,19700,21000,,IN_STOCK,0,5,false,true,/uploads/gpus/abit-radeon-rx-6500xt-4gb-gddr6-graphics-card.jpg,Abit Radeon RX 6500XT 4GB GDDR6 Graphics Card,Buy Abit Radeon RX 6500XT 4GB GDDR6 Graphics Card in Bangladesh | LogicBay BD,Abit Radeon RX 6500XT 4GB GDDR6 Graphics Card. Check price and warranty at LogicBay BD.,"graphics card, abit, amd radeon, 4gb",https://www.startech.com.bd/abit-radeon-rx-6500xt-4gb-graphics-card,4GB,GDDR6,,,,AMD Radeon,RX 6000,,"1x DisplayPort, 1x HDMI",3 Years
STOCK,PELADN RX 5500 8G GDDR6 Dual Fan Gaming Graphics Card,peladn-rx-5500-8g-gddr6-dual-fan-gaming-graphics-card,GPU-PELADN-RX-5500-8G-GDDR6-DUAL-FAN-GAM,peladn,amd-gpu,"Memory Clock Speed: 1750MHz • Memory Bandwidth: 224GB/s • Two-fan cooling system • Display Outputs: 1x HDMI, 3x DisplayPort",,22500,24500,,IN_STOCK,0,5,false,true,/uploads/gpus/peladn-rx-5500-8g-gddr6-dual-fan-gaming-graphics-card.jpg,PELADN RX 5500 8G GDDR6 Dual Fan Gaming Graphics Card,Buy PELADN RX 5500 8G GDDR6 Dual Fan Gaming Graphics Card in Bangladesh | LogicBay BD,PELADN RX 5500 8G GDDR6 Dual Fan Gaming Graphics Card. Check price and warranty at LogicBay BD.,"graphics card, peladn, amd radeon, ",https://www.startech.com.bd/peladn-rx-5500-8gd6-black-gaming-graphics-card,,GDDR6,,,,AMD Radeon,RX 500,,,3 Years
STOCK,AFOX NVIDIA GeForce GTX 1050 Ti 4GB GDDR5 Graphics Card,afox-nvidia-geforce-gtx-1050-ti-4gb-gddr5-graphics-card,GPU-AFOX-GTX-1050-TI-4GB-GDDR5,afox,nvidia,"Video Memory: 4096MB GDDR5, CUDA Core: 768 • Base Clock: 1291 MHz, Boost Clock: 1392 MHz • Memory Clock: 7Gbps, Bus Standard: PCI Express 3.0 • Interface: 1 x DVI, 1 x HDMI, 1x DisplayPort",,24500,,,IN_STOCK,0,5,false,true,/uploads/gpus/afox-nvidia-geforce-gtx-1050-ti-4gb-gddr5-graphics-card.jpg,AFOX NVIDIA GeForce GTX 1050 Ti 4GB GDDR5 Graphics Card,Buy AFOX NVIDIA GeForce GTX 1050 Ti 4GB GDDR5 Graphics Card in Bangladesh | LogicBay BD,AFOX NVIDIA GeForce GTX 1050 Ti 4GB GDDR5 Graphics Card. Check price and warranty at LogicBay BD.,"graphics card, afox, nvidia geforce, 4gb",https://www.startech.com.bd/afox-gtx-1050-ti-4gb-graphics-card,4GB,GDDR5,,"7Gbps, Bus Standard: PCI Express 3.0",,NVIDIA GeForce,,,"1 x DVI, 1 x HDMI, 1x DisplayPort",3 Years
STOCK,GIGABYTE Intel Arc A380 GAMING OC 6G GDDR6 Graphics Card,gigabyte-intel-arc-a380-gaming-oc-6g-gddr6-graphics-card,GPU-GIGABYTE-ARC-A380-GAMING-OC-6G-GDDR6,gigabyte,graphics-card,"Graphics Clock: 2450 MHz (Reference card: 2000 MHz) • Memory: 6GB GDDR6 • Memory Bandwidth (GB/sec): 186 GB/s • Output: DP x2, HDMI x2",,24500,26000,,IN_STOCK,0,5,false,true,/uploads/gpus/gigabyte-intel-arc-a380-gaming-oc-6g-gddr6-graphics-card.jpg,GIGABYTE Intel Arc A380 GAMING OC 6G GDDR6 Graphics Card,Buy GIGABYTE Intel Arc A380 GAMING OC 6G GDDR6 Graphics Card in Bangladesh | LogicBay BD,GIGABYTE Intel Arc A380 GAMING OC 6G GDDR6 Graphics Card. Check price and warranty at LogicBay BD.,"graphics card, gigabyte, intel arc, ",https://www.startech.com.bd/gigabyte-intel-arc-a380-gaming-oc-6g-graphics-card,,GDDR6,,,,Intel Arc,Arc A,,,3 Years
STOCK,ASUS Dual Radeon RX 6500 XT V2 OC Edition 4GB GDDR6 Graphics Card,asus-dual-radeon-rx-6500-xt-v2-oc-edition-4gb-gddr6-graphics-card,GPU-ASUS-DUAL-RX-6500-XT-V2-OC-EDITION-4,asus,amd-gpu,"Video Memory: 4GB GDDR6, PCI Express 4.0 • Engine Clock: Max. 2820 MHz (Boost Clock), 2670 MHz (Game Clock) • Stream Processors: 1024, Memory Speed: 18 Gbps • Display Outputs: 1x HDMI 2.1, 1x DisplayPort 1.4a",,29900,26000,,IN_STOCK,0,5,false,true,/uploads/gpus/asus-dual-radeon-rx-6500-xt-v2-oc-edition-4gb-gddr6-graphics-card.jpg,ASUS Dual Radeon RX 6500 XT V2 OC Edition 4GB GDDR6 Graphics Card,Buy ASUS Dual Radeon RX 6500 XT V2 OC Edition 4GB GDDR6 Graphics Card in Bangladesh | LogicBay BD,ASUS Dual Radeon RX 6500 XT V2 OC Edition 4GB GDDR6 Graphics Card. Check price and warranty at LogicBay BD.,"graphics card, asus, amd radeon, 4gb",https://www.startech.com.bd/asus-dual-radeon-rx-6500-xt-v2-oc-edition-4gb-gddr6-graphics-card,4GB,GDDR6,Max. 2820 MHz (Boost Clock),,,AMD Radeon,RX 6000,,,3 Years
STOCK,ARKTEK GTX 1660 Super 6GB GDDR6 Graphics Card,arktek-gtx-1660-super-6gb-gddr6-graphics-card,GPU-ARKTEK-GTX-1660-SUPER-6GB-GDDR6,arktek,nvidia,Engine Clock: 1530~1785MHz • Stream Processors: 1408SP • Memory Clock: 14Gbps • Display Outputs: 1 x DP 1 x HDMI 1 x DVI,,27500,,,IN_STOCK,0,5,false,true,/uploads/gpus/arktek-gtx-1660-super-6gb-gddr6-graphics-card.jpg,ARKTEK GTX 1660 Super 6GB GDDR6 Graphics Card,Buy ARKTEK GTX 1660 Super 6GB GDDR6 Graphics Card in Bangladesh | LogicBay BD,ARKTEK GTX 1660 Super 6GB GDDR6 Graphics Card. Check price and warranty at LogicBay BD.,"graphics card, arktek, nvidia geforce, 6gb",https://www.startech.com.bd/arktek-gtx-1660-super-6gb-graphics-card,6GB,GDDR6,1530~1785MHz,14Gbps,,NVIDIA GeForce,GTX 1600,,,3 Years
STOCK,ARKTEK GeForce GTX 1660 Ti 6GB GDDR6 Graphics Card,arktek-geforce-gtx-1660-ti-6gb-gddr6-graphics-card,GPU-ARKTEK-GTX-1660-TI-6GB-GDDR6,arktek,nvidia,Engine Clock: 1500 ~ 1770 MHz • Stream Processors: 1536SP • Memory Clock: 12Gbps • Display Outputs: 1 x DP 1 x HDMI 1 x DVI,,27500,,,IN_STOCK,0,5,false,true,/uploads/gpus/arktek-geforce-gtx-1660-ti-6gb-gddr6-graphics-card.jpg,ARKTEK GeForce GTX 1660 Ti 6GB GDDR6 Graphics Card,Buy ARKTEK GeForce GTX 1660 Ti 6GB GDDR6 Graphics Card in Bangladesh | LogicBay BD,ARKTEK GeForce GTX 1660 Ti 6GB GDDR6 Graphics Card. Check price and warranty at LogicBay BD.,"graphics card, arktek, nvidia geforce, 6gb",https://www.startech.com.bd/arktek-geforce-gtx-1660ti-6gb-graphics-card,6GB,GDDR6,1500 ~ 1770 MHz,12Gbps,,NVIDIA GeForce,GTX 1600,,,3 Years
STOCK,PELADN RX 5500 XT 8G GDDR6 Dual Fan Black Gaming Graphics Card,peladn-rx-5500-xt-8g-gddr6-dual-fan-black-gaming-graphics-card,GPU-PELADN-RX-5500-XT-8G-GDDR6-DUAL-FAN-,peladn,amd-gpu,Core Frequency: 1717MHz • Memory Clock Speed: 14000MHz • Video Output: 3DP+HDMI • Two-fan cooling system,,25000,28000,,IN_STOCK,0,5,false,true,/uploads/gpus/peladn-rx-5500-xt-8g-gddr6-dual-fan-black-gaming-graphics-card.jpg,PELADN RX 5500 XT 8G GDDR6 Dual Fan Black Gaming Graphics Card,Buy PELADN RX 5500 XT 8G GDDR6 Dual Fan Black Gaming Graphics Card in Bangladesh | LogicBay BD,PELADN RX 5500 XT 8G GDDR6 Dual Fan Black Gaming Graphics Card. Check price and warranty at LogicBay BD.,"graphics card, peladn, amd radeon, ",https://www.startech.com.bd/peladn-rx-5500-xt-8g-black-gaming-graphics-card,,GDDR6,,,,AMD Radeon,RX 500,,,3 Years
STOCK,OCPC GeForce GTX 1660 Ti XM 6GB GDDR6 Graphics Card,ocpc-geforce-gtx-1660-ti-xm-6gb-gddr6-graphics-card,GPU-OCPC-GTX-1660-TI-XM-6GB-GDDR6,ocpc,nvidia,"Base Clock: 1500 MHz, Boost Clock: 1770 MHz • Memory: 6GB GDDR6, CUDA Cores: 1536 • Memory Interface: 192-Bits; Bandwidth: 336.0 GB/s • Outputs: 1x DisplayPort, 1x HDMI, 1x Dual-Link DVI",,29200,,,IN_STOCK,0,5,false,true,/uploads/gpus/ocpc-geforce-gtx-1660-ti-xm-6gb-gddr6-graphics-card.jpg,OCPC GeForce GTX 1660 Ti XM 6GB GDDR6 Graphics Card,Buy OCPC GeForce GTX 1660 Ti XM 6GB GDDR6 Graphics Card in Bangladesh | LogicBay BD,OCPC GeForce GTX 1660 Ti XM 6GB GDDR6 Graphics Card. Check price and warranty at LogicBay BD.,"graphics card, ocpc, nvidia geforce, 6gb",https://www.startech.com.bd/ocpc-geforce-gtx-1660-ti-xm-6gb-graphics-card,6GB,GDDR6,,,,NVIDIA GeForce,GTX 1600,,192-Bits; Bandwidth: 336.0 GB/s,3 Years
STOCK,AFOX Geforce GTX 1660Ti 6GB GDDR6 ATX Dual Fan Graphics Card,afox-geforce-gtx-1660ti-6gb-gddr6-atx-dual-fan-graphics-card,GPU-AFOX-GTX-1660TI-6GB-GDDR6-ATX-DUAL-F,afox,nvidia,"Video Memory: 6144MB GDDR6, CUDA Core: 1536 • Base Clock: 1500 MHz, Boost Clock: 1770 MHz • Memory Clock: 12Gbps, Bus Standard: PCI Express 3.0 • Interface: 1 x DVI, 1 x HDMI, 1x DisplayPort",,33000,,,IN_STOCK,0,5,false,true,/uploads/gpus/afox-geforce-gtx-1660ti-6gb-gddr6-atx-dual-fan-graphics-card.jpg,AFOX Geforce GTX 1660Ti 6GB GDDR6 ATX Dual Fan Graphics Card,Buy AFOX Geforce GTX 1660Ti 6GB GDDR6 ATX Dual Fan Graphics Card in Bangladesh | LogicBay BD,AFOX Geforce GTX 1660Ti 6GB GDDR6 ATX Dual Fan Graphics Card. Check price and warranty at LogicBay BD.,"graphics card, afox, nvidia geforce, 6gb",https://www.startech.com.bd/afox-geforce-gtx-1660ti-6gb-gddr6-atx-dual-fan-gpu,6GB,GDDR6,,"12Gbps, Bus Standard: PCI Express 3.0",,NVIDIA GeForce,GTX 1600,,"1 x DVI, 1 x HDMI, 1x DisplayPort",3 Years
STOCK,Colorful GeForce RTX 3050 6GB V4-V GDDR6 Graphics Card,colorful-geforce-rtx-3050-6gb-v4-v-gddr6-graphics-card,GPU-COLORFUL-RTX-3050-6GB-V4-V-GDDR6,colorful,nvidia,"Video Memory: 6GB GDDR6, Memory Bandwidth: 168 GB/s • Core Clock: Base: 1042 MHz; Boost: 1470 MHz • CUDA Cores: 2304, Memory Clock: 14 Gbps • Display Outputs: 1x DisplayPort, 1x HDMI, 1x DVI",,35000,,,IN_STOCK,0,5,false,true,/uploads/gpus/colorful-geforce-rtx-3050-6gb-v4-v-gddr6-graphics-card.jpg,Colorful GeForce RTX 3050 6GB V4-V GDDR6 Graphics Card,Buy Colorful GeForce RTX 3050 6GB V4-V GDDR6 Graphics Card in Bangladesh | LogicBay BD,Colorful GeForce RTX 3050 6GB V4-V GDDR6 Graphics Card. Check price and warranty at LogicBay BD.,"graphics card, colorful, nvidia geforce, 6gb",https://www.startech.com.bd/colorful-geforce-rtx-3050-6gb-v4-v-gddr6-graphics-card,6GB,GDDR6,,14 Gbps,,NVIDIA GeForce,RTX 3000,,,3 Years
STOCK,Manli GeForce RTX 3050 6GB Nebula Twin V2 GDDR6 Graphics Card,manli-geforce-rtx-3050-6gb-nebula-twin-v2-gddr6-graphics-card,GPU-MANLI-RTX-3050-6GB-NEBULA-TWIN-V2-GD,manli,nvidia,"Video Memory: 6GB GDDR6, Memory Clock: 14 Gbps • Core Clock: Base: 1042 MHz; Boost: 1470 MHz • CUDA Cores: 2304, Memory Bandwidth: Up to 168 GB/s • Display Outputs: 3x DisplayPort, 1x HDMI",,35500,35900,,IN_STOCK,0,5,false,true,/uploads/gpus/manli-geforce-rtx-3050-6gb-nebula-twin-v2-gddr6-graphics-card.jpg,Manli GeForce RTX 3050 6GB Nebula Twin V2 GDDR6 Graphics Card,Buy Manli GeForce RTX 3050 6GB Nebula Twin V2 GDDR6 Graphics Card in Bangladesh | LogicBay BD,Manli GeForce RTX 3050 6GB Nebula Twin V2 GDDR6 Graphics Card. Check price and warranty at LogicBay BD.,"graphics card, manli, nvidia geforce, 6gb",https://www.startech.com.bd/manli-geforce-rtx-3050-6gb-nebula-twin-v2-graphics-card,6GB,GDDR6,,14 Gbps,,NVIDIA GeForce,RTX 3000,,,3 Years
STOCK,ARKTEK GeForce RTX 3050 8GB GDDR6 Graphics Card,arktek-geforce-rtx-3050-8gb-gddr6-graphics-card,GPU-ARKTEK-RTX-3050-8GB-GDDR6,arktek,nvidia,Engine Clock: 1552 ~ 1777 MHz • Stream Processors: 2460SP • Memory Clock: 14Gbps • Display Outputs: 1 x DP 1 x HDMI 1 x DVI,,36000,,,IN_STOCK,0,5,false,true,/uploads/gpus/arktek-geforce-rtx-3050-8gb-gddr6-graphics-card.jpg,ARKTEK GeForce RTX 3050 8GB GDDR6 Graphics Card,Buy ARKTEK GeForce RTX 3050 8GB GDDR6 Graphics Card in Bangladesh | LogicBay BD,ARKTEK GeForce RTX 3050 8GB GDDR6 Graphics Card. Check price and warranty at LogicBay BD.,"graphics card, arktek, nvidia geforce, 30508gb",https://www.startech.com.bd/arktek-geforce-rtx-3050-8gb-graphics-card,30508GB,GDDR6,1552 ~ 1777 MHz,14Gbps,,NVIDIA GeForce,RTX 3000,,,3 Years
STOCK,AFOX Geforce RTX 3050 8GB GDDR6 Dual Fan Graphics Card,afox-geforce-rtx-3050-8gb-gddr6-dual-fan-graphics-card,GPU-AFOX-RTX-3050-8GB-GDDR6-DUAL-FAN,afox,nvidia,"Video Memory: GDDR6 8GB, CUDA Core: 2560 • Base Clock: 1552 MHz, Boost Clock: 1777 MHz • Memory Clock: 14Gbps, Bus Standard: PCI Express 4.0 • Interface: 1 x DVI, 1 x HDMI, 1x DisplayPort",,36500,,,IN_STOCK,0,5,false,true,/uploads/gpus/afox-geforce-rtx-3050-8gb-gddr6-dual-fan-graphics-card.jpg,AFOX Geforce RTX 3050 8GB GDDR6 Dual Fan Graphics Card,Buy AFOX Geforce RTX 3050 8GB GDDR6 Dual Fan Graphics Card in Bangladesh | LogicBay BD,AFOX Geforce RTX 3050 8GB GDDR6 Dual Fan Graphics Card. Check price and warranty at LogicBay BD.,"graphics card, afox, nvidia geforce, 68gb",https://www.startech.com.bd/afox-geforce-rtx-3050-8gb-gddr6-dual-fan-graphics-card,68GB,GDDR6,,"14Gbps, Bus Standard: PCI Express 4.0",,NVIDIA GeForce,RTX 3000,,"1 x DVI, 1 x HDMI, 1x DisplayPort",3 Years
STOCK,GIGABYTE GeForce RTX 3050 WINDFORCE OC 6GB GDDR6 Graphics Card,gigabyte-geforce-rtx-3050-windforce-oc-6gb-gddr6-graphics-card,GPU-GIGABYTE-RTX-3050-WINDFORCE-OC-6GB-G,gigabyte,nvidia,"Core Clock: 1477 MHz (Reference Card: 1470 MHz) • Memory: 6GB GDDR6 • Memory Clock: 14000 MHz • Output: DP 1.4 x2, HDMI 2.1 x2",,35999,39000,,IN_STOCK,0,5,false,true,/uploads/gpus/gigabyte-geforce-rtx-3050-windforce-oc-6gb-gddr6-graphics-card.jpg,GIGABYTE GeForce RTX 3050 WINDFORCE OC 6GB GDDR6 Graphics Card,Buy GIGABYTE GeForce RTX 3050 WINDFORCE OC 6GB GDDR6 Graphics Card in Bangladesh | LogicBay BD,GIGABYTE GeForce RTX 3050 WINDFORCE OC 6GB GDDR6 Graphics Card. Check price and warranty at LogicBay BD.,"graphics card, gigabyte, nvidia geforce, 6gb",https://www.startech.com.bd/gigabyte-geforce-rtx-3050-windforce-oc-6gb-graphics-card,6GB,GDDR6,,14000 MHz,,NVIDIA GeForce,RTX 3000,,,3 Years
STOCK,GIGABYTE GeForce RTX 3050 WINDFORCE OC V2 6GB GDDR6 Graphics Card,gigabyte-geforce-rtx-3050-windforce-oc-v2-6gb-gddr6-graphics-card,GPU-GIGABYTE-RTX-3050-WINDFORCE-OC-V2-6G,gigabyte,nvidia,"Video Memory: 6GB GDDR6, PCI Express 4.0 • CUDA Cores: 2304 Units, Memory Clock: 14000 MHz • Core Clocks: 1477 MHz (Reference Card: 1470 MHz) • Display Outputs: 2x DisplayPort 1.4a, 2 x HDMI 2.1",,36500,39000,,IN_STOCK,0,5,false,true,/uploads/gpus/gigabyte-geforce-rtx-3050-windforce-oc-v2-6gb-gddr6-graphics-card.jpg,GIGABYTE GeForce RTX 3050 WINDFORCE OC V2 6GB GDDR6 Graphics Card,Buy GIGABYTE GeForce RTX 3050 WINDFORCE OC V2 6GB GDDR6 Graphics Card in Bangladesh | LogicBay BD,GIGABYTE GeForce RTX 3050 WINDFORCE OC V2 6GB GDDR6 Graphics Card. Check price and warranty at LogicBay BD.,"graphics card, gigabyte, nvidia geforce, 6gb",https://www.startech.com.bd/gigabyte-geforce-rtx-3050-windforce-oc-v2-6gb-graphics-card,6GB,GDDR6,,14000 MHz,,NVIDIA GeForce,RTX 3000,,,3 Years
STOCK,GUNNIR Intel Arc A770 Photon 8G OC GDDR6 Graphics Card,gunnir-intel-arc-a770-photon-8g-oc-gddr6-graphics-card,GPU-GUNNIR-ARC-A770-PHOTON-8G-OC-GDDR6,gunnir,graphics-card,"32 Xe Cores, 512 XMX Engines • Xe HPG Microarchitecture • 256-Bit Memory Interface • Interface: HDMI 2.0, DisplayPort 2.0",,38000,39500,,IN_STOCK,0,5,false,true,/uploads/gpus/gunnir-intel-arc-a770-photon-8g-oc-gddr6-graphics-card.jpg,GUNNIR Intel Arc A770 Photon 8G OC GDDR6 Graphics Card,Buy GUNNIR Intel Arc A770 Photon 8G OC GDDR6 Graphics Card in Bangladesh | LogicBay BD,GUNNIR Intel Arc A770 Photon 8G OC GDDR6 Graphics Card. Check price and warranty at LogicBay BD.,"graphics card, gunnir, intel arc, ",https://www.startech.com.bd/gunnir-intel-arc-a770-photon-8g-oc-graphics-card,,GDDR6,,,,Intel Arc,Arc A,,"HDMI 2.0, DisplayPort 2.0",3 Years
STOCK,ASUS Dual GeForce RTX 3050 OC Edition 6GB GDDR6 Graphics Card,asus-dual-geforce-rtx-3050-oc-edition-6gb-gddr6-graphics-card,GPU-ASUS-DUAL-RTX-3050-OC-EDITION-6GB-GD,asus,nvidia,"OC mode: 1537 MHz (Boost Clock) • Default mode: 1507 MHz (Boost Clock) • Memory: 6GB GDDR6 • Output: 1x HDMI 2.1, 1x DisplayPort 1.4a, 1x DVI-D",,36800,43000,,IN_STOCK,0,5,false,true,/uploads/gpus/asus-dual-geforce-rtx-3050-oc-edition-6gb-gddr6-graphics-card.jpg,ASUS Dual GeForce RTX 3050 OC Edition 6GB GDDR6 Graphics Card,Buy ASUS Dual GeForce RTX 3050 OC Edition 6GB GDDR6 Graphics Card in Bangladesh | LogicBay BD,ASUS Dual GeForce RTX 3050 OC Edition 6GB GDDR6 Graphics Card. Check price and warranty at LogicBay BD.,"graphics card, asus, nvidia geforce, 6gb",https://www.startech.com.bd/asus-dual-geforce-rtx-3050-oc-6gb-graphics-card,6GB,GDDR6,,,,NVIDIA GeForce,RTX 3000,,,3 Years
STOCK,GUNNIR Intel Arc A770 Photon 8G OC W GDDR6 Graphics Card,gunnir-intel-arc-a770-photon-8g-oc-w-gddr6-graphics-card,GPU-GUNNIR-ARC-A770-PHOTON-8G-OC-W-GDDR6,gunnir,graphics-card,"32 Xe Cores, 512 XMX Engines • Xe HPG Microarchitecture • 256-Bit Memory Interface • Interface: 1 x HDMI 2.0, 3 x DisplayPort 2.0",,39000,42000,,IN_STOCK,0,5,false,true,/uploads/gpus/gunnir-intel-arc-a770-photon-8g-oc-w-gddr6-graphics-card.jpg,GUNNIR Intel Arc A770 Photon 8G OC W GDDR6 Graphics Card,Buy GUNNIR Intel Arc A770 Photon 8G OC W GDDR6 Graphics Card in Bangladesh | LogicBay BD,GUNNIR Intel Arc A770 Photon 8G OC W GDDR6 Graphics Card. Check price and warranty at LogicBay BD.,"graphics card, gunnir, intel arc, ",https://www.startech.com.bd/gunnir-intel-arc-a770-photon-8g-oc-w-graphics-card,,GDDR6,,,,Intel Arc,Arc A,,"1 x HDMI 2.0, 3 x DisplayPort 2.0",3 Years
STOCK,ARKTEK GeForce RTX 2070 SUPER 8GB GDDR6 Graphics Card,arktek-geforce-rtx-2070-super-8gb-gddr6-graphics-card,GPU-ARKTEK-RTX-2070-SUPER-8GB-GDDR6,arktek,nvidia,"Engine Clock: 1605 ~ 1770 MHz • Stream Processors: 2560SP • Memory Clock: 14Gbps • Display Outputs: 1 x HDMI, 3x Display Port",,42000,,,IN_STOCK,0,5,false,true,/uploads/gpus/arktek-geforce-rtx-2070-super-8gb-gddr6-graphics-card.jpg,ARKTEK GeForce RTX 2070 SUPER 8GB GDDR6 Graphics Card,Buy ARKTEK GeForce RTX 2070 SUPER 8GB GDDR6 Graphics Card in Bangladesh | LogicBay BD,ARKTEK GeForce RTX 2070 SUPER 8GB GDDR6 Graphics Card. Check price and warranty at LogicBay BD.,"graphics card, arktek, nvidia geforce, 8gb",https://www.startech.com.bd/arktek-geforce-rtx-2070-super-8gb-gpu,8GB,GDDR6,1605 ~ 1770 MHz,14Gbps,,NVIDIA GeForce,,,,3 Years
STOCK,Zotac GAMING GeForce RTX 3050 Twin Edge OC 6GB GDDR6 Graphics Card,zotac-gaming-geforce-rtx-3050-twin-edge-oc-6gb-gddr6-graphics-card,GPU-ZOTAC-GAMING-RTX-3050-TWIN-EDGE-OC-6,zotac,nvidia,"2nd Gen Ray Tracing Cores & 3rd Gen Tensor Cores • Engine Clock Boost: 1477 MHz, Memory Clock: 14 Gbps • Cooling: Dual 70mm fans + Heatsink, PCI Express 4.0 8x • Display Output: 3 x DisplayPort 1.4a, 1 x HDMI Connector",,39900,42900,,IN_STOCK,0,5,false,true,/uploads/gpus/zotac-gaming-geforce-rtx-3050-twin-edge-oc-6gb-gddr6-graphics-card.jpg,Zotac GAMING GeForce RTX 3050 Twin Edge OC 6GB GDDR6 Graphics Card,Buy Zotac GAMING GeForce RTX 3050 Twin Edge OC 6GB GDDR6 Graphics Card in Bangladesh | LogicBay BD,Zotac GAMING GeForce RTX 3050 Twin Edge OC 6GB GDDR6 Graphics Card. Check price and warranty at LogicBay BD.,"graphics card, zotac, nvidia geforce, 6gb",https://www.startech.com.bd/zotac-gaming-geforce-rtx-3050-twin-edge-oc-6gb-graphics-card,6GB,GDDR6,,14 Gbps,,NVIDIA GeForce,RTX 3000,,,3 Years
STOCK,MSI GeForce RTX 3050 VENTUS 2X E 6G OC GDDR6 Graphics Card,msi-geforce-rtx-3050-ventus-2x-e-6g-oc-gddr6-graphics-card,GPU-MSI-RTX-3050-VENTUS-2X-E-6G-OC-GDDR6,msi,nvidia,"Boost Clock: 1492 MHz, Memory Speed: 14 Gbps • Memory: 6GB GDDR6, CUDA Core: 2304 Units • Memory : 6GB GDDR6, Memory BUS: 96-bit • Output: DisplayPort 1.4 x 1, HDMI 2.1 x 2",,38999,43000,,IN_STOCK,0,5,false,true,/uploads/gpus/msi-geforce-rtx-3050-ventus-2x-e-6g-oc-gddr6-graphics-card.jpg,MSI GeForce RTX 3050 VENTUS 2X E 6G OC GDDR6 Graphics Card,Buy MSI GeForce RTX 3050 VENTUS 2X E 6G OC GDDR6 Graphics Card in Bangladesh | LogicBay BD,MSI GeForce RTX 3050 VENTUS 2X E 6G OC GDDR6 Graphics Card. Check price and warranty at LogicBay BD.,"graphics card, msi, nvidia geforce, ",https://www.startech.com.bd/msi-geforce-rtx-3050-ventus-2x-e-6g-oc-graphics-card,,GDDR6,,,,NVIDIA GeForce,RTX 3000,,,3 Years
STOCK,PowerColor Reaper AMD Radeon RX 9050 8GB GDDR6 Graphics Card,powercolor-reaper-amd-radeon-rx-9050-8gb-gddr6-graphics-card,GPU-POWERCOLOR-REAPER-RX-9050-8GB-GDDR6,powercolor,amd-gpu,"Engine Clock: Up to 1920MHz (Game) / 2600MHz (Boost) • Memory Speed: 18.0 Gbps, Memory Interface: 128-bit • Stream Processors: 1024 Units, AMD RDNA 4 Architecture • Output Ports: 1 x HDMI 2.1b，2 x DisplayPort 2.1a",,45900,,,IN_STOCK,0,5,false,true,/uploads/gpus/powercolor-reaper-amd-radeon-rx-9050-8gb-gddr6-graphics-card.jpg,PowerColor Reaper AMD Radeon RX 9050 8GB GDDR6 Graphics Card,Buy PowerColor Reaper AMD Radeon RX 9050 8GB GDDR6 Graphics Card in Bangladesh | LogicBay BD,PowerColor Reaper AMD Radeon RX 9050 8GB GDDR6 Graphics Card. Check price and warranty at LogicBay BD.,"graphics card, powercolor, amd radeon, 90508gb",https://www.startech.com.bd/powercolor-reaper-amd-radeon-rx-9050-8gb-graphics-card,90508GB,GDDR6,Up to 1920MHz (Game) / 2600MHz (Boost),,,AMD Radeon,RX 9000,,128-bit,3 Years
STOCK,Colorful iGame GeForce RTX 3050 Ultra W DUO OC V2-V 8GB GDDR6 Graphics Card,colorful-igame-geforce-rtx-3050-ultra-w-duo-oc-v2-v-8gb-gddr6-graphics-card,GPU-COLORFUL-IGAME-RTX-3050-ULTRA-W-DUO-,colorful,nvidia,Core Clock Base:1552Mhz; Boost:1777Mhz • One-Key OC Base:1552Mhz; Boost:1822Mhz • Memory Speed Grade: 14Gbps • Video Output: HDMI + DP + DL-DVI,,39999,47000,,IN_STOCK,0,5,false,true,/uploads/gpus/colorful-igame-geforce-rtx-3050-ultra-w-duo-oc-v2-v-8gb-gddr6-graphics-card.jpg,Colorful iGame GeForce RTX 3050 Ultra W DUO OC V2-V 8GB GDDR6 Graphics Card,Buy Colorful iGame GeForce RTX 3050 Ultra W DUO OC V2-V 8GB GDDR6 Graphics Card in Bangladesh | LogicBay BD,Colorful iGame GeForce RTX 3050 Ultra W DUO OC V2-V 8GB GDDR6 Graphics Card. Check price and warranty at LogicBay BD.,"graphics card, colorful, nvidia geforce, 8gb",https://www.startech.com.bd/colorful-igame-geforce-rtx-3050-ultra-w-duo-oc-v2-v-graphics-card,8GB,GDDR6,,,,NVIDIA GeForce,RTX 3000,,,3 Years
STOCK,PowerColor Fighter AMD Radeon RX 7600 8GB F/V2 GDDR6 Graphics Card,powercolor-fighter-amd-radeon-rx-7600-8gb-f-v2-gddr6-graphics-card,GPU-POWERCOLOR-FIGHTER-RX-7600-8GB-F-V2-,powercolor,amd-gpu,"Engine Clock: 2250MHz (Game), 2655MHz (Boost) • Memory: 8GB GDDR6; Memory Speed: 18 Gbps • Stream Processor: 2048 Units, AMD RDNA 3 Architecture • Output Ports: 1 x HDMI 2.1, 3 x DisplayPort 2.1",,46500,47000,,IN_STOCK,0,5,false,true,/uploads/gpus/powercolor-fighter-amd-radeon-rx-7600-8gb-f-v2-gddr6-graphics-card.jpg,PowerColor Fighter AMD Radeon RX 7600 8GB F/V2 GDDR6 Graphics Card,Buy PowerColor Fighter AMD Radeon RX 7600 8GB F/V2 GDDR6 Graphics Card in Bangladesh | LogicBay BD,PowerColor Fighter AMD Radeon RX 7600 8GB F/V2 GDDR6 Graphics Card. Check price and warranty at LogicBay BD.,"graphics card, powercolor, amd radeon, 76008gb",https://www.startech.com.bd/powercolor-fighter-amd-radeon-rx-7600-8gb-f-v2-graphics-card,76008GB,GDDR6,2250MHz (Game),,,AMD Radeon,RX 7000,,,3 Years
STOCK,Colorful GeForce RTX 3050 NB DUO V2-V 8GB GDDR6 Graphics Card,colorful-geforce-rtx-3050-nb-duo-v2-v-8gb-gddr6-graphics-card,GPU-COLORFUL-RTX-3050-NB-DUO-V2-V-8GB-GD,colorful,nvidia,"Core Clock: Base:1552Mhz; Boost:1777Mhz • Memory Clock: 14Gbps • Memory Bandwidth: 224 GB/S • Output Ports: 1x HDMI, 1x DP, 1x DL-DVI",,39000,48000,,IN_STOCK,0,5,false,true,/uploads/gpus/colorful-geforce-rtx-3050-nb-duo-v2-v-8gb-gddr6-graphics-card.jpg,Colorful GeForce RTX 3050 NB DUO V2-V 8GB GDDR6 Graphics Card,Buy Colorful GeForce RTX 3050 NB DUO V2-V 8GB GDDR6 Graphics Card in Bangladesh | LogicBay BD,Colorful GeForce RTX 3050 NB DUO V2-V 8GB GDDR6 Graphics Card. Check price and warranty at LogicBay BD.,"graphics card, colorful, nvidia geforce, 8gb",https://www.startech.com.bd/colorful-geforce-rtx-3050-nb-duo-v2-v-8gb-graphic-card,8GB,GDDR6,,14Gbps,,NVIDIA GeForce,RTX 3000,,,3 Years
STOCK,MSI GeForce RTX 3050 VENTUS 2X XS 8GB OC GDDR6 Graphics Card,msi-geforce-rtx-3050-ventus-2x-xs-8gb-oc-gddr6-graphics-card,GPU-MSI-RTX-3050-VENTUS-2X-XS-8GB-OC-GDD,msi,nvidia,"Boost Clock: 1807 MHz, Memory Speed: 14 Gbps • Memory Bus: 128-bit, Interface: PCI Express Gen 4 • Dual Fan, Zero Frozr, Reinforcing Backplate • Output: DisplayPort 1.4 x1, HDMI x1",,46900,49500,,IN_STOCK,0,5,false,true,/uploads/gpus/msi-geforce-rtx-3050-ventus-2x-xs-8gb-oc-gddr6-graphics-card.jpg,MSI GeForce RTX 3050 VENTUS 2X XS 8GB OC GDDR6 Graphics Card,Buy MSI GeForce RTX 3050 VENTUS 2X XS 8GB OC GDDR6 Graphics Card in Bangladesh | LogicBay BD,MSI GeForce RTX 3050 VENTUS 2X XS 8GB OC GDDR6 Graphics Card. Check price and warranty at LogicBay BD.,"graphics card, msi, nvidia geforce, 8gb",https://www.startech.com.bd/msi-geforce-rtx-3050-ventus-2x-xs-8g-oc-graphics-card,8GB,GDDR6,,,,NVIDIA GeForce,RTX 3000,,PCI Express Gen 4,3 Years
STOCK,INNO3D GeForce RTX 5050 TWIN X2 OC 8GB GDDR6 Graphics Card,inno3d-geforce-rtx-5050-twin-x2-oc-8gb-gddr6-graphics-card,GPU-INNO3D-RTX-5050-TWIN-X2-OC-8GB-GDDR6,inno3d,nvidia,"Video Memory: 8GB GDDR6, PCI Express Gen 5 • Base Clock: 2317MHz, Boost Clock: 2572MHz • CUDA Cores: 2560, Memory Clock: 20 Gbps • Display Outputs: 3 x DisplayPort 2.1b, 1 x HDMI 2.1b",,52000,,,IN_STOCK,0,5,false,true,/uploads/gpus/inno3d-geforce-rtx-5050-twin-x2-oc-8gb-gddr6-graphics-card.jpg,INNO3D GeForce RTX 5050 TWIN X2 OC 8GB GDDR6 Graphics Card,Buy INNO3D GeForce RTX 5050 TWIN X2 OC 8GB GDDR6 Graphics Card in Bangladesh | LogicBay BD,INNO3D GeForce RTX 5050 TWIN X2 OC 8GB GDDR6 Graphics Card. Check price and warranty at LogicBay BD.,"graphics card, inno3d, nvidia geforce, 8gb",https://www.startech.com.bd/inno3d-geforce-rtx-5050-twin-x2-oc-8gb-graphics-card,8GB,GDDR6,,20 Gbps,,NVIDIA GeForce,RTX 5000,,,3 Years
STOCK,ZOTAC GAMING GeForce RTX 5050 Twin Edge 8GB GDDR6 Graphics Card,zotac-gaming-geforce-rtx-5050-twin-edge-8gb-gddr6-graphics-card,GPU-ZOTAC-GAMING-RTX-5050-TWIN-EDGE-8GB-,zotac,nvidia,"Video Memory: 8GB GDDR6, PCI Express 5.0 x8 • Engine Clock: 2572 MHz, Memory Clock: 20 Gbps • Memory Bus: 128-bit, CUDA Cores: 2560 • Display Outputs: 3 x DisplayPort 2.1b, 1 x HDMI",,49900,52900,,IN_STOCK,0,5,false,true,/uploads/gpus/zotac-gaming-geforce-rtx-5050-twin-edge-8gb-gddr6-graphics-card.jpg,ZOTAC GAMING GeForce RTX 5050 Twin Edge 8GB GDDR6 Graphics Card,Buy ZOTAC GAMING GeForce RTX 5050 Twin Edge 8GB GDDR6 Graphics Card in Bangladesh | LogicBay BD,ZOTAC GAMING GeForce RTX 5050 Twin Edge 8GB GDDR6 Graphics Card. Check price and warranty at LogicBay BD.,"graphics card, zotac, nvidia geforce, 8gb",https://www.startech.com.bd/zotac-gaming-geforce-rtx-5050-twin-edge-graphics-card,8GB,GDDR6,2572 MHz,20 Gbps,,NVIDIA GeForce,RTX 5000,,,3 Years
STOCK,MSI GeForce RTX 5050 8G VENTUS 2X OC 8GB GDDR6 Graphics Card,msi-geforce-rtx-5050-8g-ventus-2x-oc-8gb-gddr6-graphics-card,GPU-MSI-RTX-5050-8G-VENTUS-2X-OC-8GB-GDD,msi,nvidia,"Video Memory: 8GB GDDR6, PCI Express Gen 5 x16 • Core Clock: 2617 MHz, Boost Clock: 2602 MHz • Memory Speed: 20 Gbps, CUDA Cores: 2560 Units • Display Outputs: 3 x DisplayPort 2.1b, 1 x HDMI",,52500,53500,,IN_STOCK,0,5,false,true,/uploads/gpus/msi-geforce-rtx-5050-8g-ventus-2x-oc-8gb-gddr6-graphics-card.jpg,MSI GeForce RTX 5050 8G VENTUS 2X OC 8GB GDDR6 Graphics Card,Buy MSI GeForce RTX 5050 8G VENTUS 2X OC 8GB GDDR6 Graphics Card in Bangladesh | LogicBay BD,MSI GeForce RTX 5050 8G VENTUS 2X OC 8GB GDDR6 Graphics Card. Check price and warranty at LogicBay BD.,"graphics card, msi, nvidia geforce, 8gb",https://www.startech.com.bd/msi-geforce-rtx-5050-8g-ventus-2x-oc-graphics-card,8GB,GDDR6,,,,NVIDIA GeForce,RTX 5000,,,3 Years
STOCK,ZOTAC GAMING GeForce RTX 5050 Twin Edge OC 8GB GDDR6 Graphics Card,zotac-gaming-geforce-rtx-5050-twin-edge-oc-8gb-gddr6-graphics-card,GPU-ZOTAC-GAMING-RTX-5050-TWIN-EDGE-OC-8,zotac,nvidia,"Video Memory: 8GB GDDR6, PCI Express 5.0 x8 • Engine Clock: 2602 MHz, Memory Clock: 20 Gbps • Memory Bus: 128-bit, CUDA Cores: 2560 • Display Outputs: 3 x DisplayPort 2.1b, 1 x HDMI",,47500,53900,,IN_STOCK,0,5,false,true,/uploads/gpus/zotac-gaming-geforce-rtx-5050-twin-edge-oc-8gb-gddr6-graphics-card.jpg,ZOTAC GAMING GeForce RTX 5050 Twin Edge OC 8GB GDDR6 Graphics Card,Buy ZOTAC GAMING GeForce RTX 5050 Twin Edge OC 8GB GDDR6 Graphics Card in Bangladesh | LogicBay BD,ZOTAC GAMING GeForce RTX 5050 Twin Edge OC 8GB GDDR6 Graphics Card. Check price and warranty at LogicBay BD.,"graphics card, zotac, nvidia geforce, 8gb",https://www.startech.com.bd/zotac-gaming-geforce-rtx-5050-twin-edge-oc-graphics-card,8GB,GDDR6,2602 MHz,20 Gbps,,NVIDIA GeForce,RTX 5000,,,3 Years
STOCK,MSI GeForce RTX 5050 8G SHADOW 2X OC 8GB GDDR6 Graphics Card,msi-geforce-rtx-5050-8g-shadow-2x-oc-8gb-gddr6-graphics-card,GPU-MSI-RTX-5050-8G-SHADOW-2X-OC-8GB-GDD,msi,nvidia,"Video Memory: 8GB GDDR6, PCI Express Gen 5 x16 • Core Clock: 2617 MHz, Boost Clock: 2602 MHz • Memory Speed: 20 Gbps, CUDA Cores: 2560 Units • Display Outputs: 3 x DisplayPort 2.1b, 1 x HDMI",,53500,53900,,IN_STOCK,0,5,false,true,/uploads/gpus/msi-geforce-rtx-5050-8g-shadow-2x-oc-8gb-gddr6-graphics-card.jpg,MSI GeForce RTX 5050 8G SHADOW 2X OC 8GB GDDR6 Graphics Card,Buy MSI GeForce RTX 5050 8G SHADOW 2X OC 8GB GDDR6 Graphics Card in Bangladesh | LogicBay BD,MSI GeForce RTX 5050 8G SHADOW 2X OC 8GB GDDR6 Graphics Card. Check price and warranty at LogicBay BD.,"graphics card, msi, nvidia geforce, 8gb",https://www.startech.com.bd/msi-geforce-rtx-5050-8g-shadow-2x-oc-graphics-card,8GB,GDDR6,,,,NVIDIA GeForce,RTX 5000,,,3 Years
STOCK,Manli Nebula GeForce RTX 5050 8GB GDDR6 Graphics Card,manli-nebula-geforce-rtx-5050-8gb-gddr6-graphics-card,GPU-MANLI-NEBULA-RTX-5050-8GB-GDDR6,manli,nvidia,"Video Memory: 8GB GDDR6, Memory Clock: 20 Gbps • Core Clock: Base: 2317 MHz; Boost: 2572 MHz • CUDA Cores: 2560, Memory Bandwidth: Up to 320 GB/s • Display Outputs: 3x DisplayPort, 1x HDMI",,54800,,,IN_STOCK,0,5,false,true,/uploads/gpus/manli-nebula-geforce-rtx-5050-8gb-gddr6-graphics-card.jpg,Manli Nebula GeForce RTX 5050 8GB GDDR6 Graphics Card,Buy Manli Nebula GeForce RTX 5050 8GB GDDR6 Graphics Card in Bangladesh | LogicBay BD,Manli Nebula GeForce RTX 5050 8GB GDDR6 Graphics Card. Check price and warranty at LogicBay BD.,"graphics card, manli, nvidia geforce, 8gb",https://www.startech.com.bd/manli-nebula-geforce-rtx-5050-graphics-card,8GB,GDDR6,,20 Gbps,,NVIDIA GeForce,RTX 5000,,,3 Years
STOCK,INNO3D GeForce RTX 5050 TWIN X2 8GB GDDR6 Graphics Card,inno3d-geforce-rtx-5050-twin-x2-8gb-gddr6-graphics-card,GPU-INNO3D-RTX-5050-TWIN-X2-8GB-GDDR6,inno3d,nvidia,"Video Memory: 8GB GDDR6, PCI Express Gen 5 • Base Clock: 2317MHz, Boost Clock: 2572MHz • CUDA Cores: 2560, Memory Clock: 20 Gbps • Display Outputs: 3 x DisplayPort 2.1b, 1 x HDMI 2.1b",,52000,55000,,IN_STOCK,0,5,false,true,/uploads/gpus/inno3d-geforce-rtx-5050-twin-x2-8gb-gddr6-graphics-card.jpg,INNO3D GeForce RTX 5050 TWIN X2 8GB GDDR6 Graphics Card,Buy INNO3D GeForce RTX 5050 TWIN X2 8GB GDDR6 Graphics Card in Bangladesh | LogicBay BD,INNO3D GeForce RTX 5050 TWIN X2 8GB GDDR6 Graphics Card. Check price and warranty at LogicBay BD.,"graphics card, inno3d, nvidia geforce, 8gb",https://www.startech.com.bd/inno3d-geforce-rtx-5050-twin-x2-graphics-card,8GB,GDDR6,,20 Gbps,,NVIDIA GeForce,RTX 5000,,,3 Years
STOCK,MSI GeForce RTX 5050 8G Gaming OC 8GB GDDR6 Graphics Card,msi-geforce-rtx-5050-8g-gaming-oc-8gb-gddr6-graphics-card,GPU-MSI-RTX-5050-8G-GAMING-OC-8GB-GDDR6,msi,nvidia,"Video Memory: 8GB GDDR6, PCI Express Gen 5 x16 • Core Clock: 2647 MHz, Boost Clock: 2632 MHz • Memory Speed: 20 Gbps, CUDA Cores: 2560 Units • Display Outputs: 3 x DisplayPort 2.1b, 1 x HDMI 2.1b",,55000,56900,,IN_STOCK,0,5,false,true,/uploads/gpus/msi-geforce-rtx-5050-8g-gaming-oc-8gb-gddr6-graphics-card.jpg,MSI GeForce RTX 5050 8G Gaming OC 8GB GDDR6 Graphics Card,Buy MSI GeForce RTX 5050 8G Gaming OC 8GB GDDR6 Graphics Card in Bangladesh | LogicBay BD,MSI GeForce RTX 5050 8G Gaming OC 8GB GDDR6 Graphics Card. Check price and warranty at LogicBay BD.,"graphics card, msi, nvidia geforce, 8gb",https://www.startech.com.bd/msi-geforce-rtx-5050-8g-gaming-oc-graphics-card,8GB,GDDR6,,,,NVIDIA GeForce,RTX 5000,,,3 Years
STOCK,ASUS Dual GeForce RTX 5050 8GB GDDR6 OC Edition Graphics Card,asus-dual-geforce-rtx-5050-8gb-gddr6-oc-edition-graphics-card,GPU-ASUS-DUAL-RTX-5050-8GB-GDDR6-OC-EDIT,asus,nvidia,"Engine Clock: 2647 MHz (Boost Clock), 2677 MHz (OC Mode) • Memory: 8GB GDDR6; Speed: 20 Gbps • CUDA Core: 2560, AI Performance: 421 TOPs • Output: 1x HDMI 2.1b, 3x DisplayPort 2.1b",,53500,57000,,IN_STOCK,0,5,false,true,/uploads/gpus/asus-dual-geforce-rtx-5050-8gb-gddr6-oc-edition-graphics-card.jpg,ASUS Dual GeForce RTX 5050 8GB GDDR6 OC Edition Graphics Card,Buy ASUS Dual GeForce RTX 5050 8GB GDDR6 OC Edition Graphics Card in Bangladesh | LogicBay BD,ASUS Dual GeForce RTX 5050 8GB GDDR6 OC Edition Graphics Card. Check price and warranty at LogicBay BD.,"graphics card, asus, nvidia geforce, 50508gb",https://www.startech.com.bd/asus-dual-geforce-rtx-5050-8gb-gddr6-oc-edition-graphics-card,50508GB,GDDR6,2647 MHz (Boost Clock),,,NVIDIA GeForce,RTX 5000,,,3 Years
STOCK,Colorful iGame GeForce RTX 5050 Ultra W DUO OC 8GB-V GDDR6 Graphics Card,colorful-igame-geforce-rtx-5050-ultra-w-duo-oc-8gb-v-gddr6-graphics-card,GPU-COLORFUL-IGAME-RTX-5050-ULTRA-W-DUO-,colorful,nvidia,"Video Memory: 8GB GDDR6, CUDA Cores: 2560 • Core Clock: Base: 2317 MHz; Boost: 2572 MHz • One-Key OC: Base: 2317 MHz; Boost: 2647 MHz • Display Outputs: 3 x DisplayPort 2.1b, 1 x HDMI 2.1b",,54000,58000,,IN_STOCK,0,5,false,true,/uploads/gpus/colorful-igame-geforce-rtx-5050-ultra-w-duo-oc-8gb-v-gddr6-graphics-card.jpg,Colorful iGame GeForce RTX 5050 Ultra W DUO OC 8GB-V GDDR6 Graphics Card,Buy Colorful iGame GeForce RTX 5050 Ultra W DUO OC 8GB-V GDDR6 Graphics Card in Bangladesh | LogicBay BD,Colorful iGame GeForce RTX 5050 Ultra W DUO OC 8GB-V GDDR6 Graphics Card. Check price and warranty at LogicBay BD.,"graphics card, colorful, nvidia geforce, 8gb",https://www.startech.com.bd/colorful-igame-geforce-rtx-5050-ultra-w-duo-oc-8gb-v-graphics-card,8GB,GDDR6,,,,NVIDIA GeForce,RTX 5000,,,3 Years
STOCK,PNY GeForce RTX 5060 8GB Dual Fan GDDR7 Graphics Card,pny-geforce-rtx-5060-8gb-dual-fan-gddr7-graphics-card,GPU-PNY-RTX-5060-8GB-DUAL-FAN-GDDR7,pny,nvidia,"Video Memory: 8GB GDDR7, PCI Express 5.0 x8 • Graphics Clock: 2280 MHz, Boost Clock: 2497 MHz • CUDA Cores: 3840, Memory Clock: 28 Gbps • Display Outputs: 3 x DisplayPort 2.1b, 1 x HDMI 2.1b",,57500,58000,,IN_STOCK,0,5,false,true,/uploads/gpus/pny-geforce-rtx-5060-8gb-dual-fan-gddr7-graphics-card.jpg,PNY GeForce RTX 5060 8GB Dual Fan GDDR7 Graphics Card,Buy PNY GeForce RTX 5060 8GB Dual Fan GDDR7 Graphics Card in Bangladesh | LogicBay BD,PNY GeForce RTX 5060 8GB Dual Fan GDDR7 Graphics Card. Check price and warranty at LogicBay BD.,"graphics card, pny, nvidia geforce, 8gb",https://www.startech.com.bd/pny-geforce-rtx-5060-8gb-dual-fan-graphics-card,8GB,GDDR7,,28 Gbps,,NVIDIA GeForce,RTX 5000,,,3 Years
STOCK,ZOTAC GeForce RTX 5060 Twin Edge 8GB GDDR7 Graphics Card,zotac-geforce-rtx-5060-twin-edge-8gb-gddr7-graphics-card,GPU-ZOTAC-RTX-5060-TWIN-EDGE-8GB-GDDR7,zotac,nvidia,"Video Memory: 8GB GDDR7, PCI Express 5.0 x8 • Engine Clock: 2497 MHz, CUDA Cores: 3840 • Resolution Supports: Up to 4K 480Hz or 8K 165Hz with DSC • Display Outputs: 3x DisplayPort 2.1b, 1x HDMI",,58900,,,IN_STOCK,0,5,false,true,/uploads/gpus/zotac-geforce-rtx-5060-twin-edge-8gb-gddr7-graphics-card.jpg,ZOTAC GeForce RTX 5060 Twin Edge 8GB GDDR7 Graphics Card,Buy ZOTAC GeForce RTX 5060 Twin Edge 8GB GDDR7 Graphics Card in Bangladesh | LogicBay BD,ZOTAC GeForce RTX 5060 Twin Edge 8GB GDDR7 Graphics Card. Check price and warranty at LogicBay BD.,"graphics card, zotac, nvidia geforce, 8gb",https://www.startech.com.bd/zotac-geforce-rtx-5060-twin-edge-graphics-card,8GB,GDDR7,2497 MHz,,,NVIDIA GeForce,RTX 5000,,,3 Years
STOCK,ASUS Dual GeForce RTX 5060 8GB GDDR7 Graphics Card,asus-dual-geforce-rtx-5060-8gb-gddr7-graphics-card,GPU-ASUS-DUAL-RTX-5060-8GB-GDDR7,asus,nvidia,"Engine Clock: 2497 MHz (Boost Clock), 2527 MHz(OC Mode) • Memory: 8GB GDDR7; Speed: 28 Gbps • CUDA Core: 3840, AI Performance: 613 TOPs • Output: 1x HDMI 2.1b, 3x DisplayPort 2.1b",,59500,,,IN_STOCK,0,5,false,true,/uploads/gpus/asus-dual-geforce-rtx-5060-8gb-gddr7-graphics-card.jpg,ASUS Dual GeForce RTX 5060 8GB GDDR7 Graphics Card,Buy ASUS Dual GeForce RTX 5060 8GB GDDR7 Graphics Card in Bangladesh | LogicBay BD,ASUS Dual GeForce RTX 5060 8GB GDDR7 Graphics Card. Check price and warranty at LogicBay BD.,"graphics card, asus, nvidia geforce, 50608gb",https://www.startech.com.bd/asus-dual-geforce-rtx-5060-8gb-gddr7-graphics-card,50608GB,GDDR7,2497 MHz (Boost Clock),,,NVIDIA GeForce,RTX 5000,,,3 Years
STOCK,INNO3D GeForce RTX 5060 TWIN X2 OC V2 8GB GDDR7 Graphics Card,inno3d-geforce-rtx-5060-twin-x2-oc-v2-8gb-gddr7-graphics-card,GPU-INNO3D-RTX-5060-TWIN-X2-OC-V2-8GB-GD,inno3d,nvidia,"Video Memory: 8GB GDDR7, PCI Express Gen 5 • Base Clock: 2280MHz, Boost Clock: 2527MHz • CUDA Cores: 3840, Memory Clock: 28 Gbps • Display Outputs: 3 x DisplayPort 2.1b, 1 x HDMI 2.1b",,58000,60000,,IN_STOCK,0,5,false,true,/uploads/gpus/inno3d-geforce-rtx-5060-twin-x2-oc-v2-8gb-gddr7-graphics-card.jpg,INNO3D GeForce RTX 5060 TWIN X2 OC V2 8GB GDDR7 Graphics Card,Buy INNO3D GeForce RTX 5060 TWIN X2 OC V2 8GB GDDR7 Graphics Card in Bangladesh | LogicBay BD,INNO3D GeForce RTX 5060 TWIN X2 OC V2 8GB GDDR7 Graphics Card. Check price and warranty at LogicBay BD.,"graphics card, inno3d, nvidia geforce, 8gb",https://www.startech.com.bd/inno3d-geforce-rtx-5060-twin-x2-oc-v2-8gb-graphics-card,8GB,GDDR7,,28 Gbps,,NVIDIA GeForce,RTX 5000,,,3 Years
STOCK,Manli Nebula GeForce RTX 5060 8GB GDDR7 Graphics Card,manli-nebula-geforce-rtx-5060-8gb-gddr7-graphics-card,GPU-MANLI-NEBULA-RTX-5060-8GB-GDDR7,manli,nvidia,"Video Memory: 8GB GDDR7, Memory Clock: 28 Gbps • Core Clock: Base: 2280 MHz; Boost: 2497 MHz • CUDA Cores: 3840, Memory Bandwidth: Up to 448 GB/s • Display Outputs: 3x DisplayPort, 1x HDMI",,60800,,,IN_STOCK,0,5,false,true,/uploads/gpus/manli-nebula-geforce-rtx-5060-8gb-gddr7-graphics-card.jpg,Manli Nebula GeForce RTX 5060 8GB GDDR7 Graphics Card,Buy Manli Nebula GeForce RTX 5060 8GB GDDR7 Graphics Card in Bangladesh | LogicBay BD,Manli Nebula GeForce RTX 5060 8GB GDDR7 Graphics Card. Check price and warranty at LogicBay BD.,"graphics card, manli, nvidia geforce, 8gb",https://www.startech.com.bd/manli-nebula-geforce-rtx-5060-graphics-card,8GB,GDDR7,,28 Gbps,,NVIDIA GeForce,RTX 5000,,,3 Years
STOCK,PNY GeForce RTX 5060 8GB OC Dual Fan GDDR7 Graphics Card,pny-geforce-rtx-5060-8gb-oc-dual-fan-gddr7-graphics-card,GPU-PNY-RTX-5060-8GB-OC-DUAL-FAN-GDDR7,pny,nvidia,"Video Memory: 8GB GDDR7, PCI Express 5.0 x8 • Graphics Clock: 2280 MHz, Boost Clock: 2535 MHz • CUDA Cores: 3840, Memory Clock: 28 Gbps • Display Outputs: 3 x DisplayPort 2.1b, 1 x HDMI 2.1b",,56000,61000,,IN_STOCK,0,5,false,true,/uploads/gpus/pny-geforce-rtx-5060-8gb-oc-dual-fan-gddr7-graphics-card.jpg,PNY GeForce RTX 5060 8GB OC Dual Fan GDDR7 Graphics Card,Buy PNY GeForce RTX 5060 8GB OC Dual Fan GDDR7 Graphics Card in Bangladesh | LogicBay BD,PNY GeForce RTX 5060 8GB OC Dual Fan GDDR7 Graphics Card. Check price and warranty at LogicBay BD.,"graphics card, pny, nvidia geforce, 8gb",https://www.startech.com.bd/pny-geforce-rtx-5060-8gb-oc-dual-fan-graphics-card,8GB,GDDR7,,28 Gbps,,NVIDIA GeForce,RTX 5000,,,3 Years
STOCK,ZOTAC GeForce RTX 5060 AMP 8GB GDDR7 Graphics Card,zotac-geforce-rtx-5060-amp-8gb-gddr7-graphics-card,GPU-ZOTAC-RTX-5060-AMP-8GB-GDDR7,zotac,nvidia,"Video Memory: 8GB GDDR7, PCI Express 5.0 x8 • Engine Clock: 2550 MHz, CUDA Cores: 3840 • Resolution Supports: Up to 4K 480Hz or 8K 165Hz with DSC • Display Outputs: 3 x DisplayPort 2.1b, 1 x HDMI",,59500,61900,,IN_STOCK,0,5,false,true,/uploads/gpus/zotac-geforce-rtx-5060-amp-8gb-gddr7-graphics-card.jpg,ZOTAC GeForce RTX 5060 AMP 8GB GDDR7 Graphics Card,Buy ZOTAC GeForce RTX 5060 AMP 8GB GDDR7 Graphics Card in Bangladesh | LogicBay BD,ZOTAC GeForce RTX 5060 AMP 8GB GDDR7 Graphics Card. Check price and warranty at LogicBay BD.,"graphics card, zotac, nvidia geforce, 8gb",https://www.startech.com.bd/zotac-geforce-rtx-5060-amp-graphics-card,8GB,GDDR7,2550 MHz,,,NVIDIA GeForce,RTX 5000,,,3 Years
STOCK,MSI GeForce RTX 5060 8G VENTUS 2X OC 8GB GDDR7 Graphics Card,msi-geforce-rtx-5060-8g-ventus-2x-oc-8gb-gddr7-graphics-card,GPU-MSI-RTX-5060-8G-VENTUS-2X-OC-8GB-GDD,msi,nvidia,"Video Memory: 8GB GDDR7, PCI Express 5 • CUDA Cores: 3840 Units, Memory Speed: 28 Gbps • Core Clocks: Extreme: 2535 MHz, Boost: 2527 MHz • Display Outputs: 3 x DisplayPort 2.1b, 1 x HDMI",,56999,62900,,IN_STOCK,0,5,false,true,/uploads/gpus/msi-geforce-rtx-5060-8g-ventus-2x-oc-8gb-gddr7-graphics-card.jpg,MSI GeForce RTX 5060 8G VENTUS 2X OC 8GB GDDR7 Graphics Card,Buy MSI GeForce RTX 5060 8G VENTUS 2X OC 8GB GDDR7 Graphics Card in Bangladesh | LogicBay BD,MSI GeForce RTX 5060 8G VENTUS 2X OC 8GB GDDR7 Graphics Card. Check price and warranty at LogicBay BD.,"graphics card, msi, nvidia geforce, 8gb",https://www.startech.com.bd/msi-geforce-rtx-5060-8g-ventus-2x-oc-graphics-card,8GB,GDDR7,,,,NVIDIA GeForce,RTX 5000,,,3 Years
STOCK,MSI GeForce RTX 5060 8G VENTUS 2X OC V1 GDDR7 Graphics Card,msi-geforce-rtx-5060-8g-ventus-2x-oc-v1-gddr7-graphics-card,GPU-MSI-RTX-5060-8G-VENTUS-2X-OC-V1-GDDR,msi,nvidia,"Video Memory: 8GB GDDR7, PCI Express Gen 5 x16 • Core Clocks: Extreme: 2535 MHz, Boost: 2527 MHz • CUDA Cores: 3840 Units, Memory Speed: 28 Gbps • Display Outputs: 3 x DisplayPort 2.1b, 1 x HDMI 2.1b",,59500,62900,,IN_STOCK,0,5,false,true,/uploads/gpus/msi-geforce-rtx-5060-8g-ventus-2x-oc-v1-gddr7-graphics-card.jpg,MSI GeForce RTX 5060 8G VENTUS 2X OC V1 GDDR7 Graphics Card,Buy MSI GeForce RTX 5060 8G VENTUS 2X OC V1 GDDR7 Graphics Card in Bangladesh | LogicBay BD,MSI GeForce RTX 5060 8G VENTUS 2X OC V1 GDDR7 Graphics Card. Check price and warranty at LogicBay BD.,"graphics card, msi, nvidia geforce, 8gb",https://www.startech.com.bd/msi-geforce-rtx-5060-8g-ventus-2x-oc-v1-graphcs-card,8GB,GDDR7,,,,NVIDIA GeForce,RTX 5000,,,3 Years
STOCK,ASUS Dual GeForce RTX 5060 White OC Edition 8GB GDDR7 Graphics Card,asus-dual-geforce-rtx-5060-white-oc-edition-8gb-gddr7-graphics-card,GPU-ASUS-DUAL-RTX-5060-WHITE-OC-EDITION-,asus,nvidia,"Video Memory: 8GB GDDR7, PCI Express 5.0 • Engine Clock: 2565MHz (OC), 2535MHz (Boost Clock) • Memory Speed: 28 Gbps, CUDA Cores: 3840 • Display Outputs: 3 x DisplayPort 2.1b, 1 x HDMI 2.1b",,69000,,,IN_STOCK,0,5,false,true,/uploads/gpus/asus-dual-geforce-rtx-5060-white-oc-edition-8gb-gddr7-graphics-card.jpg,ASUS Dual GeForce RTX 5060 White OC Edition 8GB GDDR7 Graphics Card,Buy ASUS Dual GeForce RTX 5060 White OC Edition 8GB GDDR7 Graphics Card in Bangladesh | LogicBay BD,ASUS Dual GeForce RTX 5060 White OC Edition 8GB GDDR7 Graphics Card. Check price and warranty at LogicBay BD.,"graphics card, asus, nvidia geforce, 8gb",https://www.startech.com.bd/asus-dual-geforce-rtx-5060-white-oc-edition-8gb-gddr7-graphics-card,8GB,GDDR7,2565MHz (OC),,,NVIDIA GeForce,RTX 5000,,,3 Years
STOCK,GIGABYTE GeForce RTX 3060 WINDFORCE OC 12GB GDDR6 Graphics Card,gigabyte-geforce-rtx-3060-windforce-oc-12gb-gddr6-graphics-card,GPU-GIGABYTE-RTX-3060-WINDFORCE-OC-12GB-,gigabyte,nvidia,"Core Clock: 1792 MHz (Reference Card: 1777 MHz) • CUDA Cores: 3584 • Memory Clock: 15000 MHz • Output: DisplayPort 1.4a x2, HDMI 2.1 x2",,58000,65000,,IN_STOCK,0,5,false,true,/uploads/gpus/gigabyte-geforce-rtx-3060-windforce-oc-12gb-gddr6-graphics-card.jpg,GIGABYTE GeForce RTX 3060 WINDFORCE OC 12GB GDDR6 Graphics Card,Buy GIGABYTE GeForce RTX 3060 WINDFORCE OC 12GB GDDR6 Graphics Card in Bangladesh | LogicBay BD,GIGABYTE GeForce RTX 3060 WINDFORCE OC 12GB GDDR6 Graphics Card. Check price and warranty at LogicBay BD.,"graphics card, gigabyte, nvidia geforce, 12gb",https://www.startech.com.bd/gigabyte-geforce-rtx-3060-windforce-oc-12g-graphics-card,12GB,GDDR6,,15000 MHz,,NVIDIA GeForce,RTX 3000,,,3 Years
STOCK,Colorful iGame GeForce RTX 5060 Ultra W DUO OC 8GB-V GDDR7 Graphics Card,colorful-igame-geforce-rtx-5060-ultra-w-duo-oc-8gb-v-gddr7-graphics-card,GPU-COLORFUL-IGAME-RTX-5060-ULTRA-W-DUO-,colorful,nvidia,"Video Memory: 8GB GDDR7, CUDA Cores: 3840 • Core Clock: Base: 2280 MHz; Boost: 2497 MHz • One-Key OC: Base: 2280 MHz; Boost: 2580 MHz • Display Outputs: 3 x DisplayPort 2.1b, 1 x HDMI 2.1b",,62000,65000,,IN_STOCK,0,5,false,true,/uploads/gpus/colorful-igame-geforce-rtx-5060-ultra-w-duo-oc-8gb-v-gddr7-graphics-card.jpg,Colorful iGame GeForce RTX 5060 Ultra W DUO OC 8GB-V GDDR7 Graphics Card,Buy Colorful iGame GeForce RTX 5060 Ultra W DUO OC 8GB-V GDDR7 Graphics Card in Bangladesh | LogicBay BD,Colorful iGame GeForce RTX 5060 Ultra W DUO OC 8GB-V GDDR7 Graphics Card. Check price and warranty at LogicBay BD.,"graphics card, colorful, nvidia geforce, 8gb",https://www.startech.com.bd/colorful-igame-geforce-rtx-5060-ultra-w-duo-oc-8gb-v-graphics-card,8GB,GDDR7,,,,NVIDIA GeForce,RTX 5000,,,3 Years
STOCK,GIGABYTE GeForce RTX 5060 EAGLE MAX OC 8GB GDDR7 Graphics Card,gigabyte-geforce-rtx-5060-eagle-max-oc-8gb-gddr7-graphics-card,GPU-GIGABYTE-RTX-5060-EAGLE-MAX-OC-8GB-G,gigabyte,nvidia,"Video Memory: 8GB GDDR7, PCI Express 5.0 • Core Clock: 2550 MHz (Reference card: 2497MHz) • CUDA Cores: 3840, Memory Clock: 28 Gbps • Display Outputs: 3x DisplayPort 2.1b, 1x HDMI 2.1b",,62000,65000,,IN_STOCK,0,5,false,true,/uploads/gpus/gigabyte-geforce-rtx-5060-eagle-max-oc-8gb-gddr7-graphics-card.jpg,GIGABYTE GeForce RTX 5060 EAGLE MAX OC 8GB GDDR7 Graphics Card,Buy GIGABYTE GeForce RTX 5060 EAGLE MAX OC 8GB GDDR7 Graphics Card in Bangladesh | LogicBay BD,GIGABYTE GeForce RTX 5060 EAGLE MAX OC 8GB GDDR7 Graphics Card. Check price and warranty at LogicBay BD.,"graphics card, gigabyte, nvidia geforce, 8gb",https://www.startech.com.bd/gigabyte-geforce-rtx-5060-eagle-max-oc-8g-graphics-card,8GB,GDDR7,,28 Gbps,,NVIDIA GeForce,RTX 5000,,,3 Years
STOCK,MSI GeForce RTX 3060 VENTUS 2X OC 12GB Graphics Card,msi-geforce-rtx-3060-ventus-2x-oc-12gb-graphics-card,GPU-MSI-RTX-3060-VENTUS-2X-OC-12GB,msi,nvidia,12GB of GDDR6 VRAM • 3584 CUDA Cores • Ampere Architecture • Boostable up to 1807 MHz,,58900,65900,,IN_STOCK,0,5,false,true,/uploads/gpus/msi-geforce-rtx-3060-ventus-2x-oc-12gb-graphics-card.jpg,MSI GeForce RTX 3060 VENTUS 2X OC 12GB Graphics Card,Buy MSI GeForce RTX 3060 VENTUS 2X OC 12GB Graphics Card in Bangladesh | LogicBay BD,MSI GeForce RTX 3060 VENTUS 2X OC 12GB Graphics Card. Check price and warranty at LogicBay BD.,"graphics card, msi, nvidia geforce, 12gb",https://www.startech.com.bd/msi-rtx-3060-ventus-2x-oc-12gb-graphics-card,12GB,GDDR6,,,,NVIDIA GeForce,RTX 3000,,,3 Years
STOCK,Sapphire Pulse AMD Radeon RX 9060 XT Gaming OC 8GB GDDR6 Graphics Card,sapphire-pulse-amd-radeon-rx-9060-xt-gaming-oc-8gb-gddr6-graphics-card,GPU-SAPPHIRE-PULSE-RX-9060-XT-GAMING-OC-,sapphire,amd-gpu,"Boost Clock: Up to 3290 MHz, Game Clock: Up to 2700 MHz • Memory: 8GB/128 bit GDDR6, Memory Clock: 20 Gbps Effective • Stream Processors: 2048, AMD RDNA 4 Architecture • Output Ports: 2x HDMI, 1x DisplayPort 2.1a",,66900,,,IN_STOCK,0,5,false,true,/uploads/gpus/sapphire-pulse-amd-radeon-rx-9060-xt-gaming-oc-8gb-gddr6-graphics-card.jpg,Sapphire Pulse AMD Radeon RX 9060 XT Gaming OC 8GB GDDR6 Graphics Card,Buy Sapphire Pulse AMD Radeon RX 9060 XT Gaming OC 8GB GDDR6 Graphics Card in Bangladesh | LogicBay BD,Sapphire Pulse AMD Radeon RX 9060 XT Gaming OC 8GB GDDR6 Graphics Card. Check price and warranty at LogicBay BD.,"graphics card, sapphire, amd radeon, 8gb",https://www.startech.com.bd/sapphire-pulse-amd-radeon-rx-9060-xt-gaming-oc-8gb-graphics-card,8GB,GDDR6,,20 Gbps Effective,,AMD Radeon,RX 9000,,,3 Years
STOCK,GUNNIR Intel Arc Pro B50 16G Low Profile GDDR6 Workstation Graphics Card,gunnir-intel-arc-pro-b50-16g-low-profile-gddr6-workstation-graphics-card,GPU-GUNNIR-ARC-PRO-B50-16G-LOW-PROFILE-G,gunnir,graphics-card,"Clock Speed: 1700MHz • Memory: 16GB GDDR6; AI TOPS: 170TOPS • Memory Bandwidth: 224GB/s • Output: DisplayPort x1, HDMI x2",,69000,,,IN_STOCK,0,5,false,true,/uploads/gpus/gunnir-intel-arc-pro-b50-16g-low-profile-gddr6-workstation-graphics-card.jpg,GUNNIR Intel Arc Pro B50 16G Low Profile GDDR6 Workstation Graphics Card,Buy GUNNIR Intel Arc Pro B50 16G Low Profile GDDR6 Workstation Graphics Card in Bangladesh | LogicBay BD,GUNNIR Intel Arc Pro B50 16G Low Profile GDDR6 Workstation Graphics Card. Check price and warranty at LogicBay BD.,"graphics card, gunnir, intel arc, ",https://www.startech.com.bd/gunnir-intel-arc-pro-b50-16g-low-profile-graphics-card,,GDDR6,,,,Intel Arc,,,,3 Years
STOCK,MSI GeForce RTX 5060 Ti 8G SHADOW 2X OC PLUS 8GB GDDR7 Graphics Card,msi-geforce-rtx-5060-ti-8g-shadow-2x-oc-plus-8gb-gddr7-graphics-card,GPU-MSI-RTX-5060-TI-8G-SHADOW-2X-OC-PLUS,msi,nvidia,"Video Memory: 8GB GDDR7, PCI Express 5 • CUDA Cores: 4608 Units, Memory Speed: 28 Gbps • Core Clocks: Extreme: 2617 MHz, Boost: 2602 MHz • Display Outputs: 3 x DisplayPort 2.1b, 1 x HDMI",,71000,71900,,IN_STOCK,0,5,false,true,/uploads/gpus/msi-geforce-rtx-5060-ti-8g-shadow-2x-oc-plus-8gb-gddr7-graphics-card.jpg,MSI GeForce RTX 5060 Ti 8G SHADOW 2X OC PLUS 8GB GDDR7 Graphics Card,Buy MSI GeForce RTX 5060 Ti 8G SHADOW 2X OC PLUS 8GB GDDR7 Graphics Card in Bangladesh | LogicBay BD,MSI GeForce RTX 5060 Ti 8G SHADOW 2X OC PLUS 8GB GDDR7 Graphics Card. Check price and warranty at LogicBay BD.,"graphics card, msi, nvidia geforce, 8gb",https://www.startech.com.bd/msi-geforce-rtx-5060-ti-8g-shadow-2x-oc-plus-graphics-card,8GB,GDDR7,,,,NVIDIA GeForce,RTX 5000,,,3 Years
STOCK,Colorful GeForce RTX 5060 Ti Battle AX DUO 8GB-V GDDR7 Graphics Card,colorful-geforce-rtx-5060-ti-battle-ax-duo-8gb-v-gddr7-graphics-card,GPU-COLORFUL-RTX-5060-TI-BATTLE-AX-DUO-8,colorful,nvidia,"Video Memory: 8GB GDDR7, Memory Clock: 28Gbps • Core Clock: Base: 2407 Mhz, Boost: 2572 Mhz • CUDA Cores: 4608, Memory Bandwidth: 448GB/s • Display Outputs: 3x DisplayPort 2.1b, 1x HDMI 2.1b",,69900,72500,,IN_STOCK,0,5,false,true,/uploads/gpus/colorful-geforce-rtx-5060-ti-battle-ax-duo-8gb-v-gddr7-graphics-card.jpg,Colorful GeForce RTX 5060 Ti Battle AX DUO 8GB-V GDDR7 Graphics Card,Buy Colorful GeForce RTX 5060 Ti Battle AX DUO 8GB-V GDDR7 Graphics Card in Bangladesh | LogicBay BD,Colorful GeForce RTX 5060 Ti Battle AX DUO 8GB-V GDDR7 Graphics Card. Check price and warranty at LogicBay BD.,"graphics card, colorful, nvidia geforce, 8gb",https://www.startech.com.bd/colorful-geforce-rtx-5060-ti-battle-ax-duo-8gb-v-graphics-card,8GB,GDDR7,,28Gbps,,NVIDIA GeForce,RTX 5000,,,3 Years
STOCK,INNO3D GeForce RTX 5060 Ti 8GB TWIN X2 OC Graphics Card,inno3d-geforce-rtx-5060-ti-8gb-twin-x2-oc-graphics-card,GPU-INNO3D-RTX-5060-TI-8GB-TWIN-X2-OC,inno3d,nvidia,"Video Memory: 8GB GDDR7, PCI Express Gen 5 • Base Clock: 2317MHz, Boost Clock: 2602MHz • CUDA Cores: 4608, Memory Clock: 28Gbps • Display Outputs: 3 x DisplayPort 2.1b, 1 x HDMI 2.1b",,68500,72500,,IN_STOCK,0,5,false,true,/uploads/gpus/inno3d-geforce-rtx-5060-ti-8gb-twin-x2-oc-graphics-card.jpg,INNO3D GeForce RTX 5060 Ti 8GB TWIN X2 OC Graphics Card,Buy INNO3D GeForce RTX 5060 Ti 8GB TWIN X2 OC Graphics Card in Bangladesh | LogicBay BD,INNO3D GeForce RTX 5060 Ti 8GB TWIN X2 OC Graphics Card. Check price and warranty at LogicBay BD.,"graphics card, inno3d, nvidia geforce, 8gb",https://www.startech.com.bd/inno3d-rtx-5060-ti-8gb-twin-x2-oc-graphics-card,8GB,GDDR7,,28Gbps,,NVIDIA GeForce,RTX 5000,,,3 Years
STOCK,Colorful iGame GeForce RTX 5060 Ti Ultra W DUO OC 8GB-V GDDR7 Graphics Card,colorful-igame-geforce-rtx-5060-ti-ultra-w-duo-oc-8gb-v-gddr7-graphics-card,GPU-COLORFUL-IGAME-RTX-5060-TI-ULTRA-W-D,colorful,nvidia,"Video Memory: 8GB GDDR7, CUDA Cores: 4608 • Core Clock: Base: 2407 MHz; Boost: 2572 MHz • One-Key OC: Base: 2407 MHz; Boost: 2632 MHz • Display Outputs: 3 x DisplayPort 2.1b, 1 x HDMI 2.1b",,71900,73000,,IN_STOCK,0,5,false,true,/uploads/gpus/colorful-igame-geforce-rtx-5060-ti-ultra-w-duo-oc-8gb-v-gddr7-graphics-card.jpg,Colorful iGame GeForce RTX 5060 Ti Ultra W DUO OC 8GB-V GDDR7 Graphics Card,Buy Colorful iGame GeForce RTX 5060 Ti Ultra W DUO OC 8GB-V GDDR7 Graphics Card in Bangladesh | LogicBay BD,Colorful iGame GeForce RTX 5060 Ti Ultra W DUO OC 8GB-V GDDR7 Graphics Card. Check price and warranty at LogicBay BD.,"graphics card, colorful, nvidia geforce, 8gb",https://www.startech.com.bd/colorful-igame-geforce-rtx-5060-ti-ultra-w-duo-oc-8gb-v-graphics-card,8GB,GDDR7,,,,NVIDIA GeForce,RTX 5000,,,3 Years
STOCK,MSI GeForce RTX 5060 Ti 8G VENTUS 2X PLUS 8GB GDDR7 Graphics Card,msi-geforce-rtx-5060-ti-8g-ventus-2x-plus-8gb-gddr7-graphics-card,GPU-MSI-RTX-5060-TI-8G-VENTUS-2X-PLUS-8G,msi,nvidia,"Video Memory: 8GB GDDR7, PCI Express 5 • CUDA Cores: 4608 Units, Memory Speed: 28 Gbps • Core Clocks: Extreme: 2587 MHz, Boost: 2572 MHz • Display Outputs: 3 x DisplayPort 2.1b, 1 x HDMI",,74000,,,IN_STOCK,0,5,false,true,/uploads/gpus/msi-geforce-rtx-5060-ti-8g-ventus-2x-plus-8gb-gddr7-graphics-card.jpg,MSI GeForce RTX 5060 Ti 8G VENTUS 2X PLUS 8GB GDDR7 Graphics Card,Buy MSI GeForce RTX 5060 Ti 8G VENTUS 2X PLUS 8GB GDDR7 Graphics Card in Bangladesh | LogicBay BD,MSI GeForce RTX 5060 Ti 8G VENTUS 2X PLUS 8GB GDDR7 Graphics Card. Check price and warranty at LogicBay BD.,"graphics card, msi, nvidia geforce, 8gb",https://www.startech.com.bd/msi-geforce-rtx-5060-ti-8g-ventus-2x-plus-graphics-card,8GB,GDDR7,,,,NVIDIA GeForce,RTX 5000,,,3 Years
STOCK,Colorful GeForce RTX 5060 Ti Gaming DUO 8GB-V GDDR7 Graphics Card,colorful-geforce-rtx-5060-ti-gaming-duo-8gb-v-gddr7-graphics-card,GPU-COLORFUL-RTX-5060-TI-GAMING-DUO-8GB-,colorful,nvidia,"Video Memory: 8GB GDDR7, CUDA Cores: 3840 • Core Clock: Base: 2407 Mhz; Boost: 2572 MHz • Memory Clock: 28 Gbps, Memory Bus Width: 128 bit • Display Outputs: 3 x DisplayPort 2.1b, 1 x HDMI 2.1b",,70500,74000,,IN_STOCK,0,5,false,true,/uploads/gpus/colorful-geforce-rtx-5060-ti-gaming-duo-8gb-v-gddr7-graphics-card.jpg,Colorful GeForce RTX 5060 Ti Gaming DUO 8GB-V GDDR7 Graphics Card,Buy Colorful GeForce RTX 5060 Ti Gaming DUO 8GB-V GDDR7 Graphics Card in Bangladesh | LogicBay BD,Colorful GeForce RTX 5060 Ti Gaming DUO 8GB-V GDDR7 Graphics Card. Check price and warranty at LogicBay BD.,"graphics card, colorful, nvidia geforce, 8gb",https://www.startech.com.bd/colorful-geforce-rtx-5060-ti-gaming-duo-8gb-v-graphics-card,8GB,GDDR7,,"28 Gbps, Memory Bus Width: 128 bit",,NVIDIA GeForce,RTX 5000,,,3 Years
STOCK,MSI GeForce RTX 5060 Ti 8G VENTUS 2X OC PLUS 8GB GDDR7 Graphics Card,msi-geforce-rtx-5060-ti-8g-ventus-2x-oc-plus-8gb-gddr7-graphics-card,GPU-MSI-RTX-5060-TI-8G-VENTUS-2X-OC-PLUS,msi,nvidia,"Video Memory: 8GB GDDR7, PCI Express 5 • CUDA Cores: 4608 Units, Memory Speed: 28 Gbps • Core Clocks: Extreme: 2617 MHz, Boost: 2602 MHz • Display Outputs: 3 x DisplayPort 2.1b, 1 x HDMI",,71900,74900,,IN_STOCK,0,5,false,true,/uploads/gpus/msi-geforce-rtx-5060-ti-8g-ventus-2x-oc-plus-8gb-gddr7-graphics-card.jpg,MSI GeForce RTX 5060 Ti 8G VENTUS 2X OC PLUS 8GB GDDR7 Graphics Card,Buy MSI GeForce RTX 5060 Ti 8G VENTUS 2X OC PLUS 8GB GDDR7 Graphics Card in Bangladesh | LogicBay BD,MSI GeForce RTX 5060 Ti 8G VENTUS 2X OC PLUS 8GB GDDR7 Graphics Card. Check price and warranty at LogicBay BD.,"graphics card, msi, nvidia geforce, 8gb",https://www.startech.com.bd/msi-geforce-rtx-5060-ti-8g-ventus-2x-oc-plus-graphics-card,8GB,GDDR7,,,,NVIDIA GeForce,RTX 5000,,,3 Years
STOCK,MSI GeForce RTX 5060 Ti 8G VENTUS 2X OC WHITE PLUS 8GB GDDR7 Graphics Card,msi-geforce-rtx-5060-ti-8g-ventus-2x-oc-white-plus-8gb-gddr7-graphics-card,GPU-MSI-RTX-5060-TI-8G-VENTUS-2X-OC-WHIT,msi,nvidia,"Video Memory: 8GB GDDR7, PCI Express Gen 5 x16 • Core Clocks: Extreme: 2617 MHz, Boost: 2602 MHz • CUDA Cores: 4608 Units, Memory Speed: 28 Gbps • Display Outputs: 3 x DisplayPort 2.1b, 1 x HDMI 2.1b",,69900,74900,,IN_STOCK,0,5,false,true,/uploads/gpus/msi-geforce-rtx-5060-ti-8g-ventus-2x-oc-white-plus-8gb-gddr7-graphics-card.jpg,MSI GeForce RTX 5060 Ti 8G VENTUS 2X OC WHITE PLUS 8GB GDDR7 Graphics Card,Buy MSI GeForce RTX 5060 Ti 8G VENTUS 2X OC WHITE PLUS 8GB GDDR7 Graphics Card in Bangladesh | LogicBay BD,MSI GeForce RTX 5060 Ti 8G VENTUS 2X OC WHITE PLUS 8GB GDDR7 Graphics Card. Check price and warranty at LogicBay BD.,"graphics card, msi, nvidia geforce, 8gb",https://www.startech.com.bd/msi-geforce-rtx-5060-ti-8g-ventus-2x-oc-white-plus-gpu,8GB,GDDR7,,,,NVIDIA GeForce,RTX 5000,,,3 Years
STOCK,INNO3D GeForce RTX 5060 Ti 8GB X3 OC GDDR7 Graphics Card,inno3d-geforce-rtx-5060-ti-8gb-x3-oc-gddr7-graphics-card,GPU-INNO3D-RTX-5060-TI-8GB-X3-OC-GDDR7,inno3d,nvidia,"Video Memory: 8GB GDDR7, PCI Express Gen 5 • Base Clock: 2407MHz, Boost Clock: 2602MHz • CUDA Cores: 4608, Memory Clock: 28 Gbps • Display Outputs: 3 x DisplayPort 2.1b, 1 x HDMI 2.1b",,71900,75000,,IN_STOCK,0,5,false,true,/uploads/gpus/inno3d-geforce-rtx-5060-ti-8gb-x3-oc-gddr7-graphics-card.jpg,INNO3D GeForce RTX 5060 Ti 8GB X3 OC GDDR7 Graphics Card,Buy INNO3D GeForce RTX 5060 Ti 8GB X3 OC GDDR7 Graphics Card in Bangladesh | LogicBay BD,INNO3D GeForce RTX 5060 Ti 8GB X3 OC GDDR7 Graphics Card. Check price and warranty at LogicBay BD.,"graphics card, inno3d, nvidia geforce, 8gb",https://www.startech.com.bd/inno3d-geforce-rtx-5060-ti-8gb-x3-oc-graphics-card,8GB,GDDR7,,28 Gbps,,NVIDIA GeForce,RTX 5000,,,3 Years
STOCK,MSI GeForce RTX 5060 Ti 8G VENTUS 3X OC 8GB GDDR7 Graphics Card,msi-geforce-rtx-5060-ti-8g-ventus-3x-oc-8gb-gddr7-graphics-card,GPU-MSI-RTX-5060-TI-8G-VENTUS-3X-OC-8GB-,msi,nvidia,"Video Memory: 8GB GDDR7, PCI Express 5 • CUDA Cores: 4608 Units, Memory Speed: 28 Gbps • Core Clocks: Extreme: 2617 MHz, Boost: 2602 MHz • Display Outputs: 3 x DisplayPort 2.1b, 1 x HDMI",,76000,76900,,IN_STOCK,0,5,false,true,/uploads/gpus/msi-geforce-rtx-5060-ti-8g-ventus-3x-oc-8gb-gddr7-graphics-card.jpg,MSI GeForce RTX 5060 Ti 8G VENTUS 3X OC 8GB GDDR7 Graphics Card,Buy MSI GeForce RTX 5060 Ti 8G VENTUS 3X OC 8GB GDDR7 Graphics Card in Bangladesh | LogicBay BD,MSI GeForce RTX 5060 Ti 8G VENTUS 3X OC 8GB GDDR7 Graphics Card. Check price and warranty at LogicBay BD.,"graphics card, msi, nvidia geforce, 8gb",https://www.startech.com.bd/msi-geforce-rtx-5060-ti-8g-ventus-3x-oc-graphics-card,8GB,GDDR7,,,,NVIDIA GeForce,RTX 5000,,,3 Years
STOCK,PowerColor Reaper AMD Radeon RX 9060 XT 16GB GDDR6 Graphics Card,powercolor-reaper-amd-radeon-rx-9060-xt-16gb-gddr6-graphics-card,GPU-POWERCOLOR-REAPER-RX-9060-XT-16GB-GD,powercolor,amd-gpu,"Engine Clock: Up to 2620 MHz (Game) / 3230 MHz (Boost) • Memory Speed: 20 Gbps, Memory Interface: 128-bit • Stream Processors: 2048 Units, AMD RDNA 4 Architecture • Output Ports: 1 x HDMI 2.1b, 2 x DisplayPort 2.1a",,76500,77000,,IN_STOCK,0,5,false,true,/uploads/gpus/powercolor-reaper-amd-radeon-rx-9060-xt-16gb-gddr6-graphics-card.jpg,PowerColor Reaper AMD Radeon RX 9060 XT 16GB GDDR6 Graphics Card,Buy PowerColor Reaper AMD Radeon RX 9060 XT 16GB GDDR6 Graphics Card in Bangladesh | LogicBay BD,PowerColor Reaper AMD Radeon RX 9060 XT 16GB GDDR6 Graphics Card. Check price and warranty at LogicBay BD.,"graphics card, powercolor, amd radeon, 16gb",https://www.startech.com.bd/powercolor-reaper-amd-radeon-rx-9060-xt-graphics-card,16GB,GDDR6,Up to 2620 MHz (Game) / 3230 MHz (Boost),,,AMD Radeon,RX 9000,,128-bit,3 Years
STOCK,ASUS PRIME GeForce RTX 5060 Ti 8GB GDDR7 OC Edition Graphics Card,asus-prime-geforce-rtx-5060-ti-8gb-gddr7-oc-edition-graphics-card,GPU-ASUS-PRIME-RTX-5060-TI-8GB-GDDR7-OC-,asus,nvidia,"Engine Clock: 2617MHz (Boost Clock), 2647MHz (OC Mode) • Memory: 8GB GDDR7; Speed: 28 Gbps • CUDA Core: 4608: AI Performance: 759 TOPs • Output: 1x HDMI 2.1b, 3x DisplayPort 2.1b",,78000,,,IN_STOCK,0,5,false,true,/uploads/gpus/asus-prime-geforce-rtx-5060-ti-8gb-gddr7-oc-edition-graphics-card.jpg,ASUS PRIME GeForce RTX 5060 Ti 8GB GDDR7 OC Edition Graphics Card,Buy ASUS PRIME GeForce RTX 5060 Ti 8GB GDDR7 OC Edition Graphics Card in Bangladesh | LogicBay BD,ASUS PRIME GeForce RTX 5060 Ti 8GB GDDR7 OC Edition Graphics Card. Check price and warranty at LogicBay BD.,"graphics card, asus, nvidia geforce, 8gb",https://www.startech.com.bd/asus-prime-geforce-rtx-5060-ti-8gb-oc-graphics-card,8GB,GDDR7,2617MHz (Boost Clock),,,NVIDIA GeForce,RTX 5000,,,3 Years
STOCK,Sapphire Pulse AMD Radeon RX 9060 XT GAMING OC 16GB GDDR6 Graphics Card,sapphire-pulse-amd-radeon-rx-9060-xt-gaming-oc-16gb-gddr6-graphics-card,GPU-SAPPHIRE-PULSE-RX-9060-XT-GAMING-OC--2,sapphire,amd-gpu,"Boost Clock: Up to 3290 MHz, Game Clock: Up to 2700 MHz • Memory: 16GB/128 bit DDR6, Stream Processors: 2048 • AMD RDNA 4 Architecture, Ray Accelerator: 32 • Output: 2x HDMI, 1x DisplayPort 2.1a",,82900,,,IN_STOCK,0,5,false,true,/uploads/gpus/sapphire-pulse-amd-radeon-rx-9060-xt-gaming-oc-16gb-gddr6-graphics-card.jpg,Sapphire Pulse AMD Radeon RX 9060 XT GAMING OC 16GB GDDR6 Graphics Card,Buy Sapphire Pulse AMD Radeon RX 9060 XT GAMING OC 16GB GDDR6 Graphics Card in Bangladesh | LogicBay BD,Sapphire Pulse AMD Radeon RX 9060 XT GAMING OC 16GB GDDR6 Graphics Card. Check price and warranty at LogicBay BD.,"graphics card, sapphire, amd radeon, 16gb",https://www.startech.com.bd/sapphire-pulse-amd-radeon-rx-9060-xt-gaming-oc-graphics-card,16GB,GDDR6,,,,AMD Radeon,RX 9000,,,3 Years
STOCK,ASUS Dual GeForce RTX 5060 Ti 8GB GDDR7 OC Edition Graphics Card,asus-dual-geforce-rtx-5060-ti-8gb-gddr7-oc-edition-graphics-card,GPU-ASUS-DUAL-RTX-5060-TI-8GB-GDDR7-OC-E,asus,nvidia,"Engine Clock: 2602 MHz (Boost Clock), 2632 MHz (OC Mode) • Memory: 8GB GDDR7; Speed: 28 Gbps • CUDA Core: 4608, AI Performance: 767 TOPs • Output: 1x HDMI 2.1b, 3x DisplayPort 2.1b",,86000,,,IN_STOCK,0,5,false,true,/uploads/gpus/asus-dual-geforce-rtx-5060-ti-8gb-gddr7-oc-edition-graphics-card.jpg,ASUS Dual GeForce RTX 5060 Ti 8GB GDDR7 OC Edition Graphics Card,Buy ASUS Dual GeForce RTX 5060 Ti 8GB GDDR7 OC Edition Graphics Card in Bangladesh | LogicBay BD,ASUS Dual GeForce RTX 5060 Ti 8GB GDDR7 OC Edition Graphics Card. Check price and warranty at LogicBay BD.,"graphics card, asus, nvidia geforce, 8gb",https://www.startech.com.bd/asus-dual-geforce-rtx-5060-ti-8gb-oc-edition-graphics-card,8GB,GDDR7,2602 MHz (Boost Clock),,,NVIDIA GeForce,RTX 5000,,,3 Years
STOCK,PowerColor Hellhound AMD Radeon RX 9060 XT 16GB GDDR6 Graphics Card,powercolor-hellhound-amd-radeon-rx-9060-xt-16gb-gddr6-graphics-card,GPU-POWERCOLOR-HELLHOUND-RX-9060-XT-16GB,powercolor,amd-gpu,"Engine Clock: Up to 2740 MHz (Game) / 3310 MHz (Boost) • Memory Speed: 20 Gbps, Memory Interface: 128-bit • Stream Processors: 2048 Units, AMD RDNA 4 Architecture • Output Ports: 1 x HDMI 2.1b, 2 x DisplayPort 2.1a",,82800,84000,,IN_STOCK,0,5,false,true,/uploads/gpus/powercolor-hellhound-amd-radeon-rx-9060-xt-16gb-gddr6-graphics-card.jpg,PowerColor Hellhound AMD Radeon RX 9060 XT 16GB GDDR6 Graphics Card,Buy PowerColor Hellhound AMD Radeon RX 9060 XT 16GB GDDR6 Graphics Card in Bangladesh | LogicBay BD,PowerColor Hellhound AMD Radeon RX 9060 XT 16GB GDDR6 Graphics Card. Check price and warranty at LogicBay BD.,"graphics card, powercolor, amd radeon, 16gb",https://www.startech.com.bd/powercolor-hellhound-amd-radeon-rx-9060-xt-16gb-gddr6-graphics-card,16GB,GDDR6,Up to 2740 MHz (Game) / 3310 MHz (Boost),,,AMD Radeon,RX 9000,,128-bit,3 Years
STOCK,Sapphire Pure AMD Radeon RX 9060 XT GAMING OC 16GB GDDR6 Graphics Card,sapphire-pure-amd-radeon-rx-9060-xt-gaming-oc-16gb-gddr6-graphics-card,GPU-SAPPHIRE-PURE-RX-9060-XT-GAMING-OC-1,sapphire,amd-gpu,"Boost Clock: Up to 3290 MHz, Game Clock: Up to 2700 MHz • Memory: 16GB/128-bit DDR6 Stream Processors: 2048 • AMD RDNA 4 Architecture, Ray Accelerator: 32 • Output: 2x HDMI, 1x DisplayPort 2.1a",,84900,,,IN_STOCK,0,5,false,true,/uploads/gpus/sapphire-pure-amd-radeon-rx-9060-xt-gaming-oc-16gb-gddr6-graphics-card.jpg,Sapphire Pure AMD Radeon RX 9060 XT GAMING OC 16GB GDDR6 Graphics Card,Buy Sapphire Pure AMD Radeon RX 9060 XT GAMING OC 16GB GDDR6 Graphics Card in Bangladesh | LogicBay BD,Sapphire Pure AMD Radeon RX 9060 XT GAMING OC 16GB GDDR6 Graphics Card. Check price and warranty at LogicBay BD.,"graphics card, sapphire, amd radeon, 16gb",https://www.startech.com.bd/sapphire-pure-amd-radeon-rx-9060-xt-gaming-oc-graphics-card,16GB,GDDR6,,,,AMD Radeon,RX 9000,,,3 Years
STOCK,PowerColor Fighter AMD Radeon RX 7700 XT 12GB GDDR6 Graphics Card,powercolor-fighter-amd-radeon-rx-7700-xt-12gb-gddr6-graphics-card,GPU-POWERCOLOR-FIGHTER-RX-7700-XT-12GB-G,powercolor,amd-gpu,"Engine Clock: Up to 2226 MHz (Game) / 2584 MHz (Boost) • Memory Speed: 18 Gbps, Memory Interface: 192-bit • Stream Processors: 3456 Units, AMD RDNA 3 Architecture • Output Ports: 1 x HDMI 2.1, 3 x DisplayPort 2.1",,82000,85000,,IN_STOCK,0,5,false,true,/uploads/gpus/powercolor-fighter-amd-radeon-rx-7700-xt-12gb-gddr6-graphics-card.jpg,PowerColor Fighter AMD Radeon RX 7700 XT 12GB GDDR6 Graphics Card,Buy PowerColor Fighter AMD Radeon RX 7700 XT 12GB GDDR6 Graphics Card in Bangladesh | LogicBay BD,PowerColor Fighter AMD Radeon RX 7700 XT 12GB GDDR6 Graphics Card. Check price and warranty at LogicBay BD.,"graphics card, powercolor, amd radeon, 12gb",https://www.startech.com.bd/powercolor-fighter-amd-radeon-rx-7700-xt-12gb-gddr6-graphics-card,12GB,GDDR6,Up to 2226 MHz (Game) / 2584 MHz (Boost),,,AMD Radeon,RX 7000,,192-bit,3 Years
STOCK,ASUS Dual Radeon RX 9060 XT 16GB GDDR6 Graphics Card,asus-dual-radeon-rx-9060-xt-16gb-gddr6-graphics-card,GPU-ASUS-DUAL-RX-9060-XT-16GB-GDDR6,asus,amd-gpu,"Boost Clock: Up to 3250 MHz, Game Clock: Up to 2640 MHz • Memory: 16GB/128 bit GDDR6, Memory Clock: 20 Gbps Effective • Stream Processors: 2048, AMD RDNA 4 Architecture • Output Ports:1x HDMI, 2x DisplayPort 2.1a",,88000,,,IN_STOCK,0,5,false,true,/uploads/gpus/asus-dual-radeon-rx-9060-xt-16gb-gddr6-graphics-card.jpg,ASUS Dual Radeon RX 9060 XT 16GB GDDR6 Graphics Card,Buy ASUS Dual Radeon RX 9060 XT 16GB GDDR6 Graphics Card in Bangladesh | LogicBay BD,ASUS Dual Radeon RX 9060 XT 16GB GDDR6 Graphics Card. Check price and warranty at LogicBay BD.,"graphics card, asus, amd radeon, 16gb",https://www.startech.com.bd/asus-dual-radeon-rx-9060-xt-16gb-graphics-card,16GB,GDDR6,,20 Gbps Effective,,AMD Radeon,RX 9000,,,3 Years
STOCK,PowerColor AMD Radeon RX 7800 XT 16GB GDDR6 Graphics Card,powercolor-amd-radeon-rx-7800-xt-16gb-gddr6-graphics-card,GPU-POWERCOLOR-RX-7800-XT-16GB-GDDR6,powercolor,amd-gpu,"Engine Clock: Up to 2124MHz (Game)/ 2430MHz (Boost) • Memory Speed: 19.5 Gbps, Memory Interface: 256-bit • Stream Processors: 3840 Units, AMD RDNA 3 Architecture • Output Ports: 1 x HDMI 2.1, 3 x DisplayPort 2.1",,87000,89000,,IN_STOCK,0,5,false,true,/uploads/gpus/powercolor-amd-radeon-rx-7800-xt-16gb-gddr6-graphics-card.jpg,PowerColor AMD Radeon RX 7800 XT 16GB GDDR6 Graphics Card,Buy PowerColor AMD Radeon RX 7800 XT 16GB GDDR6 Graphics Card in Bangladesh | LogicBay BD,PowerColor AMD Radeon RX 7800 XT 16GB GDDR6 Graphics Card. Check price and warranty at LogicBay BD.,"graphics card, powercolor, amd radeon, 16gb",https://www.startech.com.bd/powercolor-amd-radeon-rx-7800-xt-16gb-gddr6-graphics-card,16GB,GDDR6,Up to 2124MHz (Game)/ 2430MHz (Boost),,,AMD Radeon,RX 7000,,256-bit,3 Years
STOCK,ASUS Prime Radeon RX 9060 XT 16GB GDDR6 OC Edition Graphics Card,asus-prime-radeon-rx-9060-xt-16gb-gddr6-oc-edition-graphics-card,GPU-ASUS-PRIME-RX-9060-XT-16GB-GDDR6-OC-,asus,amd-gpu,"Video Memory: 16GB GDDR6, PCI Express 5.0 • Engine Clock: Max. 3330 MHz (OC), Max. 3310 MHz (Default) • Memory Speed: 20 Gbps, Stream Processors: 2048 • Output Ports: 1x Native HDMI 2.1b, 2x Native DisplayPort 2.1a",,94000,,,IN_STOCK,0,5,false,true,/uploads/gpus/asus-prime-radeon-rx-9060-xt-16gb-gddr6-oc-edition-graphics-card.jpg,ASUS Prime Radeon RX 9060 XT 16GB GDDR6 OC Edition Graphics Card,Buy ASUS Prime Radeon RX 9060 XT 16GB GDDR6 OC Edition Graphics Card in Bangladesh | LogicBay BD,ASUS Prime Radeon RX 9060 XT 16GB GDDR6 OC Edition Graphics Card. Check price and warranty at LogicBay BD.,"graphics card, asus, amd radeon, 16gb",https://www.startech.com.bd/asus-prime-radeon-rx-9060-xt-16gb-gddr6-oc-graphics-card,16GB,GDDR6,Max. 3330 MHz (OC),,,AMD Radeon,RX 9000,,,3 Years
STOCK,PowerColor Reaper AMD Radeon RX 9070 GRE 12GB GDDR6 Graphics Card,powercolor-reaper-amd-radeon-rx-9070-gre-12gb-gddr6-graphics-card,GPU-POWERCOLOR-REAPER-RX-9070-GRE-12GB-G,powercolor,amd-gpu,"Engine Clock: Up to 2220MHz(Game)/ 2790MHz(Boost) • Memory Speed: 18.0 Gbps, Memory Interface: 192-bit • Stream Processors: 3072 Units, AMD RDNA 4 Architecture • Output Ports: 1 x HDMI 2.1b，3 x DisplayPort 2.1a",,89000,,,IN_STOCK,0,5,false,true,/uploads/gpus/powercolor-reaper-amd-radeon-rx-9070-gre-12gb-gddr6-graphics-card.jpg,PowerColor Reaper AMD Radeon RX 9070 GRE 12GB GDDR6 Graphics Card,Buy PowerColor Reaper AMD Radeon RX 9070 GRE 12GB GDDR6 Graphics Card in Bangladesh | LogicBay BD,PowerColor Reaper AMD Radeon RX 9070 GRE 12GB GDDR6 Graphics Card. Check price and warranty at LogicBay BD.,"graphics card, powercolor, amd radeon, 12gb",https://www.startech.com.bd/powercolor-reaper-amd-radeon-rx-9070-gre-12gb-graphics-card,12GB,GDDR6,Up to 2220MHz(Game)/ 2790MHz(Boost),,,AMD Radeon,RX 9000,,192-bit,3 Years
STOCK,PowerColor Hellhound Spectral White AMD Radeon RX 9060 XT 16GB GDDR6 Graphics Card,powercolor-hellhound-spectral-white-amd-radeon-rx-9060-xt-16gb-gddr6-graphics-card,GPU-POWERCOLOR-HELLHOUND-SPECTRAL-WHITE-,powercolor,amd-gpu,"Engine Clock(OC): up to 2740MHz(Game), up to 3310MHz(Boost) • Memory Speed: 20 Gbps, Memory Interface: 128-bit • Stream Processors: 2048 Units, AMD RDNA 4 Architecture • Output Ports: 1 x HDMI 2.1b, 2 x DisplayPort 2.1a",,85500,90000,,IN_STOCK,0,5,false,true,/uploads/gpus/powercolor-hellhound-spectral-white-amd-radeon-rx-9060-xt-16gb-gddr6-graphics-card.jpg,PowerColor Hellhound Spectral White AMD Radeon RX 9060 XT 16GB GDDR6 Graphics Card,Buy PowerColor Hellhound Spectral White AMD Radeon RX 9060 XT 16GB GDDR6 Graphics Card in Bangladesh | LogicBay BD,PowerColor Hellhound Spectral White AMD Radeon RX 9060 XT 16GB GDDR6 Graphics Card. Check price and warranty at LogicBay BD.,"graphics card, powercolor, amd radeon, 16gb",https://www.startech.com.bd/powercolor-hellhound-spectral-white-amd-radeon-rx-9060-xt-gpu,16GB,GDDR6,,,,AMD Radeon,RX 9000,,128-bit,3 Years
STOCK,Sapphire NITRO+ AMD Radeon RX 9060 XT Gaming OC 16GB GDDR6 Graphics Card,sapphire-nitro-amd-radeon-rx-9060-xt-gaming-oc-16gb-gddr6-graphics-card,GPU-SAPPHIRE-NITRO-RX-9060-XT-GAMING-OC-,sapphire,amd-gpu,"Boost Clock: Up to 3320 MHz, Game Clock: Up to 2780 MHz • Memory: 16GB/128 bit GDDR6, Memory Clock: 20 Gbps Effective • Stream Processors: 2048, AMD RDNA 4 Architecture • Output Ports: 2x HDMI, 1x DisplayPort 2.1a",,91900,,,IN_STOCK,0,5,false,true,/uploads/gpus/sapphire-nitro-amd-radeon-rx-9060-xt-gaming-oc-16gb-gddr6-graphics-card.jpg,Sapphire NITRO+ AMD Radeon RX 9060 XT Gaming OC 16GB GDDR6 Graphics Card,Buy Sapphire NITRO+ AMD Radeon RX 9060 XT Gaming OC 16GB GDDR6 Graphics Card in Bangladesh | LogicBay BD,Sapphire NITRO+ AMD Radeon RX 9060 XT Gaming OC 16GB GDDR6 Graphics Card. Check price and warranty at LogicBay BD.,"graphics card, sapphire, amd radeon, 16gb",https://www.startech.com.bd/sapphire-nitro-plus-amd-radeon-rx-9060-xt-gaming-oc-graphics-card,16GB,GDDR6,,20 Gbps Effective,,AMD Radeon,RX 9000,,,3 Years
STOCK,Sapphire PULSE AMD Radeon RX 9070 GRE OC 12GB GDDR6 Graphics Card,sapphire-pulse-amd-radeon-rx-9070-gre-oc-12gb-gddr6-graphics-card,GPU-SAPPHIRE-PULSE-RX-9070-GRE-OC-12GB-G,sapphire,amd-gpu,"Video Memory: 12GB GDDR6, PCI Express 5.0 x16 • Boost Clock: Up to 2920MHz, Game Clock: Up to 2340MHz • Stream Processors: 3072, AMD RDNA 4 Architecture • Display Outputs: 2x HDMI 2.1b, 2x DisplayPort 2.1a",,92900,,,IN_STOCK,0,5,false,true,/uploads/gpus/sapphire-pulse-amd-radeon-rx-9070-gre-oc-12gb-gddr6-graphics-card.jpg,Sapphire PULSE AMD Radeon RX 9070 GRE OC 12GB GDDR6 Graphics Card,Buy Sapphire PULSE AMD Radeon RX 9070 GRE OC 12GB GDDR6 Graphics Card in Bangladesh | LogicBay BD,Sapphire PULSE AMD Radeon RX 9070 GRE OC 12GB GDDR6 Graphics Card. Check price and warranty at LogicBay BD.,"graphics card, sapphire, amd radeon, 12gb",https://www.startech.com.bd/sapphire-pulse-amd-radeon-rx-9070-gre-oc-graphics-card,12GB,GDDR6,,,,AMD Radeon,RX 9000,,,3 Years
STOCK,GUNNIR Intel Arc Pro B60 TF 24GB GDDR6 Workstation Graphics Card,gunnir-intel-arc-pro-b60-tf-24gb-gddr6-workstation-graphics-card,GPU-GUNNIR-ARC-PRO-B60-TF-24GB-GDDR6-WOR,gunnir,graphics-card,"Clock Speed: 2400MHz • Memory: 24GB GDDR6; AI TOPS: 197TOPS • Memory Bandwidth: 456GB/s • Output: DisplayPort x3, HDMI x1",,105000,,,IN_STOCK,0,5,false,true,/uploads/gpus/gunnir-intel-arc-pro-b60-tf-24gb-gddr6-workstation-graphics-card.jpg,GUNNIR Intel Arc Pro B60 TF 24GB GDDR6 Workstation Graphics Card,Buy GUNNIR Intel Arc Pro B60 TF 24GB GDDR6 Workstation Graphics Card in Bangladesh | LogicBay BD,GUNNIR Intel Arc Pro B60 TF 24GB GDDR6 Workstation Graphics Card. Check price and warranty at LogicBay BD.,"graphics card, gunnir, intel arc, 24gb",https://www.startech.com.bd/gunnir-intel-arc-pro-b60-tf-24gb-workstation-graphics-card,24GB,GDDR6,,,,Intel Arc,,,,3 Years
STOCK,GUNNIR Intel Arc Pro B60 BS 24GB GDDR6 Workstation Graphics Card,gunnir-intel-arc-pro-b60-bs-24gb-gddr6-workstation-graphics-card,GPU-GUNNIR-ARC-PRO-B60-BS-24GB-GDDR6-WOR,gunnir,graphics-card,"Clock Speed: 2000MHz • Memory: 24GB GDDR6; AI TOPS: 164TOPS • Memory Bandwidth: 456GB/s • Output: DisplayPort x3, HDMI x1",,105000,,,IN_STOCK,0,5,false,true,/uploads/gpus/gunnir-intel-arc-pro-b60-bs-24gb-gddr6-workstation-graphics-card.jpg,GUNNIR Intel Arc Pro B60 BS 24GB GDDR6 Workstation Graphics Card,Buy GUNNIR Intel Arc Pro B60 BS 24GB GDDR6 Workstation Graphics Card in Bangladesh | LogicBay BD,GUNNIR Intel Arc Pro B60 BS 24GB GDDR6 Workstation Graphics Card. Check price and warranty at LogicBay BD.,"graphics card, gunnir, intel arc, 24gb",https://www.startech.com.bd/gunnir-intel-arc-pro-b60-bs-24gb-workstation-graphics-card,24GB,GDDR6,,,,Intel Arc,,,,3 Years
STOCK,Sapphire PULSE AMD Radeon RX 9070 Gaming 16GB GDDR6 Graphics Card,sapphire-pulse-amd-radeon-rx-9070-gaming-16gb-gddr6-graphics-card,GPU-SAPPHIRE-PULSE-RX-9070-GAMING-16GB-G,sapphire,amd-gpu,"Video Memory: 16GB GDDR6, PCI Express 5.0 x16 • Boost Clock: Up to 2520 MHz, Game Clock: Up to 2070 MHz • Stream Processors: 3584, AMD RDNA 4 Architecture • Display Outputs: 2x HDMI, 2x DisplayPort 2.1a",,103500,110900,,IN_STOCK,0,5,false,true,/uploads/gpus/sapphire-pulse-amd-radeon-rx-9070-gaming-16gb-gddr6-graphics-card.jpg,Sapphire PULSE AMD Radeon RX 9070 Gaming 16GB GDDR6 Graphics Card,Buy Sapphire PULSE AMD Radeon RX 9070 Gaming 16GB GDDR6 Graphics Card in Bangladesh | LogicBay BD,Sapphire PULSE AMD Radeon RX 9070 Gaming 16GB GDDR6 Graphics Card. Check price and warranty at LogicBay BD.,"graphics card, sapphire, amd radeon, 16gb",https://www.startech.com.bd/sapphire-pulse-amd-radeon-rx-9070-gaming-graphics-card,16GB,GDDR6,,,,AMD Radeon,RX 9000,,,3 Years
STOCK,PNY GeForce RTX 5060 Ti 16GB Dual Fan GDDR7 Graphics Card,pny-geforce-rtx-5060-ti-16gb-dual-fan-gddr7-graphics-card,GPU-PNY-RTX-5060-TI-16GB-DUAL-FAN-GDDR7,pny,nvidia,"Video Memory: 16GB GDDR7, PCI-Express 5.0 x8 • Graphics Clock: 2407 MHz, Boost Clock: 2572 MHz • Memory Clock: 28 Gbps, Memory Interface: 128-bit • Display Outputs: 3 x DisplayPort 2.1b, 1 x HDMI 2.1b",,116500,115000,,IN_STOCK,0,5,false,true,/uploads/gpus/pny-geforce-rtx-5060-ti-16gb-dual-fan-gddr7-graphics-card.jpg,PNY GeForce RTX 5060 Ti 16GB Dual Fan GDDR7 Graphics Card,Buy PNY GeForce RTX 5060 Ti 16GB Dual Fan GDDR7 Graphics Card in Bangladesh | LogicBay BD,PNY GeForce RTX 5060 Ti 16GB Dual Fan GDDR7 Graphics Card. Check price and warranty at LogicBay BD.,"graphics card, pny, nvidia geforce, 16gb",https://www.startech.com.bd/pny-geforce-rtx-5060-ti-16gb-dual-fan-graphics-card,16GB,GDDR7,,"28 Gbps, Memory Interface: 128-bit",,NVIDIA GeForce,RTX 5000,,128-bit,3 Years
STOCK,Sapphire PURE AMD Radeon RX 9070 Gaming OC 16GB GDDR6 Graphics Card,sapphire-pure-amd-radeon-rx-9070-gaming-oc-16gb-gddr6-graphics-card,GPU-SAPPHIRE-PURE-RX-9070-GAMING-OC-16GB,sapphire,amd-gpu,"Video Memory: 16GB GDDR6, PCI Express 5.0 x16 • Boost Clock: Up to 2700 MHz, Game Clock: Up to 2210 MHz • Stream Processors: 3584, AMD RDNA 4 Architecture • Display Outputs: 2x HDMI, 2x DisplayPort 2.1a",,109000,115900,,IN_STOCK,0,5,false,true,/uploads/gpus/sapphire-pure-amd-radeon-rx-9070-gaming-oc-16gb-gddr6-graphics-card.jpg,Sapphire PURE AMD Radeon RX 9070 Gaming OC 16GB GDDR6 Graphics Card,Buy Sapphire PURE AMD Radeon RX 9070 Gaming OC 16GB GDDR6 Graphics Card in Bangladesh | LogicBay BD,Sapphire PURE AMD Radeon RX 9070 Gaming OC 16GB GDDR6 Graphics Card. Check price and warranty at LogicBay BD.,"graphics card, sapphire, amd radeon, 16gb",https://www.startech.com.bd/sapphire-pure-amd-radeon-rx-9070-gaming-oc-graphics-card,16GB,GDDR6,,,,AMD Radeon,RX 9000,,,3 Years
STOCK,Colorful GeForce RTX 5060 Ti Battle AX NB DUO 16GB-V GDDR7 Graphics Card,colorful-geforce-rtx-5060-ti-battle-ax-nb-duo-16gb-v-gddr7-graphics-card,GPU-COLORFUL-RTX-5060-TI-BATTLE-AX-NB-DU,colorful,nvidia,"Video Memory: 16GB GDDR7, Memory Clock: 28Gbps • Core Clock: Base: 2407 Mhz, Boost: 2572 Mhz • CUDA Cores: 4608, Memory Bandwidth: 448GB/s • Display Outputs: 3x DisplayPort 2.1b, 1x HDMI 2.1b",,115000,118000,,IN_STOCK,0,5,false,true,/uploads/gpus/colorful-geforce-rtx-5060-ti-battle-ax-nb-duo-16gb-v-gddr7-graphics-card.jpg,Colorful GeForce RTX 5060 Ti Battle AX NB DUO 16GB-V GDDR7 Graphics Card,Buy Colorful GeForce RTX 5060 Ti Battle AX NB DUO 16GB-V GDDR7 Graphics Card in Bangladesh | LogicBay BD,Colorful GeForce RTX 5060 Ti Battle AX NB DUO 16GB-V GDDR7 Graphics Card. Check price and warranty at LogicBay BD.,"graphics card, colorful, nvidia geforce, 16gb",https://www.startech.com.bd/colorful-geforce-rtx-5060-ti-battle-ax-nb-duo-16gb-v-graphics-card,16GB,GDDR7,,28Gbps,,NVIDIA GeForce,RTX 5000,,,3 Years
STOCK,Sapphire NITRO+ AMD Radeon RX 9070 Gaming OC 16GB GDDR6 Graphics Card,sapphire-nitro-amd-radeon-rx-9070-gaming-oc-16gb-gddr6-graphics-card,GPU-SAPPHIRE-NITRO-RX-9070-GAMING-OC-16G,sapphire,amd-gpu,"Boost Clock: Up to 2700 MHz, Game Clock: Up to 2210 MHz • Memory: 16GB/ 256 bit GDDR6, 20 Gbps Effective • Stream Processors: 3584, AMD RDNA 4 Architecture • Output Ports: 2x HDMI, 2x DisplayPort 2.1a",,107000,118900,,IN_STOCK,0,5,false,true,/uploads/gpus/sapphire-nitro-amd-radeon-rx-9070-gaming-oc-16gb-gddr6-graphics-card.jpg,Sapphire NITRO+ AMD Radeon RX 9070 Gaming OC 16GB GDDR6 Graphics Card,Buy Sapphire NITRO+ AMD Radeon RX 9070 Gaming OC 16GB GDDR6 Graphics Card in Bangladesh | LogicBay BD,Sapphire NITRO+ AMD Radeon RX 9070 Gaming OC 16GB GDDR6 Graphics Card. Check price and warranty at LogicBay BD.,"graphics card, sapphire, amd radeon, 16gb",https://www.startech.com.bd/sapphire-nitro-plus-amd-radeon-rx-9070-gaming-oc-graphics-card,16GB,GDDR6,,,,AMD Radeon,RX 9000,,,3 Years
STOCK,PowerColor Reaper AMD Radeon RX 9070 16GB GDDR6 Graphics Card,powercolor-reaper-amd-radeon-rx-9070-16gb-gddr6-graphics-card,GPU-POWERCOLOR-REAPER-RX-9070-16GB-GDDR6,powercolor,amd-gpu,"Engine Clock: Up to 2070MHz(Game)/ 2520MHz(Boost) • Memory Speed: 20.0 Gbps, Memory Interface: 256-bit • Stream Processors: 3584 Units, AMD RDNA 4 Architecture • Output Ports: 1 x HDMI 2.1b, 3 x DisplayPort 2.1b",,119900,,,IN_STOCK,0,5,false,true,/uploads/gpus/powercolor-reaper-amd-radeon-rx-9070-16gb-gddr6-graphics-card.jpg,PowerColor Reaper AMD Radeon RX 9070 16GB GDDR6 Graphics Card,Buy PowerColor Reaper AMD Radeon RX 9070 16GB GDDR6 Graphics Card in Bangladesh | LogicBay BD,PowerColor Reaper AMD Radeon RX 9070 16GB GDDR6 Graphics Card. Check price and warranty at LogicBay BD.,"graphics card, powercolor, amd radeon, 907016gb",https://www.startech.com.bd/powercolor-reaper-radeon-rx-9070-16gb-gddr6-graphics-card,907016GB,GDDR6,Up to 2070MHz(Game)/ 2520MHz(Boost),,,AMD Radeon,RX 9000,,256-bit,3 Years
STOCK,Manli Nebula V2 GeForce RTX 5060 Ti 16GB GDDR7 Graphics Card,manli-nebula-v2-geforce-rtx-5060-ti-16gb-gddr7-graphics-card,GPU-MANLI-NEBULA-V2-RTX-5060-TI-16GB-GDD,manli,nvidia,"Video Memory: 16GB GDDR7, Memory Clock: 28 Gbps • Core Clock: Base: 2407 MHz; Boost: 2572 MHz • CUDA Cores: 4608, Memory Bandwidth: Up to 448 GB/s • Display Outputs: 3x DisplayPort, 1x HDMI",,115000,120000,,IN_STOCK,0,5,false,true,/uploads/gpus/manli-nebula-v2-geforce-rtx-5060-ti-16gb-gddr7-graphics-card.jpg,Manli Nebula V2 GeForce RTX 5060 Ti 16GB GDDR7 Graphics Card,Buy Manli Nebula V2 GeForce RTX 5060 Ti 16GB GDDR7 Graphics Card in Bangladesh | LogicBay BD,Manli Nebula V2 GeForce RTX 5060 Ti 16GB GDDR7 Graphics Card. Check price and warranty at LogicBay BD.,"graphics card, manli, nvidia geforce, 16gb",https://www.startech.com.bd/manli-nebula-v2-geforce-rtx-5060-ti-16gb-graphics-card,16GB,GDDR7,,28 Gbps,,NVIDIA GeForce,RTX 5000,,,3 Years
STOCK,Colorful iGame GeForce RTX 5060 Ti Ultra W DUO OC 16GB-V GDDR7 Graphics Card,colorful-igame-geforce-rtx-5060-ti-ultra-w-duo-oc-16gb-v-gddr7-graphics-card,GPU-COLORFUL-IGAME-RTX-5060-TI-ULTRA-W-D-2,colorful,nvidia,"Video Memory: 16GB GDDR7, CUDA Cores: 4608 • Core Clock: Base: 2407 MHz; Boost: 2572 MHz • One-Key OC: Base: 2407 MHz, Boost: 2632 MHz • Display Outputs: 3x DisplayPort 2.1b, 1x HDMI 2.1b",,113000,122000,,IN_STOCK,0,5,false,true,/uploads/gpus/colorful-igame-geforce-rtx-5060-ti-ultra-w-duo-oc-16gb-v-gddr7-graphics-card.jpg,Colorful iGame GeForce RTX 5060 Ti Ultra W DUO OC 16GB-V GDDR7 Graphics Card,Buy Colorful iGame GeForce RTX 5060 Ti Ultra W DUO OC 16GB-V GDDR7 Graphics Card in Bangladesh | LogicBay BD,Colorful iGame GeForce RTX 5060 Ti Ultra W DUO OC 16GB-V GDDR7 Graphics Card. Check price and warranty at LogicBay BD.,"graphics card, colorful, nvidia geforce, 16gb",https://www.startech.com.bd/colorful-igame-geforce-rtx-5060-ti-ultra-w-duo-oc-16gb-v-graphics-card,16GB,GDDR7,,,,NVIDIA GeForce,RTX 5000,,,3 Years
STOCK,Manli Black Stellar GeForce RTX 5060 Ti OC 16GB GDDR7 Graphics Card,manli-black-stellar-geforce-rtx-5060-ti-oc-16gb-gddr7-graphics-card,GPU-MANLI-BLACK-STELLAR-RTX-5060-TI-OC-1,manli,nvidia,"Video Memory: 16GB GDDR7, Memory Clock: 28 Gbps • Core Clock: Base: 2407 MHz; Boost: 2632 MHz • CUDA Cores: 4608, Memory Bandwidth: Up to 448 GB/s • Display Outputs: 3x DisplayPort, 1x HDMI",,116000,122000,,IN_STOCK,0,5,false,true,/uploads/gpus/manli-black-stellar-geforce-rtx-5060-ti-oc-16gb-gddr7-graphics-card.jpg,Manli Black Stellar GeForce RTX 5060 Ti OC 16GB GDDR7 Graphics Card,Buy Manli Black Stellar GeForce RTX 5060 Ti OC 16GB GDDR7 Graphics Card in Bangladesh | LogicBay BD,Manli Black Stellar GeForce RTX 5060 Ti OC 16GB GDDR7 Graphics Card. Check price and warranty at LogicBay BD.,"graphics card, manli, nvidia geforce, 16gb",https://www.startech.com.bd/manli-black-stellar-geforce-rtx-5060-ti-oc-16gb-gddr7-graphics-card,16GB,GDDR7,,28 Gbps,,NVIDIA GeForce,RTX 5000,,,3 Years
STOCK,PNY GeForce RTX 5060 Ti 16GB OC Dual Fan GDDR7 Graphics Card,pny-geforce-rtx-5060-ti-16gb-oc-dual-fan-gddr7-graphics-card,GPU-PNY-RTX-5060-TI-16GB-OC-DUAL-FAN-GDD,pny,nvidia,"Video Memory: 16GB GDDR7, PCI Express 5.0 x16 • Graphics Clock: 2407 MHz, Boost Clock: 2692 MHz • CUDA Cores: 4608, Memory Clock: 28 Gbps • Display Outputs: 3 x DisplayPort 2.1b, 1 x HDMI 2.1b",,116500,125000,,IN_STOCK,0,5,false,true,/uploads/gpus/pny-geforce-rtx-5060-ti-16gb-oc-dual-fan-gddr7-graphics-card.jpg,PNY GeForce RTX 5060 Ti 16GB OC Dual Fan GDDR7 Graphics Card,Buy PNY GeForce RTX 5060 Ti 16GB OC Dual Fan GDDR7 Graphics Card in Bangladesh | LogicBay BD,PNY GeForce RTX 5060 Ti 16GB OC Dual Fan GDDR7 Graphics Card. Check price and warranty at LogicBay BD.,"graphics card, pny, nvidia geforce, 16gb",https://www.startech.com.bd/pny-geforce-rtx-5060-ti-16gb-oc-dual-fan-graphics-card,16GB,GDDR7,,28 Gbps,,NVIDIA GeForce,RTX 5000,,,3 Years
STOCK,Manli Nebula GeForce RTX 5070 12GB GDDR7 Graphics Card,manli-nebula-geforce-rtx-5070-12gb-gddr7-graphics-card,GPU-MANLI-NEBULA-RTX-5070-12GB-GDDR7,manli,nvidia,"Video Memory: 12GB GDDR7, Memory Clock: 28 Gbps • Core Clock: Base: 2325 MHz; Boost: 2512 MHz • CUDA Cores: 6144, Memory Bandwidth: Up to 672 GB/s • Display Outputs: 3x DisplayPort, 1x HDMI",,125000,,,IN_STOCK,0,5,false,true,/uploads/gpus/manli-nebula-geforce-rtx-5070-12gb-gddr7-graphics-card.jpg,Manli Nebula GeForce RTX 5070 12GB GDDR7 Graphics Card,Buy Manli Nebula GeForce RTX 5070 12GB GDDR7 Graphics Card in Bangladesh | LogicBay BD,Manli Nebula GeForce RTX 5070 12GB GDDR7 Graphics Card. Check price and warranty at LogicBay BD.,"graphics card, manli, nvidia geforce, 12gb",https://www.startech.com.bd/manli-nebula-geforce-rtx-5070-graphics-card,12GB,GDDR7,,28 Gbps,,NVIDIA GeForce,RTX 5000,,,3 Years
STOCK,Manli Polar Fox GeForce RTX 5060 Ti OC 16GB GDDR7 Graphics Card,manli-polar-fox-geforce-rtx-5060-ti-oc-16gb-gddr7-graphics-card,GPU-MANLI-POLAR-FOX-RTX-5060-TI-OC-16GB-,manli,nvidia,"Video Memory: 16GB GDDR7, Memory Clock: 28 Gbps • Core Clock: Base: 2407 MHz; Boost: 2602 MHz • CUDA Cores: 4608, Memory Bandwidth: Up to 448 GB/s • Display Outputs: 3x DisplayPort, 1x HDMI",,119900,125000,,IN_STOCK,0,5,false,true,/uploads/gpus/manli-polar-fox-geforce-rtx-5060-ti-oc-16gb-gddr7-graphics-card.jpg,Manli Polar Fox GeForce RTX 5060 Ti OC 16GB GDDR7 Graphics Card,Buy Manli Polar Fox GeForce RTX 5060 Ti OC 16GB GDDR7 Graphics Card in Bangladesh | LogicBay BD,Manli Polar Fox GeForce RTX 5060 Ti OC 16GB GDDR7 Graphics Card. Check price and warranty at LogicBay BD.,"graphics card, manli, nvidia geforce, 16gb",https://www.startech.com.bd/manli-polar-fox-geforce-rtx-5060-ti-oc-graphics-card,16GB,GDDR7,,28 Gbps,,NVIDIA GeForce,RTX 5000,,,3 Years
STOCK,INNO3D GeForce RTX 5060 Ti 16GB X3 OC GDDR7 Graphics Card,inno3d-geforce-rtx-5060-ti-16gb-x3-oc-gddr7-graphics-card,GPU-INNO3D-RTX-5060-TI-16GB-X3-OC-GDDR7,inno3d,nvidia,"Video Memory: 16GB GDDR7, PCI Express Gen 5 • Base Clock: 2407MHz, Boost Clock: 2602MHz • CUDA Cores: 4608, Memory Clock: 28 Gbps • Display Outputs: 3 x DisplayPort 2.1b, 1 x HDMI 2.1b",,119500,125000,,IN_STOCK,0,5,false,true,/uploads/gpus/inno3d-geforce-rtx-5060-ti-16gb-x3-oc-gddr7-graphics-card.jpg,INNO3D GeForce RTX 5060 Ti 16GB X3 OC GDDR7 Graphics Card,Buy INNO3D GeForce RTX 5060 Ti 16GB X3 OC GDDR7 Graphics Card in Bangladesh | LogicBay BD,INNO3D GeForce RTX 5060 Ti 16GB X3 OC GDDR7 Graphics Card. Check price and warranty at LogicBay BD.,"graphics card, inno3d, nvidia geforce, 16gb",https://www.startech.com.bd/inno3d-geforce-rtx-5060-ti-16gb-x3-oc-graphics-card,16GB,GDDR7,,28 Gbps,,NVIDIA GeForce,RTX 5000,,,3 Years
STOCK,PowerColor Reaper AMD Radeon RX 9070 XT 16GB GDDR6 Graphics Card,powercolor-reaper-amd-radeon-rx-9070-xt-16gb-gddr6-graphics-card,GPU-POWERCOLOR-REAPER-RX-9070-XT-16GB-GD,powercolor,amd-gpu,"Engine Clock: Up to 2400MHz(Game)/ 2970MHz(Boost) • Memory Speed: 20.0 Gbps, Memory Interface: 256-bit • Stream Processors: 4096 Units, AMD RDNA 4 Architecture • Output Ports: 1 x HDMI 2.1b, 3 x DisplayPort 2.1b",,124500,125500,,IN_STOCK,0,5,false,true,/uploads/gpus/powercolor-reaper-amd-radeon-rx-9070-xt-16gb-gddr6-graphics-card.jpg,PowerColor Reaper AMD Radeon RX 9070 XT 16GB GDDR6 Graphics Card,Buy PowerColor Reaper AMD Radeon RX 9070 XT 16GB GDDR6 Graphics Card in Bangladesh | LogicBay BD,PowerColor Reaper AMD Radeon RX 9070 XT 16GB GDDR6 Graphics Card. Check price and warranty at LogicBay BD.,"graphics card, powercolor, amd radeon, 16gb",https://www.startech.com.bd/powercolor-reaper-amd-radeon-rx-9070-xt-16gb-gddr6-graphics-card,16GB,GDDR6,Up to 2400MHz(Game)/ 2970MHz(Boost),,,AMD Radeon,RX 9000,,256-bit,3 Years
STOCK,MSI GeForce RTX 5060 Ti 16G SHADOW 2X OC PLUS 16GB GDDR7 Graphics Card,msi-geforce-rtx-5060-ti-16g-shadow-2x-oc-plus-16gb-gddr7-graphics-card,GPU-MSI-RTX-5060-TI-16G-SHADOW-2X-OC-PLU,msi,nvidia,"Video Memory: 16GB GDDR7, PCI Express 5 • CUDA Cores: 4608 Units, Memory Speed: 28 Gbps • Core Clocks: Extreme: 2617 MHz, Boost: 2602 MHz • Display Outputs: 3 x DisplayPort 2.1b, 1 x HDMI",,119900,125900,,IN_STOCK,0,5,false,true,/uploads/gpus/msi-geforce-rtx-5060-ti-16g-shadow-2x-oc-plus-16gb-gddr7-graphics-card.jpg,MSI GeForce RTX 5060 Ti 16G SHADOW 2X OC PLUS 16GB GDDR7 Graphics Card,Buy MSI GeForce RTX 5060 Ti 16G SHADOW 2X OC PLUS 16GB GDDR7 Graphics Card in Bangladesh | LogicBay BD,MSI GeForce RTX 5060 Ti 16G SHADOW 2X OC PLUS 16GB GDDR7 Graphics Card. Check price and warranty at LogicBay BD.,"graphics card, msi, nvidia geforce, 16gb",https://www.startech.com.bd/msi-geforce-rtx-5060-ti-16g-shadow-2x-oc-plus-graphics-card,16GB,GDDR7,,,,NVIDIA GeForce,RTX 5000,,,3 Years
STOCK,Sapphire Pulse AMD Radeon RX 9070 XT Gaming 16GB GDDR6 Graphics Card,sapphire-pulse-amd-radeon-rx-9070-xt-gaming-16gb-gddr6-graphics-card,GPU-SAPPHIRE-PULSE-RX-9070-XT-GAMING-16G,sapphire,amd-gpu,"Boost Clock: Up to 2970 MHz, Game Clock: Up to 2400 MHz • Memory: 16GB/256 bit GDDR6, Memory Clock: 20 Gbps Effective • Stream Processors: 4096, AMD RDNA 4 Architecture • Output Ports: 2x HDMI, 2x DisplayPort 2.1a",,125900,,,IN_STOCK,0,5,false,true,/uploads/gpus/sapphire-pulse-amd-radeon-rx-9070-xt-gaming-16gb-gddr6-graphics-card.jpg,Sapphire Pulse AMD Radeon RX 9070 XT Gaming 16GB GDDR6 Graphics Card,Buy Sapphire Pulse AMD Radeon RX 9070 XT Gaming 16GB GDDR6 Graphics Card in Bangladesh | LogicBay BD,Sapphire Pulse AMD Radeon RX 9070 XT Gaming 16GB GDDR6 Graphics Card. Check price and warranty at LogicBay BD.,"graphics card, sapphire, amd radeon, 16gb",https://www.startech.com.bd/sapphire-pulse-amd-radeon-rx-9070-xt-gaming-graphics-card,16GB,GDDR6,,20 Gbps Effective,,AMD Radeon,RX 9000,,,3 Years
STOCK,ASUS Dual GeForce RTX 5060 Ti 16GB GDDR7 OC Edition Graphics Card,asus-dual-geforce-rtx-5060-ti-16gb-gddr7-oc-edition-graphics-card,GPU-ASUS-DUAL-RTX-5060-TI-16GB-GDDR7-OC-,asus,nvidia,"Engine Clock: 2602 MHz (Boost Clock), 2632 MHz (OC Mode) • Memory: 16GB GDDR7; Speed: 28 Gbps • CUDA Core: 4608, AI Performance: 767 TOPs • Output: 1x HDMI 2.1b, 3x DisplayPort 2.1b",,125900,,,IN_STOCK,0,5,false,true,/uploads/gpus/asus-dual-geforce-rtx-5060-ti-16gb-gddr7-oc-edition-graphics-card.jpg,ASUS Dual GeForce RTX 5060 Ti 16GB GDDR7 OC Edition Graphics Card,Buy ASUS Dual GeForce RTX 5060 Ti 16GB GDDR7 OC Edition Graphics Card in Bangladesh | LogicBay BD,ASUS Dual GeForce RTX 5060 Ti 16GB GDDR7 OC Edition Graphics Card. Check price and warranty at LogicBay BD.,"graphics card, asus, nvidia geforce, 16gb",https://www.startech.com.bd/asus-dual-geforce-rtx-5060-ti-16gb-oc-graphics-card,16GB,GDDR7,2602 MHz (Boost Clock),,,NVIDIA GeForce,RTX 5000,,,3 Years
STOCK,Sapphire PURE AMD Radeon RX 9070 XT 16GB GDDR6 Graphics Card,sapphire-pure-amd-radeon-rx-9070-xt-16gb-gddr6-graphics-card,GPU-SAPPHIRE-PURE-RX-9070-XT-16GB-GDDR6,sapphire,amd-gpu,"Boost Clock: Up to 3010 MHz • Game Clock: Up to 2460 MHz • Memory: 16GB/256-bit GDDR6. 20Gbps Effective • Output: 2x HDMI, 2x DisplayPort",,128900,,,IN_STOCK,0,5,false,true,/uploads/gpus/sapphire-pure-amd-radeon-rx-9070-xt-16gb-gddr6-graphics-card.jpg,Sapphire PURE AMD Radeon RX 9070 XT 16GB GDDR6 Graphics Card,Buy Sapphire PURE AMD Radeon RX 9070 XT 16GB GDDR6 Graphics Card in Bangladesh | LogicBay BD,Sapphire PURE AMD Radeon RX 9070 XT 16GB GDDR6 Graphics Card. Check price and warranty at LogicBay BD.,"graphics card, sapphire, amd radeon, 16gb",https://www.startech.com.bd/sapphire-pure-amd-radeon-rx-9070-xt-graphics-card,16GB,GDDR6,,,,AMD Radeon,RX 9000,,,3 Years
STOCK,PowerColor Hellhound AMD Radeon RX 9070 XT 16GB GDDR6 Graphics Card,powercolor-hellhound-amd-radeon-rx-9070-xt-16gb-gddr6-graphics-card,GPU-POWERCOLOR-HELLHOUND-RX-9070-XT-16GB,powercolor,amd-gpu,"Engine Clock: Up to 2460MHz(Game)/ 3010MHz(Boost) • Memory Speed: 20.0 Gbps, Memory Interface: 256-bit • Stream Processors: 4096 Units, AMD RDNA 4 Architecture • Output Ports: 1 x HDMI 2.1b, 3 x DisplayPort 2.1b",,129000,,,IN_STOCK,0,5,false,true,/uploads/gpus/powercolor-hellhound-amd-radeon-rx-9070-xt-16gb-gddr6-graphics-card.jpg,PowerColor Hellhound AMD Radeon RX 9070 XT 16GB GDDR6 Graphics Card,Buy PowerColor Hellhound AMD Radeon RX 9070 XT 16GB GDDR6 Graphics Card in Bangladesh | LogicBay BD,PowerColor Hellhound AMD Radeon RX 9070 XT 16GB GDDR6 Graphics Card. Check price and warranty at LogicBay BD.,"graphics card, powercolor, amd radeon, 16gb",https://www.startech.com.bd/powercolor-hellhound-amd-radeon-rx-9070-xt-16gb-gddr6-graphics-card,16GB,GDDR6,Up to 2460MHz(Game)/ 3010MHz(Boost),,,AMD Radeon,RX 9000,,256-bit,3 Years
STOCK,Manli Polar Fox V2 GeForce RTX 5070 OC 12GB GDDR7 Graphics Card,manli-polar-fox-v2-geforce-rtx-5070-oc-12gb-gddr7-graphics-card,GPU-MANLI-POLAR-FOX-V2-RTX-5070-OC-12GB-,manli,nvidia,"Video Memory: 12GB GDDR7, Memory Clock: 28 Gbps • Core Clock: Base: 2325 MHz; Boost: 2542 MHz • CUDA Cores: 6144, Memory Bandwidth: Up to 672 GB/s • Display Outputs: 3x DisplayPort, 1x HDMI",,132500,,,IN_STOCK,0,5,false,true,/uploads/gpus/manli-polar-fox-v2-geforce-rtx-5070-oc-12gb-gddr7-graphics-card.jpg,Manli Polar Fox V2 GeForce RTX 5070 OC 12GB GDDR7 Graphics Card,Buy Manli Polar Fox V2 GeForce RTX 5070 OC 12GB GDDR7 Graphics Card in Bangladesh | LogicBay BD,Manli Polar Fox V2 GeForce RTX 5070 OC 12GB GDDR7 Graphics Card. Check price and warranty at LogicBay BD.,"graphics card, manli, nvidia geforce, 12gb",https://www.startech.com.bd/manli-polar-fox-geforce-rtx-5070-oc-graphics-card,12GB,GDDR7,,28 Gbps,,NVIDIA GeForce,RTX 5000,,,3 Years
STOCK,MSI GeForce RTX 5070 12G SHADOW 2X OC 12GB GDDR7 Graphics Card,msi-geforce-rtx-5070-12g-shadow-2x-oc-12gb-gddr7-graphics-card,GPU-MSI-RTX-5070-12G-SHADOW-2X-OC-12GB-G,msi,nvidia,"Core Clock: 2557 MHz ; Boost: 2542 MHz • Memory Clock: 28 Gbps • CUDA Cores: 6144 • Output: DP 2.1b x3, HDMI 2.1b x1",,126900,134900,,IN_STOCK,0,5,false,true,/uploads/gpus/msi-geforce-rtx-5070-12g-shadow-2x-oc-12gb-gddr7-graphics-card.jpg,MSI GeForce RTX 5070 12G SHADOW 2X OC 12GB GDDR7 Graphics Card,Buy MSI GeForce RTX 5070 12G SHADOW 2X OC 12GB GDDR7 Graphics Card in Bangladesh | LogicBay BD,MSI GeForce RTX 5070 12G SHADOW 2X OC 12GB GDDR7 Graphics Card. Check price and warranty at LogicBay BD.,"graphics card, msi, nvidia geforce, 12gb",https://www.startech.com.bd/msi-geforce-rtx-5070-12g-shadow-2x-oc-graphics-card,12GB,GDDR7,,28 Gbps,,NVIDIA GeForce,RTX 5000,,,3 Years
STOCK,MSI GeForce RTX 5070 12G VENTUS 2X OC 12GB GDDR7 Graphics Card,msi-geforce-rtx-5070-12g-ventus-2x-oc-12gb-gddr7-graphics-card,GPU-MSI-RTX-5070-12G-VENTUS-2X-OC-12GB-G,msi,nvidia,"Core Clock: 2557 MHz ; Boost: 2542 MHz • Memory Clock: 28 Gbps • CUDA Cores: 6144 • Output: DP 2.1b x3, HDMI 2.1b x1",,129900,134900,,IN_STOCK,0,5,false,true,/uploads/gpus/msi-geforce-rtx-5070-12g-ventus-2x-oc-12gb-gddr7-graphics-card.jpg,MSI GeForce RTX 5070 12G VENTUS 2X OC 12GB GDDR7 Graphics Card,Buy MSI GeForce RTX 5070 12G VENTUS 2X OC 12GB GDDR7 Graphics Card in Bangladesh | LogicBay BD,MSI GeForce RTX 5070 12G VENTUS 2X OC 12GB GDDR7 Graphics Card. Check price and warranty at LogicBay BD.,"graphics card, msi, nvidia geforce, 12gb",https://www.startech.com.bd/msi-geforce-rtx-5070-12g-ventus-2x-oc-graphics-card,12GB,GDDR7,,28 Gbps,,NVIDIA GeForce,RTX 5000,,,3 Years
STOCK,ZOTAC GAMING GeForce RTX 5070 Twin Edge OC 12GB GDDR7 White Graphics Card,zotac-gaming-geforce-rtx-5070-twin-edge-oc-12gb-gddr7-white-graphics-card,GPU-ZOTAC-GAMING-RTX-5070-TWIN-EDGE-OC-1,zotac,nvidia,"Video Memory: 12GB GDDR7, PCI Express 5.0 x16 • Engine Clock: 2542 MHz, CUDA Cores: 6144 • Memory Clock: 28 Gbps, Memory Bus: 192-bit • Display Outputs: 3 x DisplayPort 2.1b, 1 x HDMI",,134900,,,IN_STOCK,0,5,false,true,/uploads/gpus/zotac-gaming-geforce-rtx-5070-twin-edge-oc-12gb-gddr7-white-graphics-card.jpg,ZOTAC GAMING GeForce RTX 5070 Twin Edge OC 12GB GDDR7 White Graphics Card,Buy ZOTAC GAMING GeForce RTX 5070 Twin Edge OC 12GB GDDR7 White Graphics Card in Bangladesh | LogicBay BD,ZOTAC GAMING GeForce RTX 5070 Twin Edge OC 12GB GDDR7 White Graphics Card. Check price and warranty at LogicBay BD.,"graphics card, zotac, nvidia geforce, 12gb",https://www.startech.com.bd/zotac-gaming-geforce-rtx-5070-twin-edge-oc-white-graphics-card,12GB,GDDR7,2542 MHz,"28 Gbps, Memory Bus: 192-bit",,NVIDIA GeForce,RTX 5000,,,3 Years
STOCK,Colorful iGame GeForce RTX 5070 Ultra W OC 12GB-V GDDR7 Graphics Card,colorful-igame-geforce-rtx-5070-ultra-w-oc-12gb-v-gddr7-graphics-card,GPU-COLORFUL-IGAME-RTX-5070-ULTRA-W-OC-1,colorful,nvidia,"Memory Clock: 28Gbps, Memory Bus: 192bit • Core Clock Base: 2325Mhz; Boost: 2512Mhz • One-Key OC Base: 2325Mhz; Boost: 2557Mhz • Output Ports: 1x HDMI 2.1b, 3x DisplayPort 2.1b",,128900,135000,,IN_STOCK,0,5,false,true,/uploads/gpus/colorful-igame-geforce-rtx-5070-ultra-w-oc-12gb-v-gddr7-graphics-card.jpg,Colorful iGame GeForce RTX 5070 Ultra W OC 12GB-V GDDR7 Graphics Card,Buy Colorful iGame GeForce RTX 5070 Ultra W OC 12GB-V GDDR7 Graphics Card in Bangladesh | LogicBay BD,Colorful iGame GeForce RTX 5070 Ultra W OC 12GB-V GDDR7 Graphics Card. Check price and warranty at LogicBay BD.,"graphics card, colorful, nvidia geforce, 12gb",https://www.startech.com.bd/colorful-igame-geforce-rtx-5070-ultra-w-oc-12gb-v-graphics-card,12GB,GDDR7,,"28Gbps, Memory Bus: 192bit",,NVIDIA GeForce,RTX 5000,,,3 Years
STOCK,PNY GeForce RTX 5070 ARGB EPIC-X RGB OC Triple Fan 12GB GDDR7 Graphics Card,pny-geforce-rtx-5070-argb-epic-x-rgb-oc-triple-fan-12gb-gddr7-graphics-card,GPU-PNY-RTX-5070-ARGB-EPIC-X-RGB-OC-TRIP,pny,nvidia,"Video Memory: 12GB GDDR7, PCI-Express 5.0 x16 • Core Clock: 2.16Ghz, Memory Interface: 192-bit • CUDA Cores: 6144, Memory Clock: 28 Gbps • Display Outputs: 3 x DisplayPort 2.1b, 1 x HDMI 2.1b",,145000,150000,,IN_STOCK,0,5,false,true,/uploads/gpus/pny-geforce-rtx-5070-argb-epic-x-rgb-oc-triple-fan-12gb-gddr7-graphics-card.jpg,PNY GeForce RTX 5070 ARGB EPIC-X RGB OC Triple Fan 12GB GDDR7 Graphics Card,Buy PNY GeForce RTX 5070 ARGB EPIC-X RGB OC Triple Fan 12GB GDDR7 Graphics Card in Bangladesh | LogicBay BD,PNY GeForce RTX 5070 ARGB EPIC-X RGB OC Triple Fan 12GB GDDR7 Graphics Card. Check price and warranty at LogicBay BD.,"graphics card, pny, nvidia geforce, 12gb",https://www.startech.com.bd/pny-geforce-rtx-5070-argb-epic-x-rgb-oc-triple-fan-graphics-card,12GB,GDDR7,,28 Gbps,,NVIDIA GeForce,RTX 5000,,192-bit,3 Years
STOCK,MSI GeForce RTX 5070 12G INSPIRE 3X OC GDDR7 Graphics Card,msi-geforce-rtx-5070-12g-inspire-3x-oc-gddr7-graphics-card,GPU-MSI-RTX-5070-12G-INSPIRE-3X-OC-GDDR7,msi,nvidia,"Core Clock: 2557 MHz ; Boost: 2542 MHz • Memory Clock: 28 Gbps • CUDA Cores: 6144 • Output: DP 2.1b x3, HDMI 2.1b x1",,139900,,,IN_STOCK,0,5,false,true,/uploads/gpus/msi-geforce-rtx-5070-12g-inspire-3x-oc-gddr7-graphics-card.jpg,MSI GeForce RTX 5070 12G INSPIRE 3X OC GDDR7 Graphics Card,Buy MSI GeForce RTX 5070 12G INSPIRE 3X OC GDDR7 Graphics Card in Bangladesh | LogicBay BD,MSI GeForce RTX 5070 12G INSPIRE 3X OC GDDR7 Graphics Card. Check price and warranty at LogicBay BD.,"graphics card, msi, nvidia geforce, ",https://www.startech.com.bd/msi-geforce-rtx-5070-12g-inspire-3x-oc-graphics-card,,GDDR7,,28 Gbps,,NVIDIA GeForce,RTX 5000,,,3 Years
STOCK,ASUS Dual GeForce RTX 5070 12GB GDDR7 OC Edition Graphics Card,asus-dual-geforce-rtx-5070-12gb-gddr7-oc-edition-graphics-card,GPU-ASUS-DUAL-RTX-5070-12GB-GDDR7-OC-EDI,asus,nvidia,"OC Mode: 2572MHz; Default : 2542MHz (Boost) • Memory: 12GB GDDR7 • CUDA Core: 6144 • Output: 1x HDMI 2.1b, 3x DisplayPort 2.1b",,129999,140000,,IN_STOCK,0,5,false,true,/uploads/gpus/asus-dual-geforce-rtx-5070-12gb-gddr7-oc-edition-graphics-card.jpg,ASUS Dual GeForce RTX 5070 12GB GDDR7 OC Edition Graphics Card,Buy ASUS Dual GeForce RTX 5070 12GB GDDR7 OC Edition Graphics Card in Bangladesh | LogicBay BD,ASUS Dual GeForce RTX 5070 12GB GDDR7 OC Edition Graphics Card. Check price and warranty at LogicBay BD.,"graphics card, asus, nvidia geforce, 507012gb",https://www.startech.com.bd/asus-dual-geforce-rtx-5070-12gb-oc-edition-graphics-card,507012GB,GDDR7,,,,NVIDIA GeForce,RTX 5000,,,3 Years
STOCK,ASUS TUF Gaming GeForce RTX 4070 Ti SUPER BTF White OC Edition 16GB GDDR6X Graphics Card,asus-tuf-gaming-geforce-rtx-4070-ti-super-btf-white-oc-edition-16gb-gddr6x-graphics-card,GPU-ASUS-TUF-GAMING-RTX-4070-TI-SUPER-BT,asus,nvidia,"OC mode: 2670 MHz • Default mode: 2640 MHz (boost) • Memory: 16GB GDDR6X • Output: 2x HDMI 2.1, 3x DisplayPort 1.4a",,151000,166000,,IN_STOCK,0,5,false,true,/uploads/gpus/asus-tuf-gaming-geforce-rtx-4070-ti-super-btf-white-oc-edition-16gb-gddr6x-graphics-card.jpg,ASUS TUF Gaming GeForce RTX 4070 Ti SUPER BTF White OC Edition 16GB GDDR6X Graphics Card,Buy ASUS TUF Gaming GeForce RTX 4070 Ti SUPER BTF White OC Edition 16GB GDDR6X Graphics Card in Bangladesh | LogicBay BD,ASUS TUF Gaming GeForce RTX 4070 Ti SUPER BTF White OC Edition 16GB GDDR6X Graphics Card. Check price and warranty at LogicBay BD.,"graphics card, asus, nvidia geforce, 16gb",https://www.startech.com.bd/asus-tuf-gaming-geforce-rtx-4070-ti-super-btf-white-oc-edition-16gb-graphics-card,16GB,GDDR6X,,,,NVIDIA GeForce,RTX 4000,,,3 Years
STOCK,ASUS PRIME GeForce RTX 5070 Ti 16GB GDDR7 OC Edition Graphics Card,asus-prime-geforce-rtx-5070-ti-16gb-gddr7-oc-edition-graphics-card,GPU-ASUS-PRIME-RTX-5070-TI-16GB-GDDR7-OC,asus,nvidia,"Engine Clock: 2527MHz (OC) ; Boost: 2497MHz • Memory Size: 16GB GDDR7, Speed: 28 Gbps • CUDA Cores: 8960, AI Performance: 1432 TOPs • Interface: Native DP 2.1b x3, Native HDMI 2.1b x1",,192000,,,IN_STOCK,0,5,false,true,/uploads/gpus/asus-prime-geforce-rtx-5070-ti-16gb-gddr7-oc-edition-graphics-card.jpg,ASUS PRIME GeForce RTX 5070 Ti 16GB GDDR7 OC Edition Graphics Card,Buy ASUS PRIME GeForce RTX 5070 Ti 16GB GDDR7 OC Edition Graphics Card in Bangladesh | LogicBay BD,ASUS PRIME GeForce RTX 5070 Ti 16GB GDDR7 OC Edition Graphics Card. Check price and warranty at LogicBay BD.,"graphics card, asus, nvidia geforce, 16gb",https://www.startech.com.bd/asus-prime-geforce-rtx-5070-ti-16gb-oc-edition-graphics-card,16GB,GDDR7,2527MHz (OC) ; Boost: 2497MHz,,,NVIDIA GeForce,RTX 5000,,"Native DP 2.1b x3, Native HDMI 2.1b x1",3 Years
STOCK,PNY GeForce RTX 5070 Ti OC Triple Fan 16GB GDDR7 Graphic Card,pny-geforce-rtx-5070-ti-oc-triple-fan-16gb-gddr7-graphic-card,GPU-PNY-RTX-5070-TI-OC-TRIPLE-FAN-16GB-G,pny,nvidia,"Video Memory: 16GB GDDR7, PCI-Express 5.0 x16 • Core Clock: 2295 MHz, Boost Clock: 2572 MHz • CUDA Cores: 8960, Memory Clock: 28 Gbps • Display Outputs: 3 x DisplayPort 2.1b, 1 x HDMI 2.1b",,181900,185000,,IN_STOCK,0,5,false,true,/uploads/gpus/pny-geforce-rtx-5070-ti-oc-triple-fan-16gb-gddr7-graphic-card.jpg,PNY GeForce RTX 5070 Ti OC Triple Fan 16GB GDDR7 Graphic Card,Buy PNY GeForce RTX 5070 Ti OC Triple Fan 16GB GDDR7 Graphic Card in Bangladesh | LogicBay BD,PNY GeForce RTX 5070 Ti OC Triple Fan 16GB GDDR7 Graphic Card. Check price and warranty at LogicBay BD.,"graphics card, pny, nvidia geforce, 16gb",https://www.startech.com.bd/pny-geforce-rtx-5070-ti-oc-triple-fan-graphic-card,16GB,GDDR7,,28 Gbps,,NVIDIA GeForce,RTX 5000,,,3 Years
STOCK,PNY GeForce RTX 5070 Ti ARGB EPIC-X RGB Triple Fan 16GB GDDR7 Graphics Card,pny-geforce-rtx-5070-ti-argb-epic-x-rgb-triple-fan-16gb-gddr7-graphics-card,GPU-PNY-RTX-5070-TI-ARGB-EPIC-X-RGB-TRIP,pny,nvidia,"Video Memory: 16GB GDDR7, PCI Express 5.0 x16 • Graphics Clock: 2.3 GHz, Boost Clock: 2.45 GHz • CUDA Cores: 8,960, Memory Clock: 28 Gbps • Display Outputs: 3 x DisplayPort 2.1b, 1 x HDMI 2.1b",,185000,189900,,IN_STOCK,0,5,false,true,/uploads/gpus/pny-geforce-rtx-5070-ti-argb-epic-x-rgb-triple-fan-16gb-gddr7-graphics-card.jpg,PNY GeForce RTX 5070 Ti ARGB EPIC-X RGB Triple Fan 16GB GDDR7 Graphics Card,Buy PNY GeForce RTX 5070 Ti ARGB EPIC-X RGB Triple Fan 16GB GDDR7 Graphics Card in Bangladesh | LogicBay BD,PNY GeForce RTX 5070 Ti ARGB EPIC-X RGB Triple Fan 16GB GDDR7 Graphics Card. Check price and warranty at LogicBay BD.,"graphics card, pny, nvidia geforce, 16gb",https://www.startech.com.bd/pny-geforce-rtx-5070-ti-argb-epic-x-rgb-triple-fan-graphics-card,16GB,GDDR7,,28 Gbps,,NVIDIA GeForce,RTX 5000,,,3 Years
STOCK,GUNNIR Intel Arc Pro B70 TF 32GB GDDR6 Workstation Graphics Card,gunnir-intel-arc-pro-b70-tf-32gb-gddr6-workstation-graphics-card,GPU-GUNNIR-ARC-PRO-B70-TF-32GB-GDDR6-WOR,gunnir,graphics-card,"Clock Speed: 2600MHz • Memory: 32GB GDDR6; AI TOPS: 367TOPS • Memory Bandwidth: 608GB/s • Output: DisplayPort x3, HDMI x1",,192000,,,IN_STOCK,0,5,false,true,/uploads/gpus/gunnir-intel-arc-pro-b70-tf-32gb-gddr6-workstation-graphics-card.jpg,GUNNIR Intel Arc Pro B70 TF 32GB GDDR6 Workstation Graphics Card,Buy GUNNIR Intel Arc Pro B70 TF 32GB GDDR6 Workstation Graphics Card in Bangladesh | LogicBay BD,GUNNIR Intel Arc Pro B70 TF 32GB GDDR6 Workstation Graphics Card. Check price and warranty at LogicBay BD.,"graphics card, gunnir, intel arc, 32gb",https://www.startech.com.bd/gunnir-intel-arc-pro-b70-tf-32gb-workstation-graphics-card,32GB,GDDR6,,,,Intel Arc,,,,3 Years
STOCK,GUNNIR Intel Arc Pro B70 BD 32GB GDDR6 Workstation Graphics Card,gunnir-intel-arc-pro-b70-bd-32gb-gddr6-workstation-graphics-card,GPU-GUNNIR-ARC-PRO-B70-BD-32GB-GDDR6-WOR,gunnir,graphics-card,"Clock Speed: 2800MHz • Memory: 32GB GDDR6; AI TOPS: 367TOPS • Memory Bandwidth: 608GB/s • Output: DisplayPort x3, HDMI x1",,192000,,,IN_STOCK,0,5,false,true,/uploads/gpus/gunnir-intel-arc-pro-b70-bd-32gb-gddr6-workstation-graphics-card.jpg,GUNNIR Intel Arc Pro B70 BD 32GB GDDR6 Workstation Graphics Card,Buy GUNNIR Intel Arc Pro B70 BD 32GB GDDR6 Workstation Graphics Card in Bangladesh | LogicBay BD,GUNNIR Intel Arc Pro B70 BD 32GB GDDR6 Workstation Graphics Card. Check price and warranty at LogicBay BD.,"graphics card, gunnir, intel arc, 32gb",https://www.startech.com.bd/gunnir-intel-arc-pro-b70-bd-32gb-workstation-graphics-card,32GB,GDDR6,,,,Intel Arc,,,,3 Years
STOCK,MSI GeForce RTX 5070 Ti 16G SHADOW 3X OC 16GB GDDR7 Graphics Card,msi-geforce-rtx-5070-ti-16g-shadow-3x-oc-16gb-gddr7-graphics-card,GPU-MSI-RTX-5070-TI-16G-SHADOW-3X-OC-16G,msi,nvidia,"Core Clock: 2497 MHz ; Boost: 2482 MHz • Memory Clock: 28 Gbps • CUDA Cores: 8960 • Output: DP 2.1b x3, HDMI 2.1b x1",,194000,194900,,IN_STOCK,0,5,false,true,/uploads/gpus/msi-geforce-rtx-5070-ti-16g-shadow-3x-oc-16gb-gddr7-graphics-card.jpg,MSI GeForce RTX 5070 Ti 16G SHADOW 3X OC 16GB GDDR7 Graphics Card,Buy MSI GeForce RTX 5070 Ti 16G SHADOW 3X OC 16GB GDDR7 Graphics Card in Bangladesh | LogicBay BD,MSI GeForce RTX 5070 Ti 16G SHADOW 3X OC 16GB GDDR7 Graphics Card. Check price and warranty at LogicBay BD.,"graphics card, msi, nvidia geforce, 16gb",https://www.startech.com.bd/msi-geforce-rtx-5070-ti-16g-shadow-3x-oc-graphics-card,16GB,GDDR7,,28 Gbps,,NVIDIA GeForce,RTX 5000,,,3 Years
STOCK,MSI GeForce RTX 5070 Ti 16G VENTUS 3X OC 16GB GDDR7 Graphics Card,msi-geforce-rtx-5070-ti-16g-ventus-3x-oc-16gb-gddr7-graphics-card,GPU-MSI-RTX-5070-TI-16G-VENTUS-3X-OC-16G,msi,nvidia,"Video Memory: 16GB GDDR7, PCI Express 5.0 x16 • CUDA Cores: 8960 Units, Memory Speed: 28 Gbps • Core Clocks: Extreme: 2497 MHz, Boost: 2482 MHz • Display Outputs: 3 x DisplayPort 2.1a, 1 x HDMI",,191900,195900,,IN_STOCK,0,5,false,true,/uploads/gpus/msi-geforce-rtx-5070-ti-16g-ventus-3x-oc-16gb-gddr7-graphics-card.jpg,MSI GeForce RTX 5070 Ti 16G VENTUS 3X OC 16GB GDDR7 Graphics Card,Buy MSI GeForce RTX 5070 Ti 16G VENTUS 3X OC 16GB GDDR7 Graphics Card in Bangladesh | LogicBay BD,MSI GeForce RTX 5070 Ti 16G VENTUS 3X OC 16GB GDDR7 Graphics Card. Check price and warranty at LogicBay BD.,"graphics card, msi, nvidia geforce, 16gb",https://www.startech.com.bd/msi-geforce-rtx-5070-ti-16g-ventus-3x-oc-graphics-card,16GB,GDDR7,,,,NVIDIA GeForce,RTX 5000,,,3 Years
STOCK,Manli Nebula GeForce RTX 5080 16GB GDDR7 Graphics Card,manli-nebula-geforce-rtx-5080-16gb-gddr7-graphics-card,GPU-MANLI-NEBULA-RTX-5080-16GB-GDDR7,manli,nvidia,"Video Memory: 16GB GDDR7, Memory Clock: 30 Gbps • Core Clock: Base: 2295 MHz; Boost: 2617 MHz • CUDA Cores: 10752, Memory Bandwidth: Up to 960 GB/s • Display Outputs: 3x DisplayPort, 1x HDMI",,210000,,,IN_STOCK,0,5,false,true,/uploads/gpus/manli-nebula-geforce-rtx-5080-16gb-gddr7-graphics-card.jpg,Manli Nebula GeForce RTX 5080 16GB GDDR7 Graphics Card,Buy Manli Nebula GeForce RTX 5080 16GB GDDR7 Graphics Card in Bangladesh | LogicBay BD,Manli Nebula GeForce RTX 5080 16GB GDDR7 Graphics Card. Check price and warranty at LogicBay BD.,"graphics card, manli, nvidia geforce, 16gb",https://www.startech.com.bd/manli-nebula-geforce-rtx-5080-graphics-card,16GB,GDDR7,,30 Gbps,,NVIDIA GeForce,RTX 5000,,,3 Years
STOCK,Manli Polar Fox V2 GeForce RTX 5080 OC 16GB GDDR7 Graphics Card,manli-polar-fox-v2-geforce-rtx-5080-oc-16gb-gddr7-graphics-card,GPU-MANLI-POLAR-FOX-V2-RTX-5080-OC-16GB-,manli,nvidia,"Video Memory: 16GB GDDR7, Memory Clock: 30 Gbps • Core Clock: Base: 2295 MHz; Boost: 2640 MHz • CUDA Cores: 10752, Memory Bandwidth: Up to 960 GB/s • Display Outputs: 3x DisplayPort, 1x HDMI",,215000,,,IN_STOCK,0,5,false,true,/uploads/gpus/manli-polar-fox-v2-geforce-rtx-5080-oc-16gb-gddr7-graphics-card.jpg,Manli Polar Fox V2 GeForce RTX 5080 OC 16GB GDDR7 Graphics Card,Buy Manli Polar Fox V2 GeForce RTX 5080 OC 16GB GDDR7 Graphics Card in Bangladesh | LogicBay BD,Manli Polar Fox V2 GeForce RTX 5080 OC 16GB GDDR7 Graphics Card. Check price and warranty at LogicBay BD.,"graphics card, manli, nvidia geforce, 16gb",https://www.startech.com.bd/manli-polar-fox-geforce-rtx-5080-oc-graphics-card,16GB,GDDR7,,30 Gbps,,NVIDIA GeForce,RTX 5000,,,3 Years
STOCK,PNY GeForce RTX 5070 Ti Epic-X ARGB OC Triple Fan 16GB GDDR7 Graphic Card,pny-geforce-rtx-5070-ti-epic-x-argb-oc-triple-fan-16gb-gddr7-graphic-card,GPU-PNY-RTX-5070-TI-EPIC-X-ARGB-OC-TRIPL,pny,nvidia,"Video Memory: 16GB GDDR7, PCI-Express 5.0 x16 • Core Clock: 2295 MHz, Boost Clock: 2640 MHz • CUDA Cores: 8960, Memory Clock: 28 Gbps • Display Outputs: 3 x DisplayPort 2.1b, 1 x HDMI 2.1b",,189900,220000,,IN_STOCK,0,5,false,true,/uploads/gpus/pny-geforce-rtx-5070-ti-epic-x-argb-oc-triple-fan-16gb-gddr7-graphic-card.jpg,PNY GeForce RTX 5070 Ti Epic-X ARGB OC Triple Fan 16GB GDDR7 Graphic Card,Buy PNY GeForce RTX 5070 Ti Epic-X ARGB OC Triple Fan 16GB GDDR7 Graphic Card in Bangladesh | LogicBay BD,PNY GeForce RTX 5070 Ti Epic-X ARGB OC Triple Fan 16GB GDDR7 Graphic Card. Check price and warranty at LogicBay BD.,"graphics card, pny, nvidia geforce, 16gb",https://www.startech.com.bd/pny-geforce-rtx-5070-ti-epic-x-argb-oc-triple-fan-graphic-card,16GB,GDDR7,,28 Gbps,,NVIDIA GeForce,RTX 5000,,,3 Years
STOCK,PNY GeForce RTX 5080 OC 16GB Triple Fan GDDR7 Graphics Card,pny-geforce-rtx-5080-oc-16gb-triple-fan-gddr7-graphics-card,GPU-PNY-RTX-5080-OC-16GB-TRIPLE-FAN-GDDR,pny,nvidia,"Video Memory: 16GB GDDR7, PCI-Express 5.0 x16 • Core Clock: 2330 MHz, Boost Clock: 2620 MHz • CUDA Cores: 10752, Memory Bus: 256-bit • Display Outputs: 3 x DisplayPort 2.1b, 1 x HDMI 2.1b",,245000,,,IN_STOCK,0,5,false,true,/uploads/gpus/pny-geforce-rtx-5080-oc-16gb-triple-fan-gddr7-graphics-card.jpg,PNY GeForce RTX 5080 OC 16GB Triple Fan GDDR7 Graphics Card,Buy PNY GeForce RTX 5080 OC 16GB Triple Fan GDDR7 Graphics Card in Bangladesh | LogicBay BD,PNY GeForce RTX 5080 OC 16GB Triple Fan GDDR7 Graphics Card. Check price and warranty at LogicBay BD.,"graphics card, pny, nvidia geforce, 16gb",https://www.startech.com.bd/pny-geforce-rtx-5080-oc-16gb-triple-fan-graphics-card,16GB,GDDR7,,,,NVIDIA GeForce,RTX 5000,,,3 Years
STOCK,MSI GeForce RTX 5080 16G INSPIRE 3X OC 16GB GDDR7 Graphics Card,msi-geforce-rtx-5080-16g-inspire-3x-oc-16gb-gddr7-graphics-card,GPU-MSI-RTX-5080-16G-INSPIRE-3X-OC-16GB-,msi,nvidia,"Video Memory: 16GB GDDR7, PCI Express 5 • CUDA Cores: 10752 Units, Memory Speed: 30 Gbps • Core Clocks: Extreme: 2655 MHz, Boost: 2640 MHz • Display Outputs: 3 x DisplayPort 2.1b, 1 x HDMI",,249000,249900,,IN_STOCK,0,5,false,true,/uploads/gpus/msi-geforce-rtx-5080-16g-inspire-3x-oc-16gb-gddr7-graphics-card.jpg,MSI GeForce RTX 5080 16G INSPIRE 3X OC 16GB GDDR7 Graphics Card,Buy MSI GeForce RTX 5080 16G INSPIRE 3X OC 16GB GDDR7 Graphics Card in Bangladesh | LogicBay BD,MSI GeForce RTX 5080 16G INSPIRE 3X OC 16GB GDDR7 Graphics Card. Check price and warranty at LogicBay BD.,"graphics card, msi, nvidia geforce, 16gb",https://www.startech.com.bd/msi-geforce-rtx-5080-16g-inspire-3x-oc-graphics-card,16GB,GDDR7,,,,NVIDIA GeForce,RTX 5000,,,3 Years
STOCK,MSI GeForce RTX 5080 16G VENTUS 3X OC 16GB GDDR7 Graphics Card,msi-geforce-rtx-5080-16g-ventus-3x-oc-16gb-gddr7-graphics-card,GPU-MSI-RTX-5080-16G-VENTUS-3X-OC-16GB-G,msi,nvidia,"Video Memory: 16GB GDDR7, PCI Express 5 • CUDA Cores: 10752 Units, Memory Speed: 30 Gbps • Core Clocks: Extreme: 2655 MHz, Boost: 2640 MHz • Display Outputs: 3 x DisplayPort 2.1b, 1 x HDMI",,245000,251900,,IN_STOCK,0,5,false,true,/uploads/gpus/msi-geforce-rtx-5080-16g-ventus-3x-oc-16gb-gddr7-graphics-card.jpg,MSI GeForce RTX 5080 16G VENTUS 3X OC 16GB GDDR7 Graphics Card,Buy MSI GeForce RTX 5080 16G VENTUS 3X OC 16GB GDDR7 Graphics Card in Bangladesh | LogicBay BD,MSI GeForce RTX 5080 16G VENTUS 3X OC 16GB GDDR7 Graphics Card. Check price and warranty at LogicBay BD.,"graphics card, msi, nvidia geforce, 16gb",https://www.startech.com.bd/msi-geforce-rtx-5080-16g-ventus-3x-oc-graphics-card,16GB,GDDR7,,,,NVIDIA GeForce,RTX 5000,,,3 Years
STOCK,PowerColor Radeon AI PRO R9700 32GB GDDR6 Graphics Card,powercolor-radeon-ai-pro-r9700-32gb-gddr6-graphics-card,GPU-POWERCOLOR-AI-PRO-R9700-32GB-GDDR6,powercolor,amd-gpu,"Engine Clock: Up to 2350MHz(Game) / 2920MHz(Boost) • Memory Speed: 20.0 Gbps, Memory Interface: 256-bit • Stream Processors: 1024 Units, AMD RDNA 4 Architecture • Output Ports: 4 x DisplayPort 2.1a",,295000,,,IN_STOCK,0,5,false,true,/uploads/gpus/powercolor-radeon-ai-pro-r9700-32gb-gddr6-graphics-card.jpg,PowerColor Radeon AI PRO R9700 32GB GDDR6 Graphics Card,Buy PowerColor Radeon AI PRO R9700 32GB GDDR6 Graphics Card in Bangladesh | LogicBay BD,PowerColor Radeon AI PRO R9700 32GB GDDR6 Graphics Card. Check price and warranty at LogicBay BD.,"graphics card, powercolor, amd radeon, 970032gb",https://www.startech.com.bd/powercolor-radeon-ai-pro-r9700-32gb-graphics-card,970032GB,GDDR6,Up to 2350MHz(Game) / 2920MHz(Boost),,,AMD Radeon,,,256-bit,3 Years
STOCK,Colorful iGame GeForce RTX 5080 Neptune OC 16GB-V GDDR7 Graphics Card,colorful-igame-geforce-rtx-5080-neptune-oc-16gb-v-gddr7-graphics-card,GPU-COLORFUL-IGAME-RTX-5080-NEPTUNE-OC-1,colorful,nvidia,"Memory Clock: 30 Gbps, Memory Bus: 256 bit • Core Clock Base: 2295Mhz; Boost:2617Mhz • One-Key OC Base: 2295Mhz; Boost:2695Mhz • Output Ports: 1x HDMI 2.1b, 3x DisplayPort 2.1b",,259000,310000,,IN_STOCK,0,5,false,true,/uploads/gpus/colorful-igame-geforce-rtx-5080-neptune-oc-16gb-v-gddr7-graphics-card.jpg,Colorful iGame GeForce RTX 5080 Neptune OC 16GB-V GDDR7 Graphics Card,Buy Colorful iGame GeForce RTX 5080 Neptune OC 16GB-V GDDR7 Graphics Card in Bangladesh | LogicBay BD,Colorful iGame GeForce RTX 5080 Neptune OC 16GB-V GDDR7 Graphics Card. Check price and warranty at LogicBay BD.,"graphics card, colorful, nvidia geforce, 16gb",https://www.startech.com.bd/colorful-igame-geforce-rtx-5080-neptune-oc-16gb-v-graphics-card,16GB,GDDR7,,"30 Gbps, Memory Bus: 256 bit",,NVIDIA GeForce,RTX 5000,,,3 Years
STOCK,PNY GeForce RTX 5090 32GB GDDR7 Overclocked Triple Fan Graphics Card,pny-geforce-rtx-5090-32gb-gddr7-overclocked-triple-fan-graphics-card,GPU-PNY-RTX-5090-32GB-GDDR7-OVERCLOCKED-,pny,nvidia,"Boost Speed: 2527 MHz, Bus Type: PCI-Express 5.0 x16 • Memory: 32GB GDDR7, Memory Interface: 5126-bit • CUDA Cores: 21,760, Memory Bandwidth: 1792 GB/sec • Outputs: 3x DisplayPort 2.1b, 1x HDMI 2.1b",,610000,700000,,IN_STOCK,0,5,false,true,/uploads/gpus/pny-geforce-rtx-5090-32gb-gddr7-overclocked-triple-fan-graphics-card.jpg,PNY GeForce RTX 5090 32GB GDDR7 Overclocked Triple Fan Graphics Card,Buy PNY GeForce RTX 5090 32GB GDDR7 Overclocked Triple Fan Graphics Card in Bangladesh | LogicBay BD,PNY GeForce RTX 5090 32GB GDDR7 Overclocked Triple Fan Graphics Card. Check price and warranty at LogicBay BD.,"graphics card, pny, nvidia geforce, 509032gb",https://www.startech.com.bd/pny-geforce-rtx-5090-32gb-oc-graphics-card,509032GB,GDDR7,,,,NVIDIA GeForce,RTX 5000,,5126-bit,3 Years
STOCK,ASUS TUF Gaming GeForce RTX 5090 32GB GDDR7 OC Edition Graphics Card,asus-tuf-gaming-geforce-rtx-5090-32gb-gddr7-oc-edition-graphics-card,GPU-ASUS-TUF-GAMING-RTX-5090-32GB-GDDR7-,asus,nvidia,"Video Memory: 32GB GDDR7, CUDA Core: 21760 • Memory Speed: 28 Gbps, Memory Interface: 512-bit • Engine Clock: 2550 MHz(Boost clock), OC Mode: 2580 MHz • Output Ports: 2x Native HDMI 2.1b, 3x Native DisplayPort 2.1a",,750000,,,IN_STOCK,0,5,false,true,/uploads/gpus/asus-tuf-gaming-geforce-rtx-5090-32gb-gddr7-oc-edition-graphics-card.jpg,ASUS TUF Gaming GeForce RTX 5090 32GB GDDR7 OC Edition Graphics Card,Buy ASUS TUF Gaming GeForce RTX 5090 32GB GDDR7 OC Edition Graphics Card in Bangladesh | LogicBay BD,ASUS TUF Gaming GeForce RTX 5090 32GB GDDR7 OC Edition Graphics Card. Check price and warranty at LogicBay BD.,"graphics card, asus, nvidia geforce, 32gb",https://www.startech.com.bd/asus-tuf-gaming-geforce-rtx-5090-32gb-gddr7-oc-edition-graphics-card,32GB,GDDR7,2550 MHz(Boost clock),,,NVIDIA GeForce,RTX 5000,,512-bit,3 Years
STOCK,PNY GeForce RTX 5050 8GB Dual Fan GDDR6 Graphics Card,pny-geforce-rtx-5050-8gb-dual-fan-gddr6-graphics-card,GPU-PNY-RTX-5050-8GB-DUAL-FAN-GDDR6,pny,nvidia,"Video Memory: 8GB GDDR6, PCI Express 5.0 x8 • Clock Speed: 2317 MHz, Boost Clock: 2572 MHz • CUDA Cores: 2560, Memory Speed: 20 Gbps • Display Outputs: 3 x DisplayPort 2.1b, 1 x HDMI 2.1b",,52000,,,IN_STOCK,0,5,false,true,/uploads/gpus/pny-geforce-rtx-5050-8gb-dual-fan-gddr6-graphics-card.jpg,PNY GeForce RTX 5050 8GB Dual Fan GDDR6 Graphics Card,Buy PNY GeForce RTX 5050 8GB Dual Fan GDDR6 Graphics Card in Bangladesh | LogicBay BD,PNY GeForce RTX 5050 8GB Dual Fan GDDR6 Graphics Card. Check price and warranty at LogicBay BD.,"graphics card, pny, nvidia geforce, 8gb",https://www.startech.com.bd/pny-geforce-rtx-5050-8gb-dual-fan-graphics-card,8GB,GDDR6,,,,NVIDIA GeForce,RTX 5000,,,3 Years
STOCK,ZOTAC GAMING GeForce RTX 5060 Twin Edge Plus 8GB GDDR7 Graphics Card,zotac-gaming-geforce-rtx-5060-twin-edge-plus-8gb-gddr7-graphics-card,GPU-ZOTAC-GAMING-RTX-5060-TWIN-EDGE-PLUS,zotac,nvidia,"Video Memory: 8GB GDDR7, PCI Express 5.0 x8 • Engine Clock: 2497 MHz, CUDA Cores: 3840 • AI TOPs: 614; Memory Clock: 28 Gbps; Bus: 128-bit • Display Outputs: 3 x DisplayPort 2.1b, 1 x HDMI",,58500,59500,,IN_STOCK,0,5,false,true,/uploads/gpus/zotac-gaming-geforce-rtx-5060-twin-edge-plus-8gb-gddr7-graphics-card.jpg,ZOTAC GAMING GeForce RTX 5060 Twin Edge Plus 8GB GDDR7 Graphics Card,Buy ZOTAC GAMING GeForce RTX 5060 Twin Edge Plus 8GB GDDR7 Graphics Card in Bangladesh | LogicBay BD,ZOTAC GAMING GeForce RTX 5060 Twin Edge Plus 8GB GDDR7 Graphics Card. Check price and warranty at LogicBay BD.,"graphics card, zotac, nvidia geforce, 8gb",https://www.startech.com.bd/zotac-gaming-geforce-rtx-5060-twin-edge-plus-8gb-graphics-card,8GB,GDDR7,2497 MHz,28 Gbps; Bus: 128-bit,,NVIDIA GeForce,RTX 5000,,,3 Years
STOCK,ASUS Dual GeForce RTX 5060 8GB GDDR7 OC Edition Graphics Card,asus-dual-geforce-rtx-5060-8gb-gddr7-oc-edition-graphics-card,GPU-ASUS-DUAL-RTX-5060-8GB-GDDR7-OC-EDIT,asus,nvidia,"Engine Clock: 2535 MHz (Boost Clock), 2565 MHz(OC Mode) • Memory: 8GB GDDR7; Speed: 28 Gbps • CUDA Core: 3840, AI Performance: 623 TOPs • Output: 1x HDMI 2.1b, 3x DisplayPort 2.1b",,60900,65000,,IN_STOCK,0,5,false,true,/uploads/gpus/asus-dual-geforce-rtx-5060-8gb-gddr7-oc-edition-graphics-card.jpg,ASUS Dual GeForce RTX 5060 8GB GDDR7 OC Edition Graphics Card,Buy ASUS Dual GeForce RTX 5060 8GB GDDR7 OC Edition Graphics Card in Bangladesh | LogicBay BD,ASUS Dual GeForce RTX 5060 8GB GDDR7 OC Edition Graphics Card. Check price and warranty at LogicBay BD.,"graphics card, asus, nvidia geforce, 50608gb",https://www.startech.com.bd/asus-dual-geforce-rtx-5060-8gb-gddr7-oc-edition-graphics-card,50608GB,GDDR7,2535 MHz (Boost Clock),,,NVIDIA GeForce,RTX 5000,,,3 Years
STOCK,PNY GeForce RTX 5060 Ti 8GB EPIC-X RGB OC Triple Fan GDDR7 Graphics Card,pny-geforce-rtx-5060-ti-8gb-epic-x-rgb-oc-triple-fan-gddr7-graphics-card,GPU-PNY-RTX-5060-TI-8GB-EPIC-X-RGB-OC-TR,pny,nvidia,"Video Memory: 8GB GDDR7, PCI Express 5.0 x8 • Graphics Clock: 2407 MHz, Boost Clock: 2692 MHz • TDP: 180W, Memory Clock: 28 Gbps • Display Outputs: 3 x DisplayPort 2.1b, 1 x HDMI 2.1b",,88500,,,IN_STOCK,0,5,false,true,/uploads/gpus/pny-geforce-rtx-5060-ti-8gb-epic-x-rgb-oc-triple-fan-gddr7-graphics-card.jpg,PNY GeForce RTX 5060 Ti 8GB EPIC-X RGB OC Triple Fan GDDR7 Graphics Card,Buy PNY GeForce RTX 5060 Ti 8GB EPIC-X RGB OC Triple Fan GDDR7 Graphics Card in Bangladesh | LogicBay BD,PNY GeForce RTX 5060 Ti 8GB EPIC-X RGB OC Triple Fan GDDR7 Graphics Card. Check price and warranty at LogicBay BD.,"graphics card, pny, nvidia geforce, 8gb",https://www.startech.com.bd/pny-geforce-rtx-5060-ti-8gb-epic-x-rgb-oc-graphics-card,8GB,GDDR7,,28 Gbps,,NVIDIA GeForce,RTX 5000,,,3 Years
STOCK,ZOTAC GAMING GeForce RTX 5070 Twin Edge OC 12GB GDDR7 Graphics Card,zotac-gaming-geforce-rtx-5070-twin-edge-oc-12gb-gddr7-graphics-card,GPU-ZOTAC-GAMING-RTX-5070-TWIN-EDGE-OC-1-2,zotac,nvidia,"Video Memory: 12GB GDDR7, PCI Express 5.0 x16 • Engine Clock: 2542 MHz, CUDA Cores: 6144 • Memory Clock: 28 Gbps, Memory Bus: 192-bit • Display Outputs: 3 x DisplayPort 2.1b, 1 x HDMI",,127900,140000,,IN_STOCK,0,5,false,true,/uploads/gpus/zotac-gaming-geforce-rtx-5070-twin-edge-oc-12gb-gddr7-graphics-card.jpg,ZOTAC GAMING GeForce RTX 5070 Twin Edge OC 12GB GDDR7 Graphics Card,Buy ZOTAC GAMING GeForce RTX 5070 Twin Edge OC 12GB GDDR7 Graphics Card in Bangladesh | LogicBay BD,ZOTAC GAMING GeForce RTX 5070 Twin Edge OC 12GB GDDR7 Graphics Card. Check price and warranty at LogicBay BD.,"graphics card, zotac, nvidia geforce, 12gb",https://www.startech.com.bd/zotac-gaming-geforce-rtx-5070-twin-edge-oc-graphics-card,12GB,GDDR7,2542 MHz,"28 Gbps, Memory Bus: 192-bit",,NVIDIA GeForce,RTX 5000,,,3 Years
STOCK,PNY GeForce RTX 5070 Triple Fan 12GB GDDR7 Graphic Card,pny-geforce-rtx-5070-triple-fan-12gb-gddr7-graphic-card,GPU-PNY-RTX-5070-TRIPLE-FAN-12GB-GDDR7,pny,nvidia,"Video Memory: 12GB GDDR7, PCI-Express 5.0 x16 • Core Clock: 2325 MHz, Boost Clock: 2512 MHz • CUDA Cores: 6144, Memory Clock: 28 Gbps • Display Outputs: 3 x DisplayPort 2.1b, 1 x HDMI 2.1b",,145000,,,IN_STOCK,0,5,false,true,/uploads/gpus/pny-geforce-rtx-5070-triple-fan-12gb-gddr7-graphic-card.jpg,PNY GeForce RTX 5070 Triple Fan 12GB GDDR7 Graphic Card,Buy PNY GeForce RTX 5070 Triple Fan 12GB GDDR7 Graphic Card in Bangladesh | LogicBay BD,PNY GeForce RTX 5070 Triple Fan 12GB GDDR7 Graphic Card. Check price and warranty at LogicBay BD.,"graphics card, pny, nvidia geforce, 12gb",https://www.startech.com.bd/pny-geforce-rtx-5070-triple-fan-graphic-card,12GB,GDDR7,,28 Gbps,,NVIDIA GeForce,RTX 5000,,,3 Years
STOCK,PowerColor Red Devil AMD Radeon RX 9070 XT 16GB GDDR6 Graphics Card,powercolor-red-devil-amd-radeon-rx-9070-xt-16gb-gddr6-graphics-card,GPU-POWERCOLOR-RED-DEVIL-RX-9070-XT-16GB,powercolor,amd-gpu,"Engine Clock: Up to 2520MHz(Game)/ 3060MHz(Boost) • Memory Speed: 20.0 Gbps, Memory Interface: 256-bit • Stream Processors: 4096 Units, AMD RDNA 4 Architecture • Output Ports: 1 x HDMI 2.1b, 3 x DisplayPort 2.1b",,137000,,,IN_STOCK,0,5,false,true,/uploads/gpus/powercolor-red-devil-amd-radeon-rx-9070-xt-16gb-gddr6-graphics-card.jpg,PowerColor Red Devil AMD Radeon RX 9070 XT 16GB GDDR6 Graphics Card,Buy PowerColor Red Devil AMD Radeon RX 9070 XT 16GB GDDR6 Graphics Card in Bangladesh | LogicBay BD,PowerColor Red Devil AMD Radeon RX 9070 XT 16GB GDDR6 Graphics Card. Check price and warranty at LogicBay BD.,"graphics card, powercolor, amd radeon, 16gb",https://www.startech.com.bd/powercolor-red-devil-amd-radeon-rx-9070-xt-16gb-gddr6-graphics-card,16GB,GDDR6,Up to 2520MHz(Game)/ 3060MHz(Boost),,,AMD Radeon,RX 9000,,256-bit,3 Years
STOCK,ZOTAC GAMING GeForce RTX 5070 Twin Edge 12GB GDDR7 Graphics Card,zotac-gaming-geforce-rtx-5070-twin-edge-12gb-gddr7-graphics-card,GPU-ZOTAC-GAMING-RTX-5070-TWIN-EDGE-12GB,zotac,nvidia,"Video Memory: 12GB GDDR7, PCI Express 5.0 x16 • Engine Clock: 2512 MHz, CUDA Cores: 6144 • Memory Clock: 28 Gbps, Memory Bus: 192-bit • Display Outputs: 3 x DisplayPort 2.1b, 1 x HDMI",,129900,,,IN_STOCK,0,5,false,true,/uploads/gpus/zotac-gaming-geforce-rtx-5070-twin-edge-12gb-gddr7-graphics-card.jpg,ZOTAC GAMING GeForce RTX 5070 Twin Edge 12GB GDDR7 Graphics Card,Buy ZOTAC GAMING GeForce RTX 5070 Twin Edge 12GB GDDR7 Graphics Card in Bangladesh | LogicBay BD,ZOTAC GAMING GeForce RTX 5070 Twin Edge 12GB GDDR7 Graphics Card. Check price and warranty at LogicBay BD.,"graphics card, zotac, nvidia geforce, 12gb",https://www.startech.com.bd/zotac-gaming-geforce-rtx-5070-twin-edge-graphics-card,12GB,GDDR7,2512 MHz,"28 Gbps, Memory Bus: 192-bit",,NVIDIA GeForce,RTX 5000,,,3 Years
STOCK,PNY GeForce RTX 5070 Ti EPIC-X RGB Overclocked Triple Fan Plus 16GB GDDR7 Graphics Card,pny-geforce-rtx-5070-ti-epic-x-rgb-overclocked-triple-fan-plus-16gb-gddr7-graphics-card,GPU-PNY-RTX-5070-TI-EPIC-X-RGB-OVERCLOCK,pny,nvidia,"Video Memory: 16GB GDDR7, PCI Express 5.0 x8 • Graphics Clock: 2295 MHz, Boost Clock: 2640 MHz • CUDA Cores: 8960, Memory Clock: 28 Gbps • Display Outputs: 3 x DisplayPort 2.1b, 1 x HDMI 2.1b",,196500,,,IN_STOCK,0,5,false,true,/uploads/gpus/pny-geforce-rtx-5070-ti-epic-x-rgb-overclocked-triple-fan-plus-16gb-gddr7-graphics-card.jpg,PNY GeForce RTX 5070 Ti EPIC-X RGB Overclocked Triple Fan Plus 16GB GDDR7 Graphics Card,Buy PNY GeForce RTX 5070 Ti EPIC-X RGB Overclocked Triple Fan Plus 16GB GDDR7 Graphics Card in Bangladesh | LogicBay BD,PNY GeForce RTX 5070 Ti EPIC-X RGB Overclocked Triple Fan Plus 16GB GDDR7 Graphics Card. Check price and warranty at LogicBay BD.,"graphics card, pny, nvidia geforce, 16gb",https://www.startech.com.bd/pny-geforce-rtx-5070-ti-epic-x-rgb-oc-triple-fan-plus-gpu,16GB,GDDR7,,28 Gbps,,NVIDIA GeForce,RTX 5000,,,3 Years
STOCK,PNY GeForce RTX 5080 16GB GDDR7 ARGB EPIC-X RGB Overclocked Triple Fan Graphics Card,pny-geforce-rtx-5080-16gb-gddr7-argb-epic-x-rgb-overclocked-triple-fan-graphics-card,GPU-PNY-RTX-5080-16GB-GDDR7-ARGB-EPIC-X-,pny,nvidia,"Clock Speed: 2.30 GHz, Boost Speed: 2.62 GHz • Memory: 16GB GDDR7 • Memory Interface: 256-bit • Outputs: 3x DisplayPort 1.4a, 1x HDMI 2.1",,250500,,,IN_STOCK,0,5,false,true,/uploads/gpus/pny-geforce-rtx-5080-16gb-gddr7-argb-epic-x-rgb-overclocked-triple-fan-graphics-card.jpg,PNY GeForce RTX 5080 16GB GDDR7 ARGB EPIC-X RGB Overclocked Triple Fan Graphics Card,Buy PNY GeForce RTX 5080 16GB GDDR7 ARGB EPIC-X RGB Overclocked Triple Fan Graphics Card in Bangladesh | LogicBay BD,PNY GeForce RTX 5080 16GB GDDR7 ARGB EPIC-X RGB Overclocked Triple Fan Graphics Card. Check price and warranty at LogicBay BD.,"graphics card, pny, nvidia geforce, 508016gb",https://www.startech.com.bd/pny-geforce-rtx-5080-16gb-gddr7-graphics-card,508016GB,GDDR7,,,,NVIDIA GeForce,RTX 5000,,256-bit,3 Years
STOCK,ZOTAC GAMING GeForce RTX 5080 AMP Extreme INFINITY 16GB GDDR7 Graphics Card,zotac-gaming-geforce-rtx-5080-amp-extreme-infinity-16gb-gddr7-graphics-card,GPU-ZOTAC-GAMING-RTX-5080-AMP-EXTREME-IN,zotac,nvidia,"Video Memory: 16GB GDDR7, PCI Express 5.0 x16 • Engine Clock: 2670 MHz, CUDA Cores: 10752 • Resolution Supports: Up to 4K 480Hz or 8K 165Hz with DSC • Display Outputs: 3 x DisplayPort 2.1b, 1 x HDMI",,253900,,,IN_STOCK,0,5,false,true,/uploads/gpus/zotac-gaming-geforce-rtx-5080-amp-extreme-infinity-16gb-gddr7-graphics-card.jpg,ZOTAC GAMING GeForce RTX 5080 AMP Extreme INFINITY 16GB GDDR7 Graphics Card,Buy ZOTAC GAMING GeForce RTX 5080 AMP Extreme INFINITY 16GB GDDR7 Graphics Card in Bangladesh | LogicBay BD,ZOTAC GAMING GeForce RTX 5080 AMP Extreme INFINITY 16GB GDDR7 Graphics Card. Check price and warranty at LogicBay BD.,"graphics card, zotac, nvidia geforce, 16gb",https://www.startech.com.bd/zotac-gaming-geforce-rtx-5080-amp-extreme-infinity-graphics-card,16GB,GDDR7,2670 MHz,,,NVIDIA GeForce,RTX 5000,,,3 Years