list_order,name,brand_slug,processor_type,suggested_slug,suggested_sku,source_list_url,price,compareAtPrice,stock_decision,notes
1,XENTHRA XN-H81M-VH 4th Gen mATX Motherboard,xenthra,Intel,xenthra-xn-h81m-vh-4th-gen-matx-motherboard,MB-XENTHRA-XENTHRA-XN-H81M-VH-4TH-GEN,https://www.startech.com.bd/xenthra-xn-h81m-vh-motherboard,4200,4500,REVIEW,
2,XENTHRA XN-H311M-VH-PRO Intel 9th Gen mATX Motherboard,xenthra,Intel,xenthra-xn-h311m-vh-pro-intel-9th-gen-matx-motherboard,MB-XENTHRA-XENTHRA-XN-H311M-VH-PRO-9TH-GEN,https://www.startech.com.bd/xenthra-xn-h311m-vh-pro-motherboard,6550,6800,REVIEW,
3,ASRock A520M-HVS AMD AM4 Micro ATX Motherboard,asrock,AMD,asrock-a520m-hvs-amd-am4-micro-atx-motherboard,MB-ASROCK-ASROCK-A520M-HVS-AM4,https://www.startech.com.bd/asrock-a520m-hvs-motherboard,6800,7500,REVIEW,
4,XENTHRA XN-B450M-VH-PRO AMD AM4 mATX Motherboard,xenthra,AMD,xenthra-xn-b450m-vh-pro-amd-am4-matx-motherboard,MB-XENTHRA-XENTHRA-XN-B450M-VH-PRO-AM4,https://www.startech.com.bd/xenthra-xn-b450m-vh-pro-motherboard,7200,7600,REVIEW,
5,MSI A520M-A Pro AM4 AMD Micro-ATX Motherboard,msi,AMD,msi-a520m-a-pro-am4-amd-micro-atx-motherboard,MB-MSI-MSI-A520M-A-PRO-AM4,https://www.startech.com.bd/msi-a520m-a-pro-motherboard,7200,8300,REVIEW,
6,GIGABYTE A520M K V2 AM4 Micro ATX Motherboard,gigabyte,AMD,gigabyte-a520m-k-v2-am4-micro-atx-motherboard,MB-GIGABYTE-GIGABYTE-A520M-K-V2-AM4,https://www.startech.com.bd/gigabyte-a520m-k-v2-motherboard,8500,,REVIEW,
7,Asus PRIME A520M-R AM4 micro ATX Motherboard,asus,AMD,asus-prime-a520m-r-am4-micro-atx-motherboard,MB-ASUS-ASUS-PRIME-A520M-R-AM4,https://www.startech.com.bd/asus-prime-a520m-r-motherboard,8700,,REVIEW,
8,GIGABYTE B450M K AMD AM4 Micro ATX Motherboard,gigabyte,AMD,gigabyte-b450m-k-amd-am4-micro-atx-motherboard,MB-GIGABYTE-GIGABYTE-B450M-K-AM4,https://www.startech.com.bd/gigabyte-b450m-k-motherboard,8800,,REVIEW,
9,GIGABYTE GA-H81M-H 4th Gen Micro ATX Motherboard,gigabyte,Intel,gigabyte-ga-h81m-h-4th-gen-micro-atx-motherboard,MB-GIGABYTE-GIGABYTE-GA-H81M-H-4TH-GEN,https://www.startech.com.bd/gigabyte-ga-h81m-h-motherboard,8800,8900,REVIEW,
10,MSI H310M PRO-VDH Intel 9th Gen Motherboard,msi,Intel,msi-h310m-pro-vdh-intel-9th-gen-motherboard,MB-MSI-MSI-H310M-PRO-VDH-9TH-GEN,https://www.startech.com.bd/msi-h310m-pro-vdh-motherboard,8400,9000,REVIEW,
11,"ASROCK H610M-H2/M.2 14th, 13th and 12th Gen mATX DDR5 Motherboard",asrock,Intel,asrock-h610m-h2-m-2-14th-13th-and-12th-gen-matx-ddr5-motherboard,MB-ASROCK-ASROCK-H610M-H2-M-2-14TH-13TH-AND-12TH-G,https://www.startech.com.bd/asrock-h610m-h2-m2-motherboard,9100,,REVIEW,
12,Gigabyte H410M H 10th Gen Micro ATX Motherboard,gigabyte,Intel,gigabyte-h410m-h-10th-gen-micro-atx-motherboard,MB-GIGABYTE-GIGABYTE-H410M-H-10TH-GEN,https://www.startech.com.bd/gigabyte-h410m-h-motherboard,9200,,REVIEW,
13,Gigabyte GA-H110M-H Micro ATX Motherboard,gigabyte,Intel,gigabyte-ga-h110m-h-micro-atx-motherboard,MB-GIGABYTE-GIGABYTE-GA-H110M-H,https://www.startech.com.bd/gigabyte-ga-h110m-h-motherboard,9300,,REVIEW,
14,Gigabyte H310M M.2 9th Gen Micro ATX Motherboard,gigabyte,Intel,gigabyte-h310m-m-2-9th-gen-micro-atx-motherboard,MB-GIGABYTE-GIGABYTE-H310M-M-2-9TH-GEN,https://www.startech.com.bd/gigabyte-h310m-m2-motherboard,9500,9600,REVIEW,
15,MSI H410M A Pro Intel 10th Gen Micro-ATX Motherboard,msi,Intel,msi-h410m-a-pro-intel-10th-gen-micro-atx-motherboard,MB-MSI-MSI-H410M-A-PRO-10TH-GEN,https://www.startech.com.bd/msi-h410m-a-pro-motherboard,9400,9700,REVIEW,
16,Asus Prime A520M-K AM4 Micro-ATX AMD Motherboard,asus,AMD,asus-prime-a520m-k-am4-micro-atx-amd-motherboard,MB-ASUS-ASUS-PRIME-A520M-K-AM4,https://www.startech.com.bd/asus-prime-a520m-k-amd-motherboard,9000,9900,REVIEW,
17,MSI PRO H610M-E DDR4 mATX Motherboard,msi,Intel,msi-pro-h610m-e-ddr4-matx-motherboard,MB-MSI-MSI-PRO-H610M-E,https://www.startech.com.bd/msi-pro-h610m-e-ddr4-motherboard,9900,10000,REVIEW,
18,Colorful BATTLE-AX H610M-E WIFI V20 mATX Motherboard,colorful,Intel,colorful-battle-ax-h610m-e-wifi-v20-matx-motherboard,MB-COLORFUL-COLORFUL-BATTLE-AX-H610M-E-V20,https://www.startech.com.bd/colorful-battle-ax-h610m-e-wifi-v20-motherboard,10200,,REVIEW,
19,MSI PRO H610M-S DDR4 m-ATX Motherboard,msi,Intel,msi-pro-h610m-s-ddr4-m-atx-motherboard,MB-MSI-MSI-PRO-H610M-S-M,https://www.startech.com.bd/msi-pro-h610m-s-motherboard,9700,10200,REVIEW,
20,MSI PRO H610M-S DDR4 II mATX Motherboard,msi,Intel,msi-pro-h610m-s-ddr4-ii-matx-motherboard,MB-MSI-MSI-PRO-H610M-S-II,https://www.startech.com.bd/msi-pro-h610m-s-ddr4-ii-matx-motherboard,10200,,REVIEW,
21,Gigabyte A520M DS3H V2 Micro-ATX DDR4 AMD AM4 Motherboard,gigabyte,AMD,gigabyte-a520m-ds3h-v2-micro-atx-ddr4-amd-am4-motherboard,MB-GIGABYTE-GIGABYTE-A520M-DS3H-V2-AM4,https://www.startech.com.bd/gigabyte-a520m-ds3h-v2-motherboard,10000,10300,REVIEW,
22,GIGABYTE H610M K DDR4 Micro ATX Motherboard,gigabyte,Intel,gigabyte-h610m-k-ddr4-micro-atx-motherboard,MB-GIGABYTE-GIGABYTE-H610M-K,https://www.startech.com.bd/gigabyte-h610m-k-ddr4-motherboard,10500,,REVIEW,
23,ASUS PRIME H610M-F D4 R2.0 DDR4 LGA1700 mATX Motherboard,asus,Intel,asus-prime-h610m-f-d4-r2-0-ddr4-lga1700-matx-motherboard,MB-ASUS-ASUS-PRIME-H610M-F-D4-R2-0-LGA1700,https://www.startech.com.bd/asus-prime-h610m-f-d4-r2-0-lga1700-motherboard,10300,10500,REVIEW,
24,Gigabyte B450M DS3H V3 AMD AM4 Micro ATX Motherboard,gigabyte,AMD,gigabyte-b450m-ds3h-v3-amd-am4-micro-atx-motherboard,MB-GIGABYTE-GIGABYTE-B450M-DS3H-V3-AM4,https://www.startech.com.bd/gigabyte-b450m-ds3h-v3-motherboard,10000,10500,REVIEW,
25,ASUS PRIME H610M-R D4 DDR4 LGA1700 mATX Motherboard,asus,Intel,asus-prime-h610m-r-d4-ddr4-lga1700-matx-motherboard,MB-ASUS-ASUS-PRIME-H610M-R-D4-LGA1700,https://www.startech.com.bd/asus-prime-h610m-r-d4-motherboard,10400,10500,REVIEW,
26,GIGABYTE H610M H DDR4 Micro ATX Motherboard,gigabyte,Intel,gigabyte-h610m-h-ddr4-micro-atx-motherboard,MB-GIGABYTE-GIGABYTE-H610M-H,https://www.startech.com.bd/gigabyte-h610m-h-ddr4-motherboard,10600,,REVIEW,
27,ASUS PRIME H510M-K R2.0 10th and 11th Gen Micro-ATX Motherboard,asus,Intel,asus-prime-h510m-k-r2-0-10th-and-11th-gen-micro-atx-motherboard,MB-ASUS-ASUS-PRIME-H510M-K-R2-0-10TH-AND-11TH-GE,https://www.startech.com.bd/asus-prime-h510m-k-r2-0-motherboard,10700,,REVIEW,
28,Gigabyte B450M DS3H AM4 AMD Micro ATX Motherboard,gigabyte,AMD,gigabyte-b450m-ds3h-am4-amd-micro-atx-motherboard,MB-GIGABYTE-GIGABYTE-B450M-DS3H-AM4,https://www.startech.com.bd/gigabyte-b450m-ds3h-amd-motherboard,10700,10800,REVIEW,
29,MSI B550M-A PRO DDR4 AMD AM4 Micro ATX Motherboard,msi,AMD,msi-b550m-a-pro-ddr4-amd-am4-micro-atx-motherboard,MB-MSI-MSI-B550M-A-PRO-AM4,https://www.startech.com.bd/msi-b550m-a-pro-micro-atx-amd-motherboard,10500,10800,REVIEW,
30,MSI PRO H610M-E mATX Motherboard,msi,Intel,msi-pro-h610m-e-matx-motherboard,MB-MSI-MSI-PRO-H610M-E,https://www.startech.com.bd/msi-pro-h610m-e-motherboard,10500,10800,REVIEW,
31,MSI PRO H610M-G DDR4 Micro-ATX Motherboard,msi,Intel,msi-pro-h610m-g-ddr4-micro-atx-motherboard,MB-MSI-MSI-PRO-H610M-G,https://www.startech.com.bd/msi-pro-h610m-g-ddr4-motherboard,10600,10900,REVIEW,
32,GIGABYTE H610M K DDR5 Micro ATX Motherboard,gigabyte,Intel,gigabyte-h610m-k-ddr5-micro-atx-motherboard,MB-GIGABYTE-GIGABYTE-H610M-K,https://www.startech.com.bd/gigabyte-h610m-k-ddr5-motherboard,10700,10900,REVIEW,
33,ASUS H110M-K Motherboard,asus,Intel,asus-h110m-k-motherboard,MB-ASUS-ASUS-H110M-K,https://www.startech.com.bd/ASUS-H110M-K-Motherboard,11000,,REVIEW,
34,MSI PRO H610M-G DDR5 mATX Motherboard,msi,Intel,msi-pro-h610m-g-ddr5-matx-motherboard,MB-MSI-MSI-PRO-H610M-G,https://www.startech.com.bd/msi-pro-h610m-g-ddr5-motherboard,10800,11000,REVIEW,
35,GIGABYTE H610M H DDR5 mATX Motherboard,gigabyte,Intel,gigabyte-h610m-h-ddr5-matx-motherboard,MB-GIGABYTE-GIGABYTE-H610M-H,https://www.startech.com.bd/gigabyte-h610m-h-motherboard,10900,11000,REVIEW,
36,GIGABYTE H610M H V3 DDR4 Micro ATX Motherboard,gigabyte,Intel,gigabyte-h610m-h-v3-ddr4-micro-atx-motherboard,MB-GIGABYTE-GIGABYTE-H610M-H-V3,https://www.startech.com.bd/gigabyte-h610m-h-v3-ddr4-motherboard,10200,11000,REVIEW,
37,Asus PRIME A520M-A II AM4 micro ATX Motherboard,asus,AMD,asus-prime-a520m-a-ii-am4-micro-atx-motherboard,MB-ASUS-ASUS-PRIME-A520M-A-II-AM4,https://www.startech.com.bd/asus-prime-a520m-a-ii-am4-motherboard,11100,11300,REVIEW,
38,ASUS PRIME H610M-R DDR5 LGA1700 mATX Motherboard,asus,Intel,asus-prime-h610m-r-ddr5-lga1700-matx-motherboard,MB-ASUS-ASUS-PRIME-H610M-R-LGA1700,https://www.startech.com.bd/asus-prime-h610m-r-ddr5-motherboard,11450,,REVIEW,
39,MSI PRO A620M-E AMD AM5 mATX Motherboard,msi,AMD,msi-pro-a620m-e-amd-am5-matx-motherboard,MB-MSI-MSI-PRO-A620M-E-AM5,https://www.startech.com.bd/msi-pro-a620m-e-motherboard,10000,11500,REVIEW,
40,GIGABYTE A620M H AM5 Micro-ATX Motherboard,gigabyte,AMD,gigabyte-a620m-h-am5-micro-atx-motherboard,MB-GIGABYTE-GIGABYTE-A620M-H-AM5,https://www.startech.com.bd/gigabyte-a620m-h-motherboard,11400,11500,REVIEW,
41,Colorful BATTLE-AX B550M-D PRO V14 DDR4 AM4 mATX Motherboard,colorful,AMD,colorful-battle-ax-b550m-d-pro-v14-ddr4-am4-matx-motherboard,MB-COLORFUL-COLORFUL-BATTLE-AX-B550M-D-PRO-V14-AM4,https://www.startech.com.bd/colorful-battle-ax-b550m-d-pro-v14-motherboard,9999,11500,REVIEW,
42,Asus PRIME H610M-CS DDR5 mATX Motherboard,asus,Intel,asus-prime-h610m-cs-ddr5-matx-motherboard,MB-ASUS-ASUS-PRIME-H610M-CS,https://www.startech.com.bd/asus-prime-h610m-cs-ddr5-motherboard,11200,11700,REVIEW,
43,MSI PRO A620M-B AM5 mATX Motherboard,msi,AMD,msi-pro-a620m-b-am5-matx-motherboard,MB-MSI-MSI-PRO-A620M-B-AM5,https://www.startech.com.bd/msi-pro-a620m-b-motherboard,11800,,REVIEW,
44,ASUS Pro Q570M-C/CSM LGA1200 mATX Motherboard,asus,,asus-pro-q570m-c-csm-lga1200-matx-motherboard,MB-ASUS-ASUS-PRO-Q570M-C-CSM-LGA1200,https://www.startech.com.bd/asus-pro-q570m-c-csm-motherboard,11800,,REVIEW,
45,Asus PRIME A620M-K AM5 mATX Motherboard,asus,AMD,asus-prime-a620m-k-am5-matx-motherboard,MB-ASUS-ASUS-PRIME-A620M-K-AM5,https://www.startech.com.bd/asus-prime-a620m-k-am5-motherboard,11850,,REVIEW,
46,Gigabyte B550M K AMD AM4 Micro ATX Motherboard,gigabyte,AMD,gigabyte-b550m-k-amd-am4-micro-atx-motherboard,MB-GIGABYTE-GIGABYTE-B550M-K-AM4,https://www.startech.com.bd/gigabyte-b550m-k-motherboard,12000,,REVIEW,
47,Asus PRIME B550M-K ARGB AMD AM4 mATX Motherboard,asus,AMD,asus-prime-b550m-k-argb-amd-am4-matx-motherboard,MB-ASUS-ASUS-PRIME-B550M-K-ARGB-AM4,https://www.startech.com.bd/asus-prime-b550m-k-argb-motherboard,12199,12500,REVIEW,
48,Gigabyte H810M H LGA1851 mATX Motherboard,gigabyte,Intel,gigabyte-h810m-h-lga1851-matx-motherboard,MB-GIGABYTE-GIGABYTE-H810M-H-LGA1851,https://www.startech.com.bd/gigabyte-h810m-h-motherboard,12500,,REVIEW,
49,Asus TUF GAMING A520M-PLUS II AMD AM4 microATX Motherboard,asus,AMD,asus-tuf-gaming-a520m-plus-ii-amd-am4-microatx-motherboard,MB-ASUS-ASUS-TUF-GAMING-A520M-PLUS-II-AM4,https://www.startech.com.bd/asus-tuf-gaming-a520m-plus-ii-motherboard,12900,,REVIEW,
50,Asus PRIME N100I-D D4 Mini-ITX Motherboard,asus,,asus-prime-n100i-d-d4-mini-itx-motherboard,MB-ASUS-ASUS-PRIME-N100I-D-D4,https://www.startech.com.bd/asus-prime-n100i-d-d4-motherboard,12800,12900,REVIEW,
51,Asus PRIME A620M-K-CSM AM5 mATX Motherboard,asus,AMD,asus-prime-a620m-k-csm-am5-matx-motherboard,MB-ASUS-ASUS-PRIME-A620M-K-CSM-AM5,https://www.startech.com.bd/asus-prime-a620m-k-csm-matx-motherboard,12900,13000,REVIEW,
52,MSI PRO B650M-B DDR5 AMD AM5 m-ATX Motherboard,msi,AMD,msi-pro-b650m-b-ddr5-amd-am5-m-atx-motherboard,MB-MSI-MSI-PRO-B650M-B-AM5-M,https://www.startech.com.bd/msi-pro-b650m-b-am5-m-atx-motherboard,13500,,REVIEW,
53,MSI PRO B760M-E DDR5 m-ATX Motherboard,msi,Intel,msi-pro-b760m-e-ddr5-m-atx-motherboard,MB-MSI-MSI-PRO-B760M-E-M,https://www.startech.com.bd/msi-pro-b760m-e-ddr5-matx-motherboard,13200,13500,REVIEW,
54,ASRock B840M-HVS AMD AM5 mATX Motherboard,asrock,AMD,asrock-b840m-hvs-amd-am5-matx-motherboard,MB-ASROCK-ASROCK-B840M-HVS-AM5,https://www.startech.com.bd/asrock-b840m-hvs-motherboard,13500,,REVIEW,
55,Gigabyte B550M K WIFI6E AMD AM4 mATX Motherboard,gigabyte,AMD,gigabyte-b550m-k-wifi6e-amd-am4-matx-motherboard,MB-GIGABYTE-GIGABYTE-B550M-K-E-AM4,https://www.startech.com.bd/gigabyte-b550m-k-wifi6e-motherboard,13500,,REVIEW,
56,GIGABYTE B550M DS3H R2 mATX AMD Motherboard,gigabyte,AMD,gigabyte-b550m-ds3h-r2-matx-amd-motherboard,MB-GIGABYTE-GIGABYTE-B550M-DS3H-R2,https://www.startech.com.bd/gigabyte-b550m-ds3h-r2-motherboard,13600,13900,REVIEW,
57,MSI PRO H810M-E DDR5 LGA1851 mATX Motherboard,msi,Intel,msi-pro-h810m-e-ddr5-lga1851-matx-motherboard,MB-MSI-MSI-PRO-H810M-E-LGA1851,https://www.startech.com.bd/msi-pro-h810m-e-motherboard,14000,,REVIEW,
58,GIGABYTE B650M H AM5 Micro-ATX Motherboard,gigabyte,AMD,gigabyte-b650m-h-am5-micro-atx-motherboard,MB-GIGABYTE-GIGABYTE-B650M-H-AM5,https://www.startech.com.bd/gigabyte-b650m-h-motherboard,14200,14300,REVIEW,
59,Asus PRIME B650M-F AM5 mATX Motherboard,asus,AMD,asus-prime-b650m-f-am5-matx-motherboard,MB-ASUS-ASUS-PRIME-B650M-F-AM5,https://www.startech.com.bd/asus-prime-b650m-f-am5-motherboard,13799,14300,REVIEW,
60,MSI PRO B550M-P AMD AM4 mATX Motherboard,msi,AMD,msi-pro-b550m-p-amd-am4-matx-motherboard,MB-MSI-MSI-PRO-B550M-P-AM4,https://www.startech.com.bd/msi-pro-b550m-p-am4-matx-motherboard,13900,14400,REVIEW,
61,GIGABYTE B650M S2H AM5 Micro-ATX Motherboard,gigabyte,AMD,gigabyte-b650m-s2h-am5-micro-atx-motherboard,MB-GIGABYTE-GIGABYTE-B650M-S2H-AM5,https://www.startech.com.bd/gigabyte-b650m-s2h-motherboard,14300,14500,REVIEW,
62,Asus PRIME B760M-F mATX Motherboard,asus,Intel,asus-prime-b760m-f-matx-motherboard,MB-ASUS-ASUS-PRIME-B760M-F,https://www.startech.com.bd/asus-prime-b760m-f-motherboard,14500,15000,REVIEW,
63,GIGABYTE B650M K AMD AM5 Micro-ATX Motherboard,gigabyte,AMD,gigabyte-b650m-k-amd-am5-micro-atx-motherboard,MB-GIGABYTE-GIGABYTE-B650M-K-AM5,https://www.startech.com.bd/gigabyte-b650m-k-motherboard,15200,,REVIEW,
64,Asus PRIME B760M-K D4 mATX Motherboard,asus,Intel,asus-prime-b760m-k-d4-matx-motherboard,MB-ASUS-ASUS-PRIME-B760M-K-D4,https://www.startech.com.bd/asus-prime-b760m-k-d4-motherboard,14800,15200,REVIEW,
65,MSI PRO B840M-B AMD AM5 mATX Motherboard,msi,AMD,msi-pro-b840m-b-amd-am5-matx-motherboard,MB-MSI-MSI-PRO-B840M-B-AM5,https://www.startech.com.bd/msi-pro-b840m-b-motherboard,15500,,REVIEW,
66,MSI PRO B550M-P WIFI6E AMD AM4 mATX Motherboard,msi,AMD,msi-pro-b550m-p-wifi6e-amd-am4-matx-motherboard,MB-MSI-MSI-PRO-B550M-P-E-AM4,https://www.startech.com.bd/msi-pro-b550m-p-wifi6e-am4-matx-motherboard,14900,15600,REVIEW,
67,MSI PRO B760M-P DDR5 mATX Motherboard,msi,Intel,msi-pro-b760m-p-ddr5-matx-motherboard,MB-MSI-MSI-PRO-B760M-P,https://www.startech.com.bd/msi-pro-b760m-p-13th-gen-motherboard,15000,15700,REVIEW,
68,MSI PRO B650M-P DDR5 AMD AM5 mATX Motherboard,msi,AMD,msi-pro-b650m-p-ddr5-amd-am5-matx-motherboard,MB-MSI-MSI-PRO-B650M-P-AM5,https://www.startech.com.bd/msi-pro-b650m-p-motherboard,15400,15900,REVIEW,
69,"ASRock B760M PG Lightning DDR5 14th, 13th and 12th Gen Micro ATX Motherboard",asrock,Intel,asrock-b760m-pg-lightning-ddr5-14th-13th-and-12th-gen-micro-atx-motherboard,MB-ASROCK-ASROCK-B760M-PG-LIGHTNING-14TH-13TH-AND-,https://www.startech.com.bd/asrock-b760m-pg-lightning-ddr5-micro-atx-motherboard,15900,16300,REVIEW,
70,Asus EX-B650M-V7 AM5 micro-ATX Motherboard,asus,AMD,asus-ex-b650m-v7-am5-micro-atx-motherboard,MB-ASUS-ASUS-EX-B650M-V7-AM5,https://www.startech.com.bd/asus-ex-b650m-v7-motherboard,16500,,REVIEW,
71,GIGABYTE B760M D3HP DDR4 Micro ATX Motherboard,gigabyte,Intel,gigabyte-b760m-d3hp-ddr4-micro-atx-motherboard,MB-GIGABYTE-GIGABYTE-B760M-D3HP,https://www.startech.com.bd/gigabyte-b760m-d3hp-ddr4-motherboard,16500,16800,REVIEW,
72,ASUS Pro B660M-C D4-CSM mATX Motherboard,asus,Intel,asus-pro-b660m-c-d4-csm-matx-motherboard,MB-ASUS-ASUS-PRO-B660M-C-D4-CSM,https://www.startech.com.bd/asus-pro-b660m-c-d4-csm-motherboard,16200,16900,REVIEW,
73,ASUS PRO B760M-C-CSM Micro-ATX Motherboard,asus,Intel,asus-pro-b760m-c-csm-micro-atx-motherboard,MB-ASUS-ASUS-PRO-B760M-C-CSM,https://www.startech.com.bd/asus-pro-b760m-c-csm-motherboard,16900,17000,REVIEW,
74,ASUS PRIME H610I-PLUS D4 Mini ITX Motherboard,asus,Intel,asus-prime-h610i-plus-d4-mini-itx-motherboard,MB-ASUS-ASUS-PRIME-H610I-PLUS-D4,https://www.startech.com.bd/asus-prime-h610i-plus-d4-motherboard,16800,17000,REVIEW,
75,MSI PRO H810M-B DDR5 LGA1851 mATX Motherboard,msi,Intel,msi-pro-h810m-b-ddr5-lga1851-matx-motherboard,MB-MSI-MSI-PRO-H810M-B-LGA1851,https://www.startech.com.bd/msi-pro-h810m-b-motherboard,16700,17000,REVIEW,
76,Asus H810M AYW GAMING WIFI LGA 1851 mATX Motherboard,asus,Intel,asus-h810m-ayw-gaming-wifi-lga-1851-matx-motherboard,MB-ASUS-ASUS-H810M-AYW-GAMING-LGA-1851,https://www.startech.com.bd/asus-h810m-ayw-gaming-wifi-motherboard,16700,17000,REVIEW,
77,Asus PRIME B650M-A II AM5 mATX Motherboard,asus,AMD,asus-prime-b650m-a-ii-am5-matx-motherboard,MB-ASUS-ASUS-PRIME-B650M-A-II-AM5,https://www.startech.com.bd/asus-prime-b650m-a-ii-am5-motherboard,17100,,REVIEW,
78,ASUS PRIME H610I-PLUS DDR5 Mini ITX Motherboard,asus,Intel,asus-prime-h610i-plus-ddr5-mini-itx-motherboard,MB-ASUS-ASUS-PRIME-H610I-PLUS,https://www.startech.com.bd/asus-prime-h610i-plus-motherboard,16900,17500,REVIEW,
79,GIGABYTE B650M GAMING WIFI mATX AM5 Motherboard,gigabyte,AMD,gigabyte-b650m-gaming-wifi-matx-am5-motherboard,MB-GIGABYTE-GIGABYTE-B650M-GAMING-AM5,https://www.startech.com.bd/gigabyte-b650m-gaming-wifi-motherboard,17300,17500,REVIEW,
80,GIGABYTE B760M D3HP DDR5 Micro ATX Motherboard,gigabyte,Intel,gigabyte-b760m-d3hp-ddr5-micro-atx-motherboard,MB-GIGABYTE-GIGABYTE-B760M-D3HP,https://www.startech.com.bd/gigabyte-b760m-d3hp-ddr5-motherboard,17500,,REVIEW,
81,Asus PRIME B760M-F WIFI mATX Motherboard,asus,Intel,asus-prime-b760m-f-wifi-matx-motherboard,MB-ASUS-ASUS-PRIME-B760M-F,https://www.startech.com.bd/asus-prime-b760m-f-wifi-motherboard,17600,17700,REVIEW,
82,GIGABYTE B650M D3HP DDR5 AM5 Motherboard,gigabyte,AMD,gigabyte-b650m-d3hp-ddr5-am5-motherboard,MB-GIGABYTE-GIGABYTE-B650M-D3HP-AM5,https://www.startech.com.bd/gigabyte-b650m-d3hp-motherboard,17800,,REVIEW,
83,GIGABYTE B840M EAGLE WIFI6 AMD AM5 Motherboard,gigabyte,AMD,gigabyte-b840m-eagle-wifi6-amd-am5-motherboard,MB-GIGABYTE-GIGABYTE-B840M-EAGLE-AM5,https://www.startech.com.bd/gigabyte-b840m-eagle-wifi6-motherboard,17800,,REVIEW,
84,Colorful BATTLE-AX B760M-PLUS D5 V20 mATX Motherboard,colorful,Intel,colorful-battle-ax-b760m-plus-d5-v20-matx-motherboard,MB-COLORFUL-COLORFUL-BATTLE-AX-B760M-PLUS-D5-V20,https://www.startech.com.bd/colorful-battle-ax-b760m-plus-d5-v20-motherboard,17500,18000,REVIEW,
85,MSI PRO B850M-B GEN4 AM5 mATX Motherboard,msi,AMD,msi-pro-b850m-b-gen4-am5-matx-motherboard,MB-MSI-MSI-PRO-B850M-B-GEN4-AM5,https://www.startech.com.bd/msi-pro-b850m-b-gen4-motherboard,18500,,REVIEW,
86,MSI PRO B860M-E LGA 1851 mATX Motherboard,msi,Intel,msi-pro-b860m-e-lga-1851-matx-motherboard,MB-MSI-MSI-PRO-B860M-E-LGA-1851,https://www.startech.com.bd/msi-pro-b860m-e-motherboard,18900,,REVIEW,
87,Gigabyte B840M DS3H AMD AM5 mATX Motherboard,gigabyte,AMD,gigabyte-b840m-ds3h-amd-am5-matx-motherboard,MB-GIGABYTE-GIGABYTE-B840M-DS3H-AM5,https://www.startech.com.bd/gigabyte-b840m-ds3h-motherboard,18800,19000,REVIEW,
88,Asus PRIME B850M-F-CSM AMD AM5 mATX Motherboard,asus,AMD,asus-prime-b850m-f-csm-amd-am5-matx-motherboard,MB-ASUS-ASUS-PRIME-B850M-F-CSM-AM5,https://www.startech.com.bd/asus-prime-b850m-f-csm-motherboard,19000,,REVIEW,
89,GIGABYTE B650M D3HP AX DDR5 AM5 Motherboard,gigabyte,AMD,gigabyte-b650m-d3hp-ax-ddr5-am5-motherboard,MB-GIGABYTE-GIGABYTE-B650M-D3HP-AX-AM5,https://www.startech.com.bd/gigabyte-b650m-d3hp-ax-motherboard,19300,,REVIEW,
90,MSI B650M GAMING WIFI AM5 mATX Motherboard,msi,AMD,msi-b650m-gaming-wifi-am5-matx-motherboard,MB-MSI-MSI-B650M-GAMING-AM5,https://www.startech.com.bd/msi-b650m-gaming-wifi-am5-motherboard,18600,19300,REVIEW,
91,GIGABYTE B760M D3HP WIFI6 DDR5 mATX Motherboard,gigabyte,Intel,gigabyte-b760m-d3hp-wifi6-ddr5-matx-motherboard,MB-GIGABYTE-GIGABYTE-B760M-D3HP,https://www.startech.com.bd/gigabyte-b760m-d3hp-wifi6-motherboard,19300,,REVIEW,
92,MSI B840M GAMING WIFI6E AM5 mATX Motherboard,msi,AMD,msi-b840m-gaming-wifi6e-am5-matx-motherboard,MB-MSI-MSI-B840M-GAMING-E-AM5,https://www.startech.com.bd/msi-b840m-gaming-wifi6e-motherboard,19400,,REVIEW,
93,ASUS B760M-AYW WIFI mATX Motherboard,asus,Intel,asus-b760m-ayw-wifi-matx-motherboard,MB-ASUS-ASUS-B760M-AYW,https://www.startech.com.bd/asus-b760m-ayw-wifi-motherboard,19200,19500,REVIEW,
94,Asus PRIME B860M-K-CSM LGA 1851 micro-ATX Motherboard,asus,Intel,asus-prime-b860m-k-csm-lga-1851-micro-atx-motherboard,MB-ASUS-ASUS-PRIME-B860M-K-CSM-LGA-1851,https://www.startech.com.bd/asus-prime-b860m-k-csm-motherboard,18999,19500,REVIEW,
95,ASUS TUF GAMING A620M-PLUS AMD AM5 Micro-ATX Motherboard,asus,AMD,asus-tuf-gaming-a620m-plus-amd-am5-micro-atx-motherboard,MB-ASUS-ASUS-TUF-GAMING-A620M-PLUS-AM5,https://www.startech.com.bd/asus-tuf-gaming-a620m-plus-motherboard,19700,19800,REVIEW,
96,ASUS TUF GAMING A620M-PLUS WIFI AMD AM5 Micro-ATX Motherboard,asus,AMD,asus-tuf-gaming-a620m-plus-wifi-amd-am5-micro-atx-motherboard,MB-ASUS-ASUS-TUF-GAMING-A620M-PLUS-AM5,https://www.startech.com.bd/asus-tuf-gaming-a620m-plus-wifi-motherboard,19500,19800,REVIEW,
97,ASUS B650M-AYW WIFI AMD AM5 DDR5 Micro-ATX Motherboard,asus,AMD,asus-b650m-ayw-wifi-amd-am5-ddr5-micro-atx-motherboard,MB-ASUS-ASUS-B650M-AYW-AM5,https://www.startech.com.bd/asus-b650m-ayw-wifi-motherboard,19900,,REVIEW,
98,MSI H810M GAMING WIFI6E LGA 1851 mATX Motherboard,msi,Intel,msi-h810m-gaming-wifi6e-lga-1851-matx-motherboard,MB-MSI-MSI-H810M-GAMING-E-LGA-1851,https://www.startech.com.bd/msi-h810m-gaming-wifi6e-motherboard,19900,20500,REVIEW,
99,Colorful BATTLE-AX B850M-E WIFI V14 AM5 mATX Motherboard,colorful,AMD,colorful-battle-ax-b850m-e-wifi-v14-am5-matx-motherboard,MB-COLORFUL-COLORFUL-BATTLE-AX-B850M-E-V14-AM5,https://www.startech.com.bd/colorful-battle-ax-b850m-e-wifi-v14-motherboard,17000,20500,REVIEW,
100,Asus EX-B860M-V5 LGA 1851 Micro-ATX Motherboard,asus,Intel,asus-ex-b860m-v5-lga-1851-micro-atx-motherboard,MB-ASUS-ASUS-EX-B860M-V5-LGA-1851,https://www.startech.com.bd/asus-ex-b860m-v5-motherboard,21200,,REVIEW,
101,ASUS B760M MAX GAMING WIFI mATX Motherboard,asus,Intel,asus-b760m-max-gaming-wifi-matx-motherboard,MB-ASUS-ASUS-B760M-MAX-GAMING,https://www.startech.com.bd/asus-b760m-max-gaming-wifi-motherboard,21200,,REVIEW,
102,GIGABYTE B650M GAMING PLUS WIFI DDR5 AM5 Motherboard,gigabyte,AMD,gigabyte-b650m-gaming-plus-wifi-ddr5-am5-motherboard,MB-GIGABYTE-GIGABYTE-B650M-GAMING-PLUS-AM5,https://www.startech.com.bd/gigabyte-b650m-gaming-plus-wifi-motherboard,20900,21500,REVIEW,
103,GIGABYTE B850M D3HP AMD AM5 DDR5 Micro ATX Motherboard,gigabyte,AMD,gigabyte-b850m-d3hp-amd-am5-ddr5-micro-atx-motherboard,MB-GIGABYTE-GIGABYTE-B850M-D3HP-AM5,https://www.startech.com.bd/gigabyte-b850m-d3hp-motherboard,21300,21500,REVIEW,
104,Gigabyte B860M D3HP LGA1851 Micro ATX Motherboard,gigabyte,Intel,gigabyte-b860m-d3hp-lga1851-micro-atx-motherboard,MB-GIGABYTE-GIGABYTE-B860M-D3HP-LGA1851,https://www.startech.com.bd/gigabyte-b860m-d3hp-motherboard,21300,21500,REVIEW,
105,GIGABYTE B650 UD AX AMD AM5 DDR5 ATX Motherboard,gigabyte,AMD,gigabyte-b650-ud-ax-amd-am5-ddr5-atx-motherboard,MB-GIGABYTE-GIGABYTE-B650-UD-AX-AM5,https://www.startech.com.bd/gigabyte-b650-ud-ax-motherboard,21800,22000,REVIEW,
106,GIGABYTE B850M FORCE WIFI6E AMD AM5 DDR5 mATX Motherboard,gigabyte,AMD,gigabyte-b850m-force-wifi6e-amd-am5-ddr5-matx-motherboard,MB-GIGABYTE-GIGABYTE-B850M-FORCE-E-AM5,https://www.startech.com.bd/gigabyte-b850m-force-wifi6e-motherboard,22300,22700,REVIEW,
107,MSI B760 GAMING PLUS WIFI ATX Motherboard,msi,Intel,msi-b760-gaming-plus-wifi-atx-motherboard,MB-MSI-MSI-B760-GAMING-PLUS,https://www.startech.com.bd/msi-b760-gaming-plus-wifi-motherboard,22500,23000,REVIEW,
108,ASUS PRIME B760-PLUS ATX Motherboard,asus,Intel,asus-prime-b760-plus-atx-motherboard,MB-ASUS-ASUS-PRIME-B760-PLUS,https://www.startech.com.bd/asus-prime-b760-plus-motherboard,22300,23000,REVIEW,
109,ASUS B860M AYW GAMING WIFI LGA 1851 Micro-ATX Motherboard,asus,Intel,asus-b860m-ayw-gaming-wifi-lga-1851-micro-atx-motherboard,MB-ASUS-ASUS-B860M-AYW-GAMING-LGA-1851,https://www.startech.com.bd/asus-b860m-ayw-gaming-wifi-motherboard,23500,,REVIEW,
110,MSI B760M PROJECT ZERO m-ATX Motherboard,msi,Intel,msi-b760m-project-zero-m-atx-motherboard,MB-MSI-MSI-B760M-PROJECT-ZERO-M,https://www.startech.com.bd/msi-b760m-project-zero-motherboard,23999,24990,REVIEW,
111,MSI B650M PROJECT ZERO AM5 m-ATX Motherboard,msi,AMD,msi-b650m-project-zero-am5-m-atx-motherboard,MB-MSI-MSI-B650M-PROJECT-ZERO-AM5-M,https://www.startech.com.bd/msi-b650m-project-zero-am5-motherboard,24600,25500,REVIEW,
112,Gigabyte B860M GAMING WIFI6 LGA 1851 MATX Motherboard,gigabyte,Intel,gigabyte-b860m-gaming-wifi6-lga-1851-matx-motherboard,MB-GIGABYTE-GIGABYTE-B860M-GAMING-LGA-1851,https://www.startech.com.bd/gigabyte-b860m-gaming-wifi6-motherboard,25300,25500,REVIEW,
113,ASRock B850M Pro RS WiFi AM5 mATX Motherboard,asrock,AMD,asrock-b850m-pro-rs-wifi-am5-matx-motherboard,MB-ASROCK-ASROCK-B850M-PRO-RS-AM5,https://www.startech.com.bd/asrock-b850m-pro-rs-wifi-am5-motherboard,25500,26000,REVIEW,
114,MSI MAG B760M MORTAR WIFI II DDR5 mATX Motherboard,msi,Intel,msi-mag-b760m-mortar-wifi-ii-ddr5-matx-motherboard,MB-MSI-MSI-MAG-B760M-MORTAR-II,https://www.startech.com.bd/msi-mag-b760m-mortar-wifi-ii-motherboard,25500,26200,REVIEW,
115,Asus TUF X299 MARK 2 Motherboard,asus,,asus-tuf-x299-mark-2-motherboard,MB-ASUS-ASUS-TUF-X299-MARK-2,https://www.startech.com.bd/asus-tuf-x299-mark-2,26500,,REVIEW,
116,GIGABYTE B650 EAGLE AX DDR5 AM5 Motherboard,gigabyte,AMD,gigabyte-b650-eagle-ax-ddr5-am5-motherboard,MB-GIGABYTE-GIGABYTE-B650-EAGLE-AX-AM5,https://www.startech.com.bd/gigabyte-b650-eagle-ax-motherboard,26300,26500,REVIEW,
117,Asus PRIME B860-PLUS-CSM LGA 1851 ATX Motherboard,asus,Intel,asus-prime-b860-plus-csm-lga-1851-atx-motherboard,MB-ASUS-ASUS-PRIME-B860-PLUS-CSM-LGA-1851,https://www.startech.com.bd/asus-prime-b860-plus-csm-motherboard,26300,26600,REVIEW,
118,GIGABYTE B850M EAGLE WIFI6E AMD AM5 DDR5 Micro ATX Motherboard,gigabyte,AMD,gigabyte-b850m-eagle-wifi6e-amd-am5-ddr5-micro-atx-motherboard,MB-GIGABYTE-GIGABYTE-B850M-EAGLE-E-AM5,https://www.startech.com.bd/gigabyte-b850m-eagle-wifi6e-am5-motherboard,26800,,REVIEW,
119,MSI PRO B850-S WIFI6E AM5 ATX Motherboard,msi,AMD,msi-pro-b850-s-wifi6e-am5-atx-motherboard,MB-MSI-MSI-PRO-B850-S-E-AM5,https://www.startech.com.bd/msi-pro-b850-s-wifi6e-motherboard,26800,,REVIEW,
120,Asus PRIME B860M-A WIFI-CSM LGA 1851 micro-ATX Motherboard,asus,Intel,asus-prime-b860m-a-wifi-csm-lga-1851-micro-atx-motherboard,MB-ASUS-ASUS-PRIME-B860M-A-CSM-LGA-1851,https://www.startech.com.bd/asus-prime-b860m-a-wifi-csm-motherboard,26900,,REVIEW,
121,MSI PRO B860-P LGA 1851 ATX Motherboard,msi,Intel,msi-pro-b860-p-lga-1851-atx-motherboard,MB-MSI-MSI-PRO-B860-P-LGA-1851,https://www.startech.com.bd/msi-pro-b860-p-atx-motherboard,26500,27000,REVIEW,
122,Asus B850M AYW GAMING WIFI AM5 m-ATX Motherboard,asus,AMD,asus-b850m-ayw-gaming-wifi-am5-m-atx-motherboard,MB-ASUS-ASUS-B850M-AYW-GAMING-AM5-M,https://www.startech.com.bd/asus-b850m-ayw-gaming-wifi-motherboard,27200,,REVIEW,
123,Asus TUF GAMING B650M-E AMD AM5 micro-ATX Motherboard,asus,AMD,asus-tuf-gaming-b650m-e-amd-am5-micro-atx-motherboard,MB-ASUS-ASUS-TUF-GAMING-B650M-E-AM5,https://www.startech.com.bd/asus-tuf-gaming-b650m-e-motherboard,27500,,REVIEW,
124,Asus TUF GAMING B650-E WIFI DDR5 AM5 ATX Motherboard,asus,AMD,asus-tuf-gaming-b650-e-wifi-ddr5-am5-atx-motherboard,MB-ASUS-ASUS-TUF-GAMING-B650-E-AM5,https://www.startech.com.bd/asus-tuf-gaming-b650-e-wifi-motherboard,26900,27500,REVIEW,
125,ASRock B850 Pro-A WiFi AM5 DDR5 ATX Motherboard,asrock,AMD,asrock-b850-pro-a-wifi-am5-ddr5-atx-motherboard,MB-ASROCK-ASROCK-B850-PRO-A-AM5,https://www.startech.com.bd/asrock-b850-pro-a-wifi-am5-ddr5-motherboard,27500,,REVIEW,
126,ASRock B850M STEEL LEGEND WIFI AM5 DDR5 mATX Motherboard,asrock,AMD,asrock-b850m-steel-legend-wifi-am5-ddr5-matx-motherboard,MB-ASROCK-ASROCK-B850M-STEEL-LEGEND-AM5,https://www.startech.com.bd/asrock-b850m-steel-legend-wifi-motherboard,26000,27500,REVIEW,
127,GIGABYTE Z790 D DDR4 ATX Motherboard,gigabyte,Intel,gigabyte-z790-d-ddr4-atx-motherboard,MB-GIGABYTE-GIGABYTE-Z790-D,https://www.startech.com.bd/gigabyte-z790-d-ddr4-motherboard,28000,,REVIEW,
128,MSI B850 GAMING PLUS WIFI6E AM5 ATX Motherboard,msi,AMD,msi-b850-gaming-plus-wifi6e-am5-atx-motherboard,MB-MSI-MSI-B850-GAMING-PLUS-E-AM5,https://www.startech.com.bd/msi-b850-gaming-plus-wifi6e-motherboard,28500,,REVIEW,
129,GIGABYTE B650M AORUS ELITE AX ICE DDR5 AMD AM5 mATX Motherboard,gigabyte,AMD,gigabyte-b650m-aorus-elite-ax-ice-ddr5-amd-am5-matx-motherboard,MB-GIGABYTE-GIGABYTE-B650M-AORUS-ELITE-AX-ICE-AM5,https://www.startech.com.bd/gigabyte-b650m-aorus-elite-ax-ice-motherboard,28800,,REVIEW,
130,MSI PRO Z790-P WIFI DDR4 ATX Motherboard,msi,Intel,msi-pro-z790-p-wifi-ddr4-atx-motherboard,MB-MSI-MSI-PRO-Z790-P,https://www.startech.com.bd/msi-pro-z790-p-wifi-ddr4-atx-motherboard,28899,,REVIEW,
131,MSI PRO Z790-P WIFI DDR5 ATX Motherboard,msi,Intel,msi-pro-z790-p-wifi-ddr5-atx-motherboard,MB-MSI-MSI-PRO-Z790-P,https://www.startech.com.bd/msi-pro-z790-p-wifi-13th-gen-atx-motherboard,28900,,REVIEW,
132,GIGABYTE B650M AORUS ELITE AX DDR5 AMD AM5 Micro-ATX Motherboard,gigabyte,AMD,gigabyte-b650m-aorus-elite-ax-ddr5-amd-am5-micro-atx-motherboard,MB-GIGABYTE-GIGABYTE-B650M-AORUS-ELITE-AX-AM5,https://www.startech.com.bd/gigabyte-b650m-aorus-elite-ax-motherboard,27900,29000,REVIEW,
133,MSI B850 GAMING PLUS WIFI7 AM5 ATX Motherboard,msi,AMD,msi-b850-gaming-plus-wifi7-am5-atx-motherboard,MB-MSI-MSI-B850-GAMING-PLUS-AM5,https://www.startech.com.bd/msi-b850-gaming-plus-wifi-motherboard,29200,,REVIEW,
134,Asus B850M MAX GAMING WIFI AM5 mATX Motherboard,asus,AMD,asus-b850m-max-gaming-wifi-am5-matx-motherboard,MB-ASUS-ASUS-B850M-MAX-GAMING-AM5,https://www.startech.com.bd/asus-b850m-max-gaming-wifi-motherboard,29200,,REVIEW,
135,MSI MAG B650M MORTAR WIFI DDR5 AMD AM5 mATX Motherboard,msi,AMD,msi-mag-b650m-mortar-wifi-ddr5-amd-am5-matx-motherboard,MB-MSI-MSI-MAG-B650M-MORTAR-AM5,https://www.startech.com.bd/msi-mag-b650m-mortar-wifi-motherboard,28600,29500,REVIEW,
136,Asus PRIME B860-PLUS WIFI-CSM LGA 1851 ATX Motherboard,asus,Intel,asus-prime-b860-plus-wifi-csm-lga-1851-atx-motherboard,MB-ASUS-ASUS-PRIME-B860-PLUS-CSM-LGA-1851,https://www.startech.com.bd/asus-prime-b860-plus-wifi-csm-motherboard,29500,,REVIEW,
137,MSI PRO B850M-A WIFI PZ AM5 mATX Motherboard,msi,AMD,msi-pro-b850m-a-wifi-pz-am5-matx-motherboard,MB-MSI-MSI-PRO-B850M-A-PZ-AM5,https://www.startech.com.bd/msi-pro-b850m-a-wifi-pz-motherboard,30000,30200,REVIEW,
138,GIGABYTE B850M GAMING X WIFI6E AMD AM5 DDR5 Micro ATX Motherboard,gigabyte,AMD,gigabyte-b850m-gaming-x-wifi6e-amd-am5-ddr5-micro-atx-motherboard,MB-GIGABYTE-GIGABYTE-B850M-GAMING-X-E-AM5,https://www.startech.com.bd/gigabyte-b850m-gaming-x-wifi6e-motherboard,30800,31000,REVIEW,
139,MSI Z790 GAMING PLUS WIFI DDR5 ATX Motherboard,msi,Intel,msi-z790-gaming-plus-wifi-ddr5-atx-motherboard,MB-MSI-MSI-Z790-GAMING-PLUS,https://www.startech.com.bd/msi-z790-gaming-plus-wifi-motherboard,31500,,REVIEW,
140,Gigabyte Z890 UD LGA 1851 ATX Motherboard,gigabyte,Intel,gigabyte-z890-ud-lga-1851-atx-motherboard,MB-GIGABYTE-GIGABYTE-Z890-UD-LGA-1851,https://www.startech.com.bd/gigabyte-z890-ud-lga-1851-atx-motherboard,31800,32000,REVIEW,
141,GIGABYTE X870 GAMING WIFI6 DDR5 AMD AM5 ATX Motherboard,gigabyte,AMD,gigabyte-x870-gaming-wifi6-ddr5-amd-am5-atx-motherboard,MB-GIGABYTE-GIGABYTE-X870-GAMING-AM5,https://www.startech.com.bd/gigabyte-x870-gaming-wifi6-am5-atx-motherboard,32300,32500,REVIEW,
142,MSI MPG B650 EDGE WIFI DDR5 AMD AM5 ATX Motherboard,msi,AMD,msi-mpg-b650-edge-wifi-ddr5-amd-am5-atx-motherboard,MB-MSI-MSI-MPG-B650-EDGE-AM5,https://www.startech.com.bd/msi-mpg-b650-edge-wifi-motherboard,33200,33400,REVIEW,
143,GIGABYTE B860M AORUS ELITE WIFI6E LGA1851 Micro ATX Motherboard,gigabyte,Intel,gigabyte-b860m-aorus-elite-wifi6e-lga1851-micro-atx-motherboard,MB-GIGABYTE-GIGABYTE-B860M-AORUS-ELITE-E-LGA1851,https://www.startech.com.bd/gigabyte-b860m-aorus-elite-wifi6e-motherboard,33300,33500,REVIEW,
144,Asus TUF GAMING B860M-PLUS WIFI LGA 1851 Micro-ATX Motherboard,asus,Intel,asus-tuf-gaming-b860m-plus-wifi-lga-1851-micro-atx-motherboard,MB-ASUS-ASUS-TUF-GAMING-B860M-PLUS-LGA-1851,https://www.startech.com.bd/asus-tuf-gaming-b860m-plus-wifi-motherboard,33400,33500,REVIEW,
145,MSI B850 GAMING PLUS WIFI PZ AM5 ATX Motherboard,msi,AMD,msi-b850-gaming-plus-wifi-pz-am5-atx-motherboard,MB-MSI-MSI-B850-GAMING-PLUS-PZ-AM5,https://www.startech.com.bd/msi-b850-gaming-plus-wifi-pz-motherboard,33000,33500,REVIEW,
146,Gigabyte Z890M GAMING X LGA1851 Micro ATX Motherboard,gigabyte,Intel,gigabyte-z890m-gaming-x-lga1851-micro-atx-motherboard,MB-GIGABYTE-GIGABYTE-Z890M-GAMING-X-LGA1851,https://www.startech.com.bd/gigabyte-z890m-gaming-x-motherboard,33800,,REVIEW,
147,Gigabyte Z890 UD WIFI6E LGA 1851 ATX Motherboard,gigabyte,Intel,gigabyte-z890-ud-wifi6e-lga-1851-atx-motherboard,MB-GIGABYTE-GIGABYTE-Z890-UD-E-LGA-1851,https://www.startech.com.bd/gigabyte-z890-ud-wifi6e-lga-1851-motherboard,33900,,REVIEW,
148,GIGABYTE B860 EAGLE WIFI6E LGA1851 ATX Motherboard,gigabyte,Intel,gigabyte-b860-eagle-wifi6e-lga1851-atx-motherboard,MB-GIGABYTE-GIGABYTE-B860-EAGLE-E-LGA1851,https://www.startech.com.bd/gigabyte-b860-eagle-wifi6e-motherboard,33800,33900,REVIEW,
149,MSI MAG B850M MORTAR WIFI AM5 mATX Motherboard,msi,AMD,msi-mag-b850m-mortar-wifi-am5-matx-motherboard,MB-MSI-MSI-MAG-B850M-MORTAR-AM5,https://www.startech.com.bd/msi-mag-b850m-mortar-wifi-motherboard,30900,34000,REVIEW,
150,GIGABYTE B850M AORUS ELITE WIFI6E AMD AM5 DDR5 mATX Motherboard,gigabyte,AMD,gigabyte-b850m-aorus-elite-wifi6e-amd-am5-ddr5-matx-motherboard,MB-GIGABYTE-GIGABYTE-B850M-AORUS-ELITE-E-AM5,https://www.startech.com.bd/gigabyte-b850m-aorus-elite-wifi6e-motherboard,32900,34200,REVIEW,
151,GIGABYTE B850M AORUS ELITE WIFI6E ICE AMD AM5 DDR5 Micro ATX Motherboard,gigabyte,AMD,gigabyte-b850m-aorus-elite-wifi6e-ice-amd-am5-ddr5-micro-atx-motherboard,MB-GIGABYTE-GIGABYTE-B850M-AORUS-ELITE-E-ICE-AM5,https://www.startech.com.bd/gigabyte-b850m-aorus-elite-wifi6e-ice-motherboard,33800,34500,REVIEW,
152,GIGABYTE B860M AORUS ELITE WIFI6E ICE LGA1851 Micro ATX Motherboard,gigabyte,Intel,gigabyte-b860m-aorus-elite-wifi6e-ice-lga1851-micro-atx-motherboard,MB-GIGABYTE-GIGABYTE-B860M-AORUS-ELITE-E-ICE-LGA1851,https://www.startech.com.bd/gigabyte-b860m-aorus-elite-wifi6e-ice-motherboard,34300,34500,REVIEW,
153,MSI PRO Z890-P WIFI6E LGA 1851 ATX Motherboard,msi,Intel,msi-pro-z890-p-wifi6e-lga-1851-atx-motherboard,MB-MSI-MSI-PRO-Z890-P-E-LGA-1851,https://www.startech.com.bd/msi-pro-z890-p-wifi6e-motherboard,34500,35000,REVIEW,
154,Asus TUF GAMING B860-PLUS WIFI LGA 1851 ATX Motherboard,asus,Intel,asus-tuf-gaming-b860-plus-wifi-lga-1851-atx-motherboard,MB-ASUS-ASUS-TUF-GAMING-B860-PLUS-LGA-1851,https://www.startech.com.bd/asus-tuf-gaming-b860-plus-wifi-motherboard,35400,35500,REVIEW,
155,GIGABYTE X870 EAGLE WIFI7 DDR5 AMD AM5 ATX Motherboard,gigabyte,AMD,gigabyte-x870-eagle-wifi7-ddr5-amd-am5-atx-motherboard,MB-GIGABYTE-GIGABYTE-X870-EAGLE-AM5,https://www.startech.com.bd/gigabyte-x870-eagle-wifi7-am5-atx-motherboard,34800,35800,REVIEW,
156,ASRock X870 Pro RS WiFi AM5 DDR5 ATX Motherboard,asrock,AMD,asrock-x870-pro-rs-wifi-am5-ddr5-atx-motherboard,MB-ASROCK-ASROCK-X870-PRO-RS-AM5,https://www.startech.com.bd/asrock-x870-pro-rs-wifi-am5-motherboard,35000,36000,REVIEW,
157,Asus B850 MAX GAMING WIFI W AM5 ATX Motherboard,asus,AMD,asus-b850-max-gaming-wifi-w-am5-atx-motherboard,MB-ASUS-ASUS-B850-MAX-GAMING-W-AM5,https://www.startech.com.bd/asus-b850-max-gaming-wifi-w-motherboard,35900,36000,REVIEW,
158,MSI Z890 GAMING WIFI6E LGA 1851 ATX Motherboard,msi,Intel,msi-z890-gaming-wifi6e-lga-1851-atx-motherboard,MB-MSI-MSI-Z890-GAMING-E-LGA-1851,https://www.startech.com.bd/msi-z890-gaming-wifi6e-motherboard,35500,36000,REVIEW,
159,Asus TUF GAMING B850-E WIFI AM5 ATX Motherboard,asus,AMD,asus-tuf-gaming-b850-e-wifi-am5-atx-motherboard,MB-ASUS-ASUS-TUF-GAMING-B850-E-AM5,https://www.startech.com.bd/asus-tuf-gaming-b850-e-wifi-motherboard,36400,,REVIEW,
160,MSI PRO Z890-P LGA 1851 ATX Motherboard,msi,Intel,msi-pro-z890-p-lga-1851-atx-motherboard,MB-MSI-MSI-PRO-Z890-P-LGA-1851,https://www.startech.com.bd/msi-pro-z890-p-motherboard,34900,36500,REVIEW,
161,Asus TUF GAMING B850M-PLUS WIFI micro-ATX Motherboard,asus,,asus-tuf-gaming-b850m-plus-wifi-micro-atx-motherboard,MB-ASUS-ASUS-TUF-GAMING-B850M-PLUS,https://www.startech.com.bd/asus-tuf-gaming-b850m-plus-wifi-motherboard,36000,36500,REVIEW,
162,Gigabyte B860 AORUS ELITE WIFI7 ICE LGA1851 ATX Motherboard,gigabyte,Intel,gigabyte-b860-aorus-elite-wifi7-ice-lga1851-atx-motherboard,MB-GIGABYTE-GIGABYTE-B860-AORUS-ELITE-ICE-LGA1851,https://www.startech.com.bd/gigabyte-b860-aorus-elite-wifi7-ice-motherboard,36300,36500,REVIEW,
163,GIGABYTE Z790M AORUS ELITE AX mATX Motherboard,gigabyte,Intel,gigabyte-z790m-aorus-elite-ax-matx-motherboard,MB-GIGABYTE-GIGABYTE-Z790M-AORUS-ELITE-AX,https://www.startech.com.bd/gigabyte-z790m-aorus-elite-ax-motherboard,36300,36500,REVIEW,
164,ASUS PRIME Z790-P WIFI-CSM ATX Motherboard,asus,Intel,asus-prime-z790-p-wifi-csm-atx-motherboard,MB-ASUS-ASUS-PRIME-Z790-P-CSM,https://www.startech.com.bd/asus-prime-z790-p-wifi-csm-motherboard,36500,36800,REVIEW,
165,Asus TUF GAMING B850M-PLUS WIFI7 W mATX Motherboard,asus,,asus-tuf-gaming-b850m-plus-wifi7-w-matx-motherboard,MB-ASUS-ASUS-TUF-GAMING-B850M-PLUS-W,https://www.startech.com.bd/asus-tuf-gaming-b850m-plus-wifi7-w-motherboard,36800,36900,REVIEW,
166,Asus ROG STRIX B860-I GAMING WIFI LGA 1851 Mini ITX Motherboard,asus,Intel,asus-rog-strix-b860-i-gaming-wifi-lga-1851-mini-itx-motherboard,MB-ASUS-ASUS-ROG-STRIX-B860-I-GAMING-LGA-1851,https://www.startech.com.bd/asus-rog-strix-b860-i-gaming-wifi-motherboard,37500,,REVIEW,
167,MSI PRO X870-P WIFI AM5 ATX Motherboard,msi,AMD,msi-pro-x870-p-wifi-am5-atx-motherboard,MB-MSI-MSI-PRO-X870-P-AM5,https://www.startech.com.bd/msi-pro-x870-p-wifi-am5-motherboard,35500,37700,REVIEW,
168,MSI MAG B850 TOMAHAWK WIFI AM5 ATX Motherboard,msi,AMD,msi-mag-b850-tomahawk-wifi-am5-atx-motherboard,MB-MSI-MSI-MAG-B850-TOMAHAWK-AM5,https://www.startech.com.bd/msi-mag-b850-tomahawk-wifi-motherboard,37800,,REVIEW,
169,ASUS PRIME Z890M-PLUS WIFI-CSM LGA 1851 mATX Motherboard,asus,Intel,asus-prime-z890m-plus-wifi-csm-lga-1851-matx-motherboard,MB-ASUS-ASUS-PRIME-Z890M-PLUS-CSM-LGA-1851,https://www.startech.com.bd/asus-prime-z890m-plus-wifi-csm-matx-motherboard,37900,,REVIEW,
170,MSI PRO Z890-S WIFI WHITE LGA 1851 ATX Motherboard,msi,Intel,msi-pro-z890-s-wifi-white-lga-1851-atx-motherboard,MB-MSI-MSI-PRO-Z890-S-WHITE-LGA-1851,https://www.startech.com.bd/msi-pro-z890-s-wifi-white-motherboard,37600,39000,REVIEW,
171,GIGABYTE X870M AORUS ELITE WIFI7 DDR5 AM5 mATX Motherboard,gigabyte,AMD,gigabyte-x870m-aorus-elite-wifi7-ddr5-am5-matx-motherboard,MB-GIGABYTE-GIGABYTE-X870M-AORUS-ELITE-AM5,https://www.startech.com.bd/gigabyte-x870m-aorus-elite-wifi7-motherboard,39300,39500,REVIEW,
172,ASUS Z790-AYW OC WIFI LGA1700 ATX Motherboard,asus,Intel,asus-z790-ayw-oc-wifi-lga1700-atx-motherboard,MB-ASUS-ASUS-Z790-AYW-OC-LGA1700,https://www.startech.com.bd/asus-z790-ayw-oc-wifi-motherboard,39500,,REVIEW,
173,ASRock Z890 Pro RS WiFi White LGA1851 DDR5 ATX Motherboard,asrock,Intel,asrock-z890-pro-rs-wifi-white-lga1851-ddr5-atx-motherboard,MB-ASROCK-ASROCK-Z890-PRO-RS-WHITE-LGA1851,https://www.startech.com.bd/asrock-z890-pro-rs-wifi-white-lga1851-motherboard,40000,,REVIEW,
174,Asus ROG STRIX B850-G GAMING WIFI mATX Motherboard,asus,,asus-rog-strix-b850-g-gaming-wifi-matx-motherboard,MB-ASUS-ASUS-ROG-STRIX-B850-G-GAMING,https://www.startech.com.bd/asus-rog-strix-b850-g-gaming-wifi-motherboard,40000,,REVIEW,
175,MSI X870E GAMING PLUS WIFI AM5 ATX Motherboard,msi,AMD,msi-x870e-gaming-plus-wifi-am5-atx-motherboard,MB-MSI-MSI-X870E-GAMING-PLUS-AM5,https://www.startech.com.bd/msi-x870e-gaming-plus-wifi-motherboard,38900,40400,REVIEW,
176,ASRock X870 Steel Legend WiFi AM5 DDR5 ATX Motherboard,asrock,AMD,asrock-x870-steel-legend-wifi-am5-ddr5-atx-motherboard,MB-ASROCK-ASROCK-X870-STEEL-LEGEND-AM5,https://www.startech.com.bd/asrock-x870-steel-legend-wifi-am5-motherboard,39999,40499,REVIEW,
177,GIGABYTE Z790 AORUS ELITE AX ATX Motherboard,gigabyte,Intel,gigabyte-z790-aorus-elite-ax-atx-motherboard,MB-GIGABYTE-GIGABYTE-Z790-AORUS-ELITE-AX,https://www.startech.com.bd/gigabyte-z790-aorus-elite-ax-motherboard,40000,40500,REVIEW,
178,Asus ROG STRIX B860-A GAMING WIFI LGA 1851 ATX Motherboard,asus,Intel,asus-rog-strix-b860-a-gaming-wifi-lga-1851-atx-motherboard,MB-ASUS-ASUS-ROG-STRIX-B860-A-GAMING-LGA-1851,https://www.startech.com.bd/asus-rog-strix-b860-a-gaming-wifi-motherboard,40500,,REVIEW,
179,MSI MAG Z790 TOMAHAWK WIFI ATX Motherboard,msi,Intel,msi-mag-z790-tomahawk-wifi-atx-motherboard,MB-MSI-MSI-MAG-Z790-TOMAHAWK,https://www.startech.com.bd/msi-mag-z790-tomahawk-wifi-motherboard,39599,42000,REVIEW,
180,Asus TUF GAMING B850-BTF WIFI W ATX Motherboard,asus,,asus-tuf-gaming-b850-btf-wifi-w-atx-motherboard,MB-ASUS-ASUS-TUF-GAMING-B850-BTF-W,https://www.startech.com.bd/asus-tuf-gaming-b850-btf-wifi-w-motherboard,42000,,REVIEW,
181,Asus PRIME X870-P-CSM AM5 ATX Motherboard,asus,AMD,asus-prime-x870-p-csm-am5-atx-motherboard,MB-ASUS-ASUS-PRIME-X870-P-CSM-AM5,https://www.startech.com.bd/asus-prime-x870-p-csm-motherboard,42199,,REVIEW,
182,Asus TUF GAMING B850-PRO WIFI7 W NEO ATX Motherboard,asus,,asus-tuf-gaming-b850-pro-wifi7-w-neo-atx-motherboard,MB-ASUS-ASUS-TUF-GAMING-B850-PRO-W-NEO,https://www.startech.com.bd/asus-tuf-gaming-b850-pro-wifi7-w-neo-motherboard,42200,42500,REVIEW,
183,GIGABYTE B850I AORUS PRO DDR5 AM5 Mini-ITX Motherboard,gigabyte,AMD,gigabyte-b850i-aorus-pro-ddr5-am5-mini-itx-motherboard,MB-GIGABYTE-GIGABYTE-B850I-AORUS-PRO-AM5,https://www.startech.com.bd/gigabyte-b850i-aorus-pro-motherboard,41800,42500,REVIEW,
184,ASRock X870 RIPTIDE WIFI AM5 ATX Motherboard,asrock,AMD,asrock-x870-riptide-wifi-am5-atx-motherboard,MB-ASROCK-ASROCK-X870-RIPTIDE-AM5,https://www.startech.com.bd/asrock-x870-riptide-wifi-atx-motherboard,42900,43000,REVIEW,
185,ASUS Z890 AYW GAMING WIFI W LGA 1851 ATX Motherboard,asus,Intel,asus-z890-ayw-gaming-wifi-w-lga-1851-atx-motherboard,MB-ASUS-ASUS-Z890-AYW-GAMING-W-LGA-1851,https://www.startech.com.bd/asus-z890-ayw-gaming-wifi-w-atx-motherboard,43200,,REVIEW,
186,ASRock Z890 Steel Legend WiFi LGA1851 DDR5 ATX Motherboard,asrock,Intel,asrock-z890-steel-legend-wifi-lga1851-ddr5-atx-motherboard,MB-ASROCK-ASROCK-Z890-STEEL-LEGEND-LGA1851,https://www.startech.com.bd/asrock-z890-steel-legend-wifi-lga1851-motherboard,44000,,REVIEW,
187,Asus ROG STRIX B850-A GAMING WIFI ATX Motherboard,asus,,asus-rog-strix-b850-a-gaming-wifi-atx-motherboard,MB-ASUS-ASUS-ROG-STRIX-B850-A-GAMING,https://www.startech.com.bd/asus-rog-strix-b850-a-gaming-wifi-motherboard,43500,44000,REVIEW,
188,Asus PRIME X870-P WIFI-CSM AM5 ATX Motherboard,asus,AMD,asus-prime-x870-p-wifi-csm-am5-atx-motherboard,MB-ASUS-ASUS-PRIME-X870-P-CSM-AM5,https://www.startech.com.bd/asus-prime-x870-p-wifi-csm-motherboard,44199,,REVIEW,
189,MSI PRO Z890-A WIFI LGA 1851 ATX Motherboard,msi,Intel,msi-pro-z890-a-wifi-lga-1851-atx-motherboard,MB-MSI-MSI-PRO-Z890-A-LGA-1851,https://www.startech.com.bd/msi-pro-z890-a-wifi-atx-motherboard,44200,44300,REVIEW,
190,Asus X870 MAX GAMING WIFI7 W AM5 ATX Motherboard,asus,AMD,asus-x870-max-gaming-wifi7-w-am5-atx-motherboard,MB-ASUS-ASUS-X870-MAX-GAMING-W-AM5,https://www.startech.com.bd/asus-x870-max-gaming-wifi7-w-motherboard,44499,,REVIEW,
191,Asus X870 MAX GAMING WIFI7 AM5 ATX Motherboard,asus,AMD,asus-x870-max-gaming-wifi7-am5-atx-motherboard,MB-ASUS-ASUS-X870-MAX-GAMING-AM5,https://www.startech.com.bd/asus-x870-max-gaming-wifi7-motherboard,44499,,REVIEW,
192,MSI Z890 GAMING PLUS WIFI LGA 1851 ATX Motherboard,msi,Intel,msi-z890-gaming-plus-wifi-lga-1851-atx-motherboard,MB-MSI-MSI-Z890-GAMING-PLUS-LGA-1851,https://www.startech.com.bd/msi-z890-gaming-plus-wifi-atx-motherboard,44900,46500,REVIEW,
193,Asus X870 AYW GAMING WIFI W AM5 ATX Motherboard,asus,AMD,asus-x870-ayw-gaming-wifi-w-am5-atx-motherboard,MB-ASUS-ASUS-X870-AYW-GAMING-W-AM5,https://www.startech.com.bd/asus-x870-ayw-gaming-wifi-w-motherboard,46500,,REVIEW,
194,Asus ROG STRIX B850-I GAMING WIFI AM5 Mini-ITX Motherboard,asus,AMD,asus-rog-strix-b850-i-gaming-wifi-am5-mini-itx-motherboard,MB-ASUS-ASUS-ROG-STRIX-B850-I-GAMING-AM5,https://www.startech.com.bd/asus-rog-strix-b850-i-gaming-wifi-mini-itx-motherboard,48900,50200,REVIEW,
195,ASUS TUF GAMING Z890-PLUS WIFI LGA1851 ATX Motherboard,asus,Intel,asus-tuf-gaming-z890-plus-wifi-lga1851-atx-motherboard,MB-ASUS-ASUS-TUF-GAMING-Z890-PLUS-LGA1851,https://www.startech.com.bd/asus-tuf-gaming-z890-plus-wifi-motherboard,51200,,REVIEW,
196,Asus ROG Strix B850-I Gaming WiFi7 W AM5 Mini-ITX Motherboard,asus,AMD,asus-rog-strix-b850-i-gaming-wifi7-w-am5-mini-itx-motherboard,MB-ASUS-ASUS-ROG-STRIX-B850-I-GAMING-W-AM5,https://www.startech.com.bd/asus-rog-strix-b850-i-gaming-wifi7-w-motherboard,52500,53000,REVIEW,
197,ASUS TUF GAMING Z890-PRO WIFI LGA 1851 ATX Gaming Motherboard,asus,Intel,asus-tuf-gaming-z890-pro-wifi-lga-1851-atx-gaming-motherboard,MB-ASUS-ASUS-TUF-GAMING-Z890-PRO-LGA-1851-GAMING,https://www.startech.com.bd/asus-tuf-gaming-z890-pro-wifi-atx-motherboard,53200,,REVIEW,
198,Asus TUF GAMING X870-PLUS WIFI DDR5 AM5 ATX Motherboard,asus,AMD,asus-tuf-gaming-x870-plus-wifi-ddr5-am5-atx-motherboard,MB-ASUS-ASUS-TUF-GAMING-X870-PLUS-AM5,https://www.startech.com.bd/asus-tuf-gaming-x870-plus-wifi-motherboard,55000,,REVIEW,
199,ASRock X870E Nova WiFi AM5 DDR5 ATX Motherboard,asrock,AMD,asrock-x870e-nova-wifi-am5-ddr5-atx-motherboard,MB-ASROCK-ASROCK-X870E-NOVA-AM5,https://www.startech.com.bd/asrock-x870e-nova-wifi-am5-ddr5-motherboard,54999,55500,REVIEW,
200,ASUS ROG STRIX Z890-H GAMING WIFI LGA1851 ATX Motherboard,asus,Intel,asus-rog-strix-z890-h-gaming-wifi-lga1851-atx-motherboard,MB-ASUS-ASUS-ROG-STRIX-Z890-H-GAMING-LGA1851,https://www.startech.com.bd/asus-rog-strix-z890-h-gaming-wifi-motherboard,59500,,REVIEW,
201,MSI MPG Z890 EDGE TI WIFI LGA 1851 ATX Motherboard,msi,Intel,msi-mpg-z890-edge-ti-wifi-lga-1851-atx-motherboard,MB-MSI-MSI-MPG-Z890-EDGE-TI-LGA-1851,https://www.startech.com.bd/msi-mpg-z890-edge-ti-wifi-motherboard,61000,61500,REVIEW,
202,ASUS ROG STRIX Z890-A GAMING WIFI LGA 1851 ATX Motherboard,asus,Intel,asus-rog-strix-z890-a-gaming-wifi-lga-1851-atx-motherboard,MB-ASUS-ASUS-ROG-STRIX-Z890-A-GAMING-LGA-1851,https://www.startech.com.bd/asus-rog-strix-z890-a-gaming-wifi-motherboard,64900,,REVIEW,
203,GIGABYTE X870I AORUS PRO ICE DDR5 AM5 Mini-ITX Motherboard,gigabyte,AMD,gigabyte-x870i-aorus-pro-ice-ddr5-am5-mini-itx-motherboard,MB-GIGABYTE-GIGABYTE-X870I-AORUS-PRO-ICE-AM5,https://www.startech.com.bd/gigabyte-x870i-aorus-pro-ice-motherboard,67300,67500,REVIEW,
204,ASUS ROG STRIX Z890-F GAMING WIFI LGA 1851 DDR5 ATX Motherboard,asus,Intel,asus-rog-strix-z890-f-gaming-wifi-lga-1851-ddr5-atx-motherboard,MB-ASUS-ASUS-ROG-STRIX-Z890-F-GAMING-LGA-1851,https://www.startech.com.bd/asus-rog-strix-z890-f-gaming-wifi-atx-motherboard,68500,,REVIEW,
205,Asus ROG STRIX X870-F GAMING WIFI DDR5 AMD AM5 ATX Motherboard,asus,AMD,asus-rog-strix-x870-f-gaming-wifi-ddr5-amd-am5-atx-motherboard,MB-ASUS-ASUS-ROG-STRIX-X870-F-GAMING-AM5,https://www.startech.com.bd/asus-rog-strix-x870-f-gaming-wifi-am5-motherboard,69900,,REVIEW,
206,Asus ROG STRIX X870E-H GAMING WIFI7 AMD AM5 ATX Motherboard,asus,AMD,asus-rog-strix-x870e-h-gaming-wifi7-amd-am5-atx-motherboard,MB-ASUS-ASUS-ROG-STRIX-X870E-H-GAMING-AM5,https://www.startech.com.bd/asus-rog-strix-x870e-h-gaming-wifi7-motherboard,71500,72500,REVIEW,
207,ASUS ProArt X870E-CREATOR WiFi AM5 DDR5 ATX Motherboard,asus,AMD,asus-proart-x870e-creator-wifi-am5-ddr5-atx-motherboard,MB-ASUS-ASUS-PROART-X870E-CREATOR-AM5,https://www.startech.com.bd/asus-proart-x870e-creator-wifi-motherboard,77500,,REVIEW,
208,ASUS ROG STRIX Z890-E GAMING WIFI LGA1851 ATX Motherboard,asus,Intel,asus-rog-strix-z890-e-gaming-wifi-lga1851-atx-motherboard,MB-ASUS-ASUS-ROG-STRIX-Z890-E-GAMING-LGA1851,https://www.startech.com.bd/asus-rog-strix-z890-e-gaming-wifi-motherboard,77000,78000,REVIEW,
209,MSI MPG Z890 CARBON WIFI LGA 1851 ATX Motherboard,msi,Intel,msi-mpg-z890-carbon-wifi-lga-1851-atx-motherboard,MB-MSI-MSI-MPG-Z890-CARBON-LGA-1851,https://www.startech.com.bd/msi-mpg-z890-carbon-wifi-lga-1851-atx-motherboard,77900,78900,REVIEW,
210,ASUS ROG MAXIMUS Z890 APEX LGA1851 ATX Motherboard,asus,Intel,asus-rog-maximus-z890-apex-lga1851-atx-motherboard,MB-ASUS-ASUS-ROG-MAXIMUS-Z890-APEX-LGA1851,https://www.startech.com.bd/asus-rog-maximus-z890-apex-motherboard,79500,,REVIEW,
211,ASUS ProArt Z890-CREATOR WIFI LGA1851 ATX Motherboard,asus,Intel,asus-proart-z890-creator-wifi-lga1851-atx-motherboard,MB-ASUS-ASUS-PROART-Z890-CREATOR-LGA1851,https://www.startech.com.bd/asus-proart-z890-creator-wifi-motherboard,83000,,REVIEW,
212,MSI MEG Z890 UNIFY-X LGA 1851 ATX Motherboard,msi,Intel,msi-meg-z890-unify-x-lga-1851-atx-motherboard,MB-MSI-MSI-MEG-Z890-UNIFY-X-LGA-1851,https://www.startech.com.bd/msi-meg-z890-unify-x-motherboard,86500,87000,REVIEW,
213,MSI MEG X870E ACE MAX AMD AM5 ATX Motherboard,msi,AMD,msi-meg-x870e-ace-max-amd-am5-atx-motherboard,MB-MSI-MSI-MEG-X870E-ACE-MAX-AM5,https://www.startech.com.bd/msi-meg-x870e-ace-max-motherboard,97000,,REVIEW,
214,Asus ROG CROSSHAIR X870E HERO AMD AM5 ATX Motherboard,asus,AMD,asus-rog-crosshair-x870e-hero-amd-am5-atx-motherboard,MB-ASUS-ASUS-ROG-CROSSHAIR-X870E-HERO-AM5,https://www.startech.com.bd/asus-rog-crosshair-x870e-hero-atx-motherboard,105500,,REVIEW,
215,ASUS ROG MAXIMUS Z890 HERO BTF LGA1851 ATX Motherboard,asus,Intel,asus-rog-maximus-z890-hero-btf-lga1851-atx-motherboard,MB-ASUS-ASUS-ROG-MAXIMUS-Z890-HERO-BTF-LGA1851,https://www.startech.com.bd/asus-rog-maximus-z890-hero-btf-motherboard,107000,,REVIEW,
216,ASUS Pro WS TRX50-SAGE WIFI AMD sTR5 Workstation Motherboard,asus,AMD,asus-pro-ws-trx50-sage-wifi-amd-str5-workstation-motherboard,MB-ASUS-ASUS-PRO-WS-TRX50-SAGE-STR5-WORKSTATION,https://www.startech.com.bd/asus-pro-ws-trx50-sage-wifi-motherboard,130500,,REVIEW,
217,Asus ROG CROSSHAIR X870E EXTREME AMD AM5 E-ATX Motherboard,asus,AMD,asus-rog-crosshair-x870e-extreme-amd-am5-e-atx-motherboard,MB-ASUS-ASUS-ROG-CROSSHAIR-X870E-EXTREME-AM5-E,https://www.startech.com.bd/asus-rog-crosshair-x870e-extreme-motherboard,162500,,REVIEW,
218,Asus ROG CROSSHAIR X870E GLACIAL AMD AM5 ATX Motherboard,asus,AMD,asus-rog-crosshair-x870e-glacial-amd-am5-atx-motherboard,MB-ASUS-ASUS-ROG-CROSSHAIR-X870E-GLACIAL-AM5,https://www.startech.com.bd/asus-rog-crosshair-x870e-glacial-motherboard,166000,168500,REVIEW,
219,ASUS Pro WS WRX90E-SAGE SE AMD sTR5 EEB Workstation Motherboard,asus,AMD,asus-pro-ws-wrx90e-sage-se-amd-str5-eeb-workstation-motherboard,MB-ASUS-ASUS-PRO-WS-WRX90E-SAGE-SE-STR5-EEB-WORK,https://www.startech.com.bd/asus-pro-ws-wrx90e-sage-se-motherboard,199000,,REVIEW,
220,GIGABYTE B550M H AM4 Mico-ATX Motherboard,gigabyte,AMD,gigabyte-b550m-h-am4-mico-atx-motherboard,MB-GIGABYTE-GIGABYTE-B550M-H-AM4-MICO,https://www.startech.com.bd/gigabyte-b550m-h-motherboard,,,REVIEW,
221,MSI A520M PRO-VDH AMD AM4 Micro-ATX Motherboard,msi,AMD,msi-a520m-pro-vdh-amd-am4-micro-atx-motherboard,MB-MSI-MSI-A520M-PRO-VDH-AM4,https://www.startech.com.bd/msi-a520m-pro-vdh-motherboard,,,REVIEW,
222,ASRock Z790 PG Lightning/D4 ATX Motherboard,asrock,Intel,asrock-z790-pg-lightning-d4-atx-motherboard,MB-ASROCK-ASROCK-Z790-PG-LIGHTNING-D4,https://www.startech.com.bd/asrock-z790-pg-lightning-d4-motherboard,,,REVIEW,
223,ASRock Z790M PG Lightning/D4 Micro ATX Motherboard,asrock,Intel,asrock-z790m-pg-lightning-d4-micro-atx-motherboard,MB-ASROCK-ASROCK-Z790M-PG-LIGHTNING-D4,https://www.startech.com.bd/asrock-z790m-pg-lightning-d4-motherboard,,,REVIEW,
224,ASRock Z790 PG Lightning ATX Motherboard,asrock,Intel,asrock-z790-pg-lightning-atx-motherboard,MB-ASROCK-ASROCK-Z790-PG-LIGHTNING,https://www.startech.com.bd/asrock-z790-pg-lightning-motherboard,,,REVIEW,
225,ASRock B650M PG Riptide AMD AM5 Micro ATX Motherboard,asrock,AMD,asrock-b650m-pg-riptide-amd-am5-micro-atx-motherboard,MB-ASROCK-ASROCK-B650M-PG-RIPTIDE-AM5,https://www.startech.com.bd/asrock-b650m-pg-riptide-motherboard,,,REVIEW,
226,ASRock B650M PG Riptide WiFi AMD AM5 Micro ATX Motherboard,asrock,AMD,asrock-b650m-pg-riptide-wifi-amd-am5-micro-atx-motherboard,MB-ASROCK-ASROCK-B650M-PG-RIPTIDE-AM5,https://www.startech.com.bd/asrock-b650m-pg-riptide-wifi-motherboard,,,REVIEW,
227,ASRock B650 PG Lightning AMD AM5 ATX Motherboard,asrock,AMD,asrock-b650-pg-lightning-amd-am5-atx-motherboard,MB-ASROCK-ASROCK-B650-PG-LIGHTNING-AM5,https://www.startech.com.bd/asrock-b650-pg-lightning-motherboard,,,REVIEW,
228,MSI MPG B650 CARBON WIFI DDR5 AMD AM5 ATX Motherboard,msi,AMD,msi-mpg-b650-carbon-wifi-ddr5-amd-am5-atx-motherboard,MB-MSI-MSI-MPG-B650-CARBON-AM5,https://www.startech.com.bd/msi-mpg-b650-carbon-wifi-motherboard,,,REVIEW,
229,Asus PRIME B650M-A AX DDR5 AMD AM5 Micro-ATX Motherboard,asus,AMD,asus-prime-b650m-a-ax-ddr5-amd-am5-micro-atx-motherboard,MB-ASUS-ASUS-PRIME-B650M-A-AX-AM5,https://www.startech.com.bd/asus-prime-b650m-a-ax-motherboard,,,REVIEW,
230,Asus PRIME B650M-A WIFI DDR5 AMD AM5 Micro-ATX Motherboard,asus,AMD,asus-prime-b650m-a-wifi-ddr5-amd-am5-micro-atx-motherboard,MB-ASUS-ASUS-PRIME-B650M-A-AM5,https://www.startech.com.bd/asus-prime-b650m-a-wifi-motherboard,,,REVIEW,
231,Asus TUF GAMING B650M-PLUS DDR5 AMD AM5 Micro-ATX Motherboard,asus,AMD,asus-tuf-gaming-b650m-plus-ddr5-amd-am5-micro-atx-motherboard,MB-ASUS-ASUS-TUF-GAMING-B650M-PLUS-AM5,https://www.startech.com.bd/asus-tuf-gaming-b650m-plus-motherboard,,,REVIEW,
232,Asus PRIME B650M-A WIFI-CSM DDR5 AMD AM5 Micro-ATX Motherboard,asus,AMD,asus-prime-b650m-a-wifi-csm-ddr5-amd-am5-micro-atx-motherboard,MB-ASUS-ASUS-PRIME-B650M-A-CSM-AM5,https://www.startech.com.bd/asus-prime-b650m-a-wifi-csm-motherboard,,,REVIEW,
233,GIGABYTE B650M AORUS PRO AX DDR5 AMD AM5 Micro-ATX Motherboard,gigabyte,AMD,gigabyte-b650m-aorus-pro-ax-ddr5-amd-am5-micro-atx-motherboard,MB-GIGABYTE-GIGABYTE-B650M-AORUS-PRO-AX-AM5,https://www.startech.com.bd/gigabyte-b650m-aorus-pro-ax-motherboard,,,REVIEW,
234,ASUS PRIME Z790-P ATX Motherboard,asus,Intel,asus-prime-z790-p-atx-motherboard,MB-ASUS-ASUS-PRIME-Z790-P,https://www.startech.com.bd/asus-prime-z790-p-motherboard,,,REVIEW,
235,ASUS PRIME Z790-P D4 ATX Motherboard,asus,Intel,asus-prime-z790-p-d4-atx-motherboard,MB-ASUS-ASUS-PRIME-Z790-P-D4,https://www.startech.com.bd/asus-prime-z790-p-d4-motherboard,,,REVIEW,
236,ASUS PRIME Z790-P WIFI ATX Motherboard,asus,Intel,asus-prime-z790-p-wifi-atx-motherboard,MB-ASUS-ASUS-PRIME-Z790-P,https://www.startech.com.bd/asus-prime-z790-p-wifi-motherboard,,,REVIEW,
237,GIGABYTE Z790 AORUS ELITE X ATX Motherboard,gigabyte,Intel,gigabyte-z790-aorus-elite-x-atx-motherboard,MB-GIGABYTE-GIGABYTE-Z790-AORUS-ELITE-X,https://www.startech.com.bd/gigabyte-z790-aorus-elite-x-atx-motherboard,,,REVIEW,
238,GIGABYTE Z790 AORUS XTREME X E-ATX Motherboard,gigabyte,Intel,gigabyte-z790-aorus-xtreme-x-e-atx-motherboard,MB-GIGABYTE-GIGABYTE-Z790-AORUS-XTREME-X-E,https://www.startech.com.bd/gigabyte-z790-aorus-xtreme-x-motherboard,,,REVIEW,
239,GIGABYTE X870E AORUS ELITE WIFI7 DDR5 AMD AM5 ATX Motherboard,gigabyte,AMD,gigabyte-x870e-aorus-elite-wifi7-ddr5-amd-am5-atx-motherboard,MB-GIGABYTE-GIGABYTE-X870E-AORUS-ELITE-AM5,https://www.startech.com.bd/gigabyte-x870e-aorus-elite-wifi7-atx-motherboard,,,REVIEW,
240,Asus ROG STRIX B650E-E GAMING WIFI DDR5 AM5 ATX Motherboard,asus,AMD,asus-rog-strix-b650e-e-gaming-wifi-ddr5-am5-atx-motherboard,MB-ASUS-ASUS-ROG-STRIX-B650E-E-GAMING-AM5,https://www.startech.com.bd/asus-rog-strix-b650e-e-gaming-wifi-motherboard,,,REVIEW,
241,Gigabyte A520M Aorus Elite AMD AM4 ATX Gaming Motherboard,gigabyte,AMD,gigabyte-a520m-aorus-elite-amd-am4-atx-gaming-motherboard,MB-GIGABYTE-GIGABYTE-A520M-AORUS-ELITE-AM4-GAMING,https://www.startech.com.bd/gigabyte-a520m-aorus-elite-motherboard,,,REVIEW,
242,ASUS PRIME H610M-A D4 mATX Motherboard,asus,Intel,asus-prime-h610m-a-d4-matx-motherboard,MB-ASUS-ASUS-PRIME-H610M-A-D4,https://www.startech.com.bd/asus-prime-h610m-a-d4-motherboard,,,REVIEW,
243,Colorful BATTLE-AX B760M-PLUS V20 M-ATX Motherboard,colorful,Intel,colorful-battle-ax-b760m-plus-v20-m-atx-motherboard,MB-COLORFUL-COLORFUL-BATTLE-AX-B760M-PLUS-V20-M,https://www.startech.com.bd/colorful-battle-ax-b760m-plus-v20-motherboard,,,REVIEW,
244,GIGABYTE GA-J1800M-D3P Motherboard with Built In 2.41Ghz DDR3 Celeron Processor,gigabyte,,gigabyte-ga-j1800m-d3p-motherboard-with-built-in-2-41ghz-ddr3-celeron-processor,MB-GIGABYTE-GIGABYTE-GA-J1800M-D3P-WITH-BUILT-IN-2-4,https://www.startech.com.bd/gigabyte-ga-j1800m-d3p,,,REVIEW,
245,Asus Prime A520M-A Micro ATX AM4 Motherboard,asus,AMD,asus-prime-a520m-a-micro-atx-am4-motherboard,MB-ASUS-ASUS-PRIME-A520M-A-AM4,https://www.startech.com.bd/asus-prime-a520m-a-motherboard,,,REVIEW,
246,Colorful BATTLE-AX B450M-K M.2 V14 AM4 mATX Motherboard,colorful,AMD,colorful-battle-ax-b450m-k-m-2-v14-am4-matx-motherboard,MB-COLORFUL-COLORFUL-BATTLE-AX-B450M-K-M-2-V14-AM4,https://www.startech.com.bd/colorful-battle-ax-b450m-k-m-2-v14-motherboard,,,REVIEW,
247,Colorful BATTLE-AX B450M-T M.2 V14 AM4 mATX Motherboard,colorful,AMD,colorful-battle-ax-b450m-t-m-2-v14-am4-matx-motherboard,MB-COLORFUL-COLORFUL-BATTLE-AX-B450M-T-M-2-V14-AM4,https://www.startech.com.bd/colorful-battle-ax-b450m-t-m-2-v14-motherboard,,,REVIEW,
248,GIGABYTE A520M K AM4 Micro ATX Motherboard,gigabyte,AMD,gigabyte-a520m-k-am4-micro-atx-motherboard,MB-GIGABYTE-GIGABYTE-A520M-K-AM4,https://www.startech.com.bd/gigabyte-a520m-k-am4-motherboard,,,REVIEW,
249,ASRock B450M-HDV R4.0 AMD Motherboard,asrock,AMD,asrock-b450m-hdv-r4-0-amd-motherboard,MB-ASROCK-ASROCK-B450M-HDV-R4-0,https://www.startech.com.bd/asrock-b450m-hdv-r4-amd-motherboard,,,REVIEW,
250,MSI B450M-A PRO MAX AMD AM4 Motherboard,msi,AMD,msi-b450m-a-pro-max-amd-am4-motherboard,MB-MSI-MSI-B450M-A-PRO-MAX-AM4,https://www.startech.com.bd/msi-b450m-a-pro-max-amd-motherboard,,,REVIEW,
251,GIGABYTE H410M H V3 10th Gen Micro ATX Motherboard,gigabyte,Intel,gigabyte-h410m-h-v3-10th-gen-micro-atx-motherboard,MB-GIGABYTE-GIGABYTE-H410M-H-V3-10TH-GEN,https://www.startech.com.bd/gigabyte-h410m-h-v3-motherboard,,,REVIEW,
252,MSI B450M-A PRO MAX II AMD AM4 Motherboard,msi,AMD,msi-b450m-a-pro-max-ii-amd-am4-motherboard,MB-MSI-MSI-B450M-A-PRO-MAX-II-AM4,https://www.startech.com.bd/msi-b450m-a-pro-max-ii-motherboard,,,REVIEW,
253,GIGABYTE B450M H AMD AM4 Micro-ATX Motherboard,gigabyte,AMD,gigabyte-b450m-h-amd-am4-micro-atx-motherboard,MB-GIGABYTE-GIGABYTE-B450M-H-AM4,https://www.startech.com.bd/gigabyte-b450m-h-ultra-durable-motherboard,,,REVIEW,
254,GIGABYTE H410M H V2 10th Gen Micro ATX Motherboard,gigabyte,Intel,gigabyte-h410m-h-v2-10th-gen-micro-atx-motherboard,MB-GIGABYTE-GIGABYTE-H410M-H-V2-10TH-GEN,https://www.startech.com.bd/gigabyte-h410m-h-v2-motherboard,,,REVIEW,
255,Asus H81M-K 4th Gen Motherboard,asus,Intel,asus-h81m-k-4th-gen-motherboard,MB-ASUS-ASUS-H81M-K-4TH-GEN,https://www.startech.com.bd/asus-h81m-k-4th-gen-motherboard,,,REVIEW,
256,Gigabyte A520M S2H AMD AM4 Micro ATX Motherboard,gigabyte,AMD,gigabyte-a520m-s2h-amd-am4-micro-atx-motherboard,MB-GIGABYTE-GIGABYTE-A520M-S2H-AM4,https://www.startech.com.bd/gigabyte-a520m-s2h-ultra-durable-motherboard,,,REVIEW,
257,GIGABYTE A520M H AM4 Micro ATX Motherboard,gigabyte,AMD,gigabyte-a520m-h-am4-micro-atx-motherboard,MB-GIGABYTE-GIGABYTE-A520M-H-AM4,https://www.startech.com.bd/gigabyte-a520m-h-motherboard,,,REVIEW,
258,Asus PRIME B450M-K II DDR4 AMD AM4 micro ATX Motherboard,asus,AMD,asus-prime-b450m-k-ii-ddr4-amd-am4-micro-atx-motherboard,MB-ASUS-ASUS-PRIME-B450M-K-II-AM4,https://www.startech.com.bd/asus-prime-b450m-k-ii-motherboard,,,REVIEW,
259,MSI PRO H510M-B II 10th Gen Micro-ATX Motherboard,msi,Intel,msi-pro-h510m-b-ii-10th-gen-micro-atx-motherboard,MB-MSI-MSI-PRO-H510M-B-II-10TH-GEN,https://www.startech.com.bd/msi-pro-h510m-b-ii-motherboard,,,REVIEW,
260,Asus Prime H510M-E/CSM Intel 11th and 10th Gen Micro ATX Motherboard,asus,Intel,asus-prime-h510m-e-csm-intel-11th-and-10th-gen-micro-atx-motherboard,MB-ASUS-ASUS-PRIME-H510M-E-CSM-11TH-AND-10TH-GEN,https://www.startech.com.bd/asus-prime-h510m-e-csm-motherboard,,,REVIEW,
261,Gigabyte H410M S2H 10th Gen Micro ATX Motherboard,gigabyte,Intel,gigabyte-h410m-s2h-10th-gen-micro-atx-motherboard,MB-GIGABYTE-GIGABYTE-H410M-S2H-10TH-GEN,https://www.startech.com.bd/gigabyte-h410m-s2h-motherboard,,,REVIEW,
262,MSI H510M-A PRO Intel 10th Gen and 11th Gen Micro-ATX Motherboard,msi,Intel,msi-h510m-a-pro-intel-10th-gen-and-11th-gen-micro-atx-motherboard,MB-MSI-MSI-H510M-A-PRO-10TH-GEN-AND-11TH-GEN,https://www.startech.com.bd/msi-h510m-a-pro-motherboard,,,REVIEW,
263,MSI H510M PLUS II 10th/11th Gen mATX Motherboard,msi,Intel,msi-h510m-plus-ii-10th-11th-gen-matx-motherboard,MB-MSI-MSI-H510M-PLUS-II-10TH-11TH-GEN,https://www.startech.com.bd/msi-h510m-plus-ii-motherboard,,,REVIEW,
264,Asus EX-H610M-V3 D4 mATX Motherboard,asus,Intel,asus-ex-h610m-v3-d4-matx-motherboard,MB-ASUS-ASUS-EX-H610M-V3-D4,https://www.startech.com.bd/asus-ex-h610m-v3-d4-motherboard,,,REVIEW,
265,ASUS PRIME H510M-K R2.0-SI Micro-ATX Motherboard (BULK),asus,Intel,asus-prime-h510m-k-r2-0-si-micro-atx-motherboard-bulk,MB-ASUS-ASUS-PRIME-H510M-K-R2-0-SI-BULK,https://www.startech.com.bd/asus-prime-h510m-k-r2-0-si-motherboard-bulk,,,REVIEW,
266,GIGABYTE H510M K Intel Micro ATX Motherboard,gigabyte,Intel,gigabyte-h510m-k-intel-micro-atx-motherboard,MB-GIGABYTE-GIGABYTE-H510M-K,https://www.startech.com.bd/gigabyte-h510m-k-motherboard,,,REVIEW,
267,Gigabyte B550M S2H AM4 AMD Micro ATX Motherboard,gigabyte,AMD,gigabyte-b550m-s2h-am4-amd-micro-atx-motherboard,MB-GIGABYTE-GIGABYTE-B550M-S2H-AM4,https://www.startech.com.bd/gigabyte-b550m-s2h-motherboard,,,REVIEW,
268,Gigabyte A520 Aorus Elite AMD AM4 ATX Gaming Motherboard,gigabyte,AMD,gigabyte-a520-aorus-elite-amd-am4-atx-gaming-motherboard,MB-GIGABYTE-GIGABYTE-A520-AORUS-ELITE-AM4-GAMING,https://www.startech.com.bd/gigabyte-a520-aorus-elite-motherboard,,,REVIEW,
269,GIGABYTE H510M S2H Intel 10th and11th Gen Micro ATX Motherboard,gigabyte,Intel,gigabyte-h510m-s2h-intel-10th-and11th-gen-micro-atx-motherboard,MB-GIGABYTE-GIGABYTE-H510M-S2H-10TH-AND11TH-GEN,https://www.startech.com.bd/gigabyte-h510m-s2h-motherboard,,,REVIEW,
270,"ASROCK H610M-H2/M.2 14th, 13th and 12th Gen mATX DDR4 Motherboard",asrock,Intel,asrock-h610m-h2-m-2-14th-13th-and-12th-gen-matx-ddr4-motherboard,MB-ASROCK-ASROCK-H610M-H2-M-2-14TH-13TH-AND-12TH-G,https://www.startech.com.bd/asrock-h610m-h2-m-2-matx-ddr4-motherboard,,,REVIEW,
271,GIGABYTE H510M K V2 11th/10th Gen mATX Motherboard,gigabyte,Intel,gigabyte-h510m-k-v2-11th-10th-gen-matx-motherboard,MB-GIGABYTE-GIGABYTE-H510M-K-V2-11TH-10TH-GEN,https://www.startech.com.bd/gigabyte-h510m-k-v2-motherboard,,,REVIEW,
272,GIGABYTE H510M H Intel 10th and 11th Gen Micro ATX Motherboard,gigabyte,Intel,gigabyte-h510m-h-intel-10th-and-11th-gen-micro-atx-motherboard,MB-GIGABYTE-GIGABYTE-H510M-H-10TH-AND-11TH-GEN,https://www.startech.com.bd/gigabyte-h510m-h-motherboard,,,REVIEW,
273,ASRock H610M-HDV/M.2 Micro ATX Motherboard,asrock,Intel,asrock-h610m-hdv-m-2-micro-atx-motherboard,MB-ASROCK-ASROCK-H610M-HDV-M-2,https://www.startech.com.bd/asrock-h610m-hdv-m-2-motherboard,,,REVIEW,
274,GIGABYTE H510M H V2 11th/10th Gen Micro ATX Motherboard,gigabyte,Intel,gigabyte-h510m-h-v2-11th-10th-gen-micro-atx-motherboard,MB-GIGABYTE-GIGABYTE-H510M-H-V2-11TH-10TH-GEN,https://www.startech.com.bd/gigabyte-h510m-h-v2-10th-gen-motherboard,,,REVIEW,
275,Gigabyte A520M DS3H Micro-ATX AMD AM4 Motherboard,gigabyte,AMD,gigabyte-a520m-ds3h-micro-atx-amd-am4-motherboard,MB-GIGABYTE-GIGABYTE-A520M-DS3H-AM4,https://www.startech.com.bd/gigabyte-a520m-ds3h-ultra-durable-motherboard,,,REVIEW,
276,MSI PRO H610M-B DDR4 Micro-ATX Motherboard,msi,Intel,msi-pro-h610m-b-ddr4-micro-atx-motherboard,MB-MSI-MSI-PRO-H610M-B,https://www.startech.com.bd/msi-pro-h610m-b-ddr4-motherboard,,,REVIEW,
277,ASUS PRIME H510M-F R3.0 LGA1200 Micro-ATX Motherboard,asus,Intel,asus-prime-h510m-f-r3-0-lga1200-micro-atx-motherboard,MB-ASUS-ASUS-PRIME-H510M-F-R3-0-LGA1200,https://www.startech.com.bd/asus-prime-h510m-f-r3-0-motherboard,,,REVIEW,
278,Asus PRIME H610M-CS D4 mATX Motherboard,asus,Intel,asus-prime-h610m-cs-d4-matx-motherboard,MB-ASUS-ASUS-PRIME-H610M-CS-D4,https://www.startech.com.bd/asus-prime-h610m-cs-d4-motherboard,,,REVIEW,
279,GIGABYTE H610M S2H DDR4 Micro ATX Motherboard,gigabyte,Intel,gigabyte-h610m-s2h-ddr4-micro-atx-motherboard,MB-GIGABYTE-GIGABYTE-H610M-S2H,https://www.startech.com.bd/gigabyte-h610m-s2h-ddr4-motherboard,,,REVIEW,
280,GIGABYTE A520M DS3H AC Ultra Durable AM4 Micro-ATX Motherboard,gigabyte,AMD,gigabyte-a520m-ds3h-ac-ultra-durable-am4-micro-atx-motherboard,MB-GIGABYTE-GIGABYTE-A520M-DS3H-AC-ULTRA-DURABLE-AM4,https://www.startech.com.bd/gigabyte-a520m-ds3h-ac-motherboard,,,REVIEW,
281,Gigabyte B450M DS3H V2 AMD AM4 Micro ATX Motherboard,gigabyte,AMD,gigabyte-b450m-ds3h-v2-amd-am4-micro-atx-motherboard,MB-GIGABYTE-GIGABYTE-B450M-DS3H-V2-AM4,https://www.startech.com.bd/gigabyte-b450m-ds3h-v2-motherboard,,,REVIEW,
282,GIGABYTE H610M H V2 DDR4 Micro ATX Motherboard,gigabyte,Intel,gigabyte-h610m-h-v2-ddr4-micro-atx-motherboard,MB-GIGABYTE-GIGABYTE-H610M-H-V2,https://www.startech.com.bd/gigabyte-h610m-h-v2-ddr4-motherboard,,,REVIEW,
283,MSI H310M Pro-M2 Intel 9th Gen Motherboard,msi,Intel,msi-h310m-pro-m2-intel-9th-gen-motherboard,MB-MSI-MSI-H310M-PRO-M2-9TH-GEN,https://www.startech.com.bd/msi-h310m-pro-m2-motherboard,,,REVIEW,
284,Colorful BATTLE-AX B550M-T PRO V14 AM4 mATX Motherboard,colorful,AMD,colorful-battle-ax-b550m-t-pro-v14-am4-matx-motherboard,MB-COLORFUL-COLORFUL-BATTLE-AX-B550M-T-PRO-V14-AM4,https://www.startech.com.bd/colorful-battle-ax-b550m-t-pro-v14-motherboard,,,REVIEW,
285,Colorful BATTLE-AX B760M-T PRO V20 mATX Motherboard,colorful,Intel,colorful-battle-ax-b760m-t-pro-v20-matx-motherboard,MB-COLORFUL-COLORFUL-BATTLE-AX-B760M-T-PRO-V20,https://www.startech.com.bd/colorful-battle-ax-b760m-t-pro-v20-motherboard,,,REVIEW,
286,Asus TUF Gaming A520M-Plus Micro ATX AM4 Motherboard,asus,AMD,asus-tuf-gaming-a520m-plus-micro-atx-am4-motherboard,MB-ASUS-ASUS-TUF-GAMING-A520M-PLUS-AM4,https://www.startech.com.bd/asus-tuf-gaming-a520m-plus-motherboard,,,REVIEW,
287,ASRock A620M-HDV/M.2 AM5 DDR5 Micro ATX Motherboard,asrock,AMD,asrock-a620m-hdv-m-2-am5-ddr5-micro-atx-motherboard,MB-ASROCK-ASROCK-A620M-HDV-M-2-AM5,https://www.startech.com.bd/asrock-a620m-hdv-m-2-am5-motherboard,,,REVIEW,
288,ASUS PRIME H610M-K D4 mATX Motherboard,asus,Intel,asus-prime-h610m-k-d4-matx-motherboard,MB-ASUS-ASUS-PRIME-H610M-K-D4,https://www.startech.com.bd/asus-prime-h610m-K-d4-motherboard,,,REVIEW,
289,Asus Prime B550M-K AM4 Micro ATX AMD Motherboard,asus,AMD,asus-prime-b550m-k-am4-micro-atx-amd-motherboard,MB-ASUS-ASUS-PRIME-B550M-K-AM4,https://www.startech.com.bd/asus-prime-b550m-k-amd-motherboard,,,REVIEW,
290,GIGABYTE B450M DS3H WIFI AM4 AMD Micro ATX Motherboard,gigabyte,AMD,gigabyte-b450m-ds3h-wifi-am4-amd-micro-atx-motherboard,MB-GIGABYTE-GIGABYTE-B450M-DS3H-AM4,https://www.startech.com.bd/gigabyte-b450m-ds3h-wifi-amd-motherboard,,,REVIEW,
291,GIGABYTE H610M S2H DDR5 mATX Motherboard,gigabyte,Intel,gigabyte-h610m-s2h-ddr5-matx-motherboard,MB-GIGABYTE-GIGABYTE-H610M-S2H,https://www.startech.com.bd/gigabyte-h610m-s2h-ddr5-motherboard,,,REVIEW,
292,MSI PRO B650M-E AM5 mATX Motherboard,msi,AMD,msi-pro-b650m-e-am5-matx-motherboard,MB-MSI-MSI-PRO-B650M-E-AM5,https://www.startech.com.bd/msi-pro-b650m-e-motherboard,,,REVIEW,
293,Colorful BATTLE-AX B650M-E PRO V14 AM5 mATX Motherboard,colorful,AMD,colorful-battle-ax-b650m-e-pro-v14-am5-matx-motherboard,MB-COLORFUL-COLORFUL-BATTLE-AX-B650M-E-PRO-V14-AM5,https://www.startech.com.bd/colorful-battle-ax-b650m-e-pro-v14-motherboard,,,REVIEW,
294,Gigabyte B550M DS3H AM4 AMD Micro ATX Motherboard,gigabyte,AMD,gigabyte-b550m-ds3h-am4-amd-micro-atx-motherboard,MB-GIGABYTE-GIGABYTE-B550M-DS3H-AM4,https://www.startech.com.bd/gigabyte-b550m-ds3h-motherboard,,,REVIEW,
295,Asus Prime B450M-A II AM4 Micro-ATX AMD Motherboard,asus,AMD,asus-prime-b450m-a-ii-am4-micro-atx-amd-motherboard,MB-ASUS-ASUS-PRIME-B450M-A-II-AM4,https://www.startech.com.bd/asus-prime-b450m-a-ii-motherboard,,,REVIEW,
296,Asrock B450M Steel Legend AMD Micro-ATX Motherboard,asrock,AMD,asrock-b450m-steel-legend-amd-micro-atx-motherboard,MB-ASROCK-ASROCK-B450M-STEEL-LEGEND,https://www.startech.com.bd/asrock-b450m-steel-legend-motherboard,,,REVIEW,
297,ASRock B550M Pro4 DDR4 AMD Motherboard,asrock,AMD,asrock-b550m-pro4-ddr4-amd-motherboard,MB-ASROCK-ASROCK-B550M-PRO4,https://www.startech.com.bd/asrock-b550m-pro4-amd-motherboard,,,REVIEW,
298,MSI PRO B760M-E DDR4 mATX Motherboard,msi,Intel,msi-pro-b760m-e-ddr4-matx-motherboard,MB-MSI-MSI-PRO-B760M-E,https://www.startech.com.bd/msi-pro-b760m-e-ddr4-motherboard,,,REVIEW,
299,ASRock B760M-HDV/M.2 D4 Micro ATX Motherboard,asrock,Intel,asrock-b760m-hdv-m-2-d4-micro-atx-motherboard,MB-ASROCK-ASROCK-B760M-HDV-M-2-D4,https://www.startech.com.bd/asrock-b760m-hdv-m-2-d4-motherboard,,,REVIEW,
300,MSI PRO H610M-G WIFI DDR4 m-ATX Motherboard,msi,Intel,msi-pro-h610m-g-wifi-ddr4-m-atx-motherboard,MB-MSI-MSI-PRO-H610M-G-M,https://www.startech.com.bd/msi-pro-h610m-g-wifi-ddr4-motherboard,,,REVIEW,
301,MSI PRO B550M-B AMD AM4 mATX Motherboard,msi,AMD,msi-pro-b550m-b-amd-am4-matx-motherboard,MB-MSI-MSI-PRO-B550M-B-AM4,https://www.startech.com.bd/msi-pro-b550m-b-motherboard,,,REVIEW,
302,Asus TUF GAMING A520M-PLUS WIFI AM4 AMD Micro ATX Motherboard,asus,AMD,asus-tuf-gaming-a520m-plus-wifi-am4-amd-micro-atx-motherboard,MB-ASUS-ASUS-TUF-GAMING-A520M-PLUS-AM4,https://www.startech.com.bd/asus-tuf-gaming-a520m-plus-wi-fi-motherboard,,,REVIEW,
303,GIGABYTE B760M K V2 DDR4 mATX Motherboard,gigabyte,Intel,gigabyte-b760m-k-v2-ddr4-matx-motherboard,MB-GIGABYTE-GIGABYTE-B760M-K-V2,https://www.startech.com.bd/gigabyte-b760m-k-v2-ddr4-motherboard,,,REVIEW,
304,GIGABYTE B550M DS3H AC Micro ATX AMD Motherboard,gigabyte,AMD,gigabyte-b550m-ds3h-ac-micro-atx-amd-motherboard,MB-GIGABYTE-GIGABYTE-B550M-DS3H-AC,https://www.startech.com.bd/gigabyte-b550m-ds3h-ac-ud-motherboard,,,REVIEW,
305,MSI PRO B760M-G DDR4 mATX Motherboard,msi,Intel,msi-pro-b760m-g-ddr4-matx-motherboard,MB-MSI-MSI-PRO-B760M-G,https://www.startech.com.bd/msi-pro-b760m-g-ddr4-motherboard,,,REVIEW,
306,ASRock B760M-HDV/M.2 DDR5 Micro ATX Motherboard,asrock,Intel,asrock-b760m-hdv-m-2-ddr5-micro-atx-motherboard,MB-ASROCK-ASROCK-B760M-HDV-M-2,https://www.startech.com.bd/asrock-b760m-hdv-m-2-ddr5-motherboard,,,REVIEW,
307,GIGABYTE A620M S2H AMD AM5 Micro-ATX Motherboard,gigabyte,AMD,gigabyte-a620m-s2h-amd-am5-micro-atx-motherboard,MB-GIGABYTE-GIGABYTE-A620M-S2H-AM5,https://www.startech.com.bd/gigabyte-a620m-s2h-motherboard,,,REVIEW,
308,GIGABYTE B550M DS3H AC R2 mATX AMD Motherboard,gigabyte,AMD,gigabyte-b550m-ds3h-ac-r2-matx-amd-motherboard,MB-GIGABYTE-GIGABYTE-B550M-DS3H-AC-R2,https://www.startech.com.bd/gigabyte-b550m-ds3h-ac-r2-motherboard,,,REVIEW,
309,Colorful CVN B550M GAMING FROZEN V15 AM4 mATX Motherboard,colorful,AMD,colorful-cvn-b550m-gaming-frozen-v15-am4-matx-motherboard,MB-COLORFUL-COLORFUL-CVN-B550M-GAMING-FROZEN-V15-AM4,https://www.startech.com.bd/colorful-cvn-b550m-gaming-frozen-v15-motherboard,,,REVIEW,
310,GIGABYTE B760M H DDR4 mATX Motherboard,gigabyte,Intel,gigabyte-b760m-h-ddr4-matx-motherboard,MB-GIGABYTE-GIGABYTE-B760M-H,https://www.startech.com.bd/gigabyte-b760m-h-ddr4-motherboard,,,REVIEW,
311,Asrock B450 Steel Legend AMD Motherboard,asrock,AMD,asrock-b450-steel-legend-amd-motherboard,MB-ASROCK-ASROCK-B450-STEEL-LEGEND,https://www.startech.com.bd/asrock-b450-steel-legend-motherboard,,,REVIEW,
312,MSI PRO B760M-P DDR4 mATX Motherboard,msi,Intel,msi-pro-b760m-p-ddr4-matx-motherboard,MB-MSI-MSI-PRO-B760M-P,https://www.startech.com.bd/msi-pro-b760m-p-ddr4-motherboard,,,REVIEW,
313,GIGABYTE B760M D2H DDR4 mATX Motherboard,gigabyte,Intel,gigabyte-b760m-d2h-ddr4-matx-motherboard,MB-GIGABYTE-GIGABYTE-B760M-D2H,https://www.startech.com.bd/gigabyte-b760m-d2h-ddr4-motherboard,,,REVIEW,
314,GIGABYTE B760M H DDR5 Micro ATX Motherboard,gigabyte,Intel,gigabyte-b760m-h-ddr5-micro-atx-motherboard,MB-GIGABYTE-GIGABYTE-B760M-H,https://www.startech.com.bd/gigabyte-b760m-h-ddr5-motherboard,,,REVIEW,
315,GIGABYTE B760M E DDR5 Micro ATX Motherboard,gigabyte,Intel,gigabyte-b760m-e-ddr5-micro-atx-motherboard,MB-GIGABYTE-GIGABYTE-B760M-E,https://www.startech.com.bd/gigabyte-b760m-e-motherboard,,,REVIEW,
316,MSI B550M Pro-VDH Wi-Fi AM4 AMD Micro-ATX Motherboard,msi,AMD,msi-b550m-pro-vdh-wi-fi-am4-amd-micro-atx-motherboard,MB-MSI-MSI-B550M-PRO-VDH-WI-FI-AM4,https://www.startech.com.bd/msi-b550m-pro-vdh-wi-fi-motherboard,,,REVIEW,
317,GIGABYTE B650M AORUS ELITE DDR5 AMD AM5 Micro-ATX Motherboard,gigabyte,AMD,gigabyte-b650m-aorus-elite-ddr5-amd-am5-micro-atx-motherboard,MB-GIGABYTE-GIGABYTE-B650M-AORUS-ELITE-AM5,https://www.startech.com.bd/gigabyte-b650m-aorus-elite-motherboard,,,REVIEW,
318,MSI PRO B760M-G mATX Motherboard,msi,Intel,msi-pro-b760m-g-matx-motherboard,MB-MSI-MSI-PRO-B760M-G,https://www.startech.com.bd/msi-pro-b760m-g-motherboard,,,REVIEW,
319,ASUS EX-B760M-V5 D4 mATX Motherboard,asus,Intel,asus-ex-b760m-v5-d4-matx-motherboard,MB-ASUS-ASUS-EX-B760M-V5-D4,https://www.startech.com.bd/asus-ex-b760m-v5-d4-motherboard,,,REVIEW,
320,MSI B550M GAMING PLUS WIFI6E AMD AM4 mATX Motherboard,msi,AMD,msi-b550m-gaming-plus-wifi6e-amd-am4-matx-motherboard,MB-MSI-MSI-B550M-GAMING-PLUS-E-AM4,https://www.startech.com.bd/msi-b550m-gaming-plus-wifi6e-motherboard,,,REVIEW,
321,GIGABYTE B550M GAMING X WIFI6 AM4 mATX Motherboard,gigabyte,AMD,gigabyte-b550m-gaming-x-wifi6-am4-matx-motherboard,MB-GIGABYTE-GIGABYTE-B550M-GAMING-X-AM4,https://www.startech.com.bd/gigabyte-b550m-gaming-x-wifi6-motherboard,,,REVIEW,
322,GIGABYTE B760M D2H mATX Motherboard,gigabyte,Intel,gigabyte-b760m-d2h-matx-motherboard,MB-GIGABYTE-GIGABYTE-B760M-D2H,https://www.startech.com.bd/gigabyte-b760m-d2h-motherboard,,,REVIEW,
323,MSI B550-A Pro AM4 AMD ATX Motherboard,msi,AMD,msi-b550-a-pro-am4-amd-atx-motherboard,MB-MSI-MSI-B550-A-PRO-AM4,https://www.startech.com.bd/msi-b550-a-pro-motherboard,,,REVIEW,
324,MSI MPG B550 Gaming Plus AM4 ATX Motherboard,msi,AMD,msi-mpg-b550-gaming-plus-am4-atx-motherboard,MB-MSI-MSI-MPG-B550-GAMING-PLUS-AM4,https://www.startech.com.bd/msi-mpg-b550-gaming-plus-motherboard,,,REVIEW,
325,GIGABYTE B760M DS3H DDR4 mATX Motherboard,gigabyte,Intel,gigabyte-b760m-ds3h-ddr4-matx-motherboard,MB-GIGABYTE-GIGABYTE-B760M-DS3H,https://www.startech.com.bd/gigabyte-b760m-ds3h-ddr4-motherboard,,,REVIEW,
326,Asus PRIME B760M-K mATX Motherboard,asus,Intel,asus-prime-b760m-k-matx-motherboard,MB-ASUS-ASUS-PRIME-B760M-K,https://www.startech.com.bd/asus-prime-b760m-k-motherboard,,,REVIEW,
327,GIGABYTE B760M DS3H mATX Motherboard,gigabyte,Intel,gigabyte-b760m-ds3h-matx-motherboard,MB-GIGABYTE-GIGABYTE-B760M-DS3H,https://www.startech.com.bd/gigabyte-b760m-ds3h-motherboard,,,REVIEW,
328,ASRock B760M Pro-A DDR5 Micro ATX Motherboard,asrock,Intel,asrock-b760m-pro-a-ddr5-micro-atx-motherboard,MB-ASROCK-ASROCK-B760M-PRO-A,https://www.startech.com.bd/asrock-b760m-pro-a-motherboard,,,REVIEW,
329,Colorful BATTLE-AX B650M-PLUS WIFI V15 AM5 mATX Motherboard,colorful,AMD,colorful-battle-ax-b650m-plus-wifi-v15-am5-matx-motherboard,MB-COLORFUL-COLORFUL-BATTLE-AX-B650M-PLUS-V15-AM5,https://www.startech.com.bd/colorful-battle-ax-b650m-plus-wifi-v15-motherboard,,,REVIEW,
330,Gigabyte B550 EAGLE WIFI6 AM4 ATX Motherboard,gigabyte,AMD,gigabyte-b550-eagle-wifi6-am4-atx-motherboard,MB-GIGABYTE-GIGABYTE-B550-EAGLE-AM4,https://www.startech.com.bd/gigabyte-b550-eagle-wifi6-motherboard,,,REVIEW,
331,ASRock B850M-X R2.0 WiFi AMD AM5 mATX Motherboard,asrock,AMD,asrock-b850m-x-r2-0-wifi-amd-am5-matx-motherboard,MB-ASROCK-ASROCK-B850M-X-R2-0-AM5,https://www.startech.com.bd/asrock-b850m-x-r-2-0-wifi-motherboard,,,REVIEW,
332,GIGABYTE B760M DS3H AX DDR4 mATX Motherboard,gigabyte,Intel,gigabyte-b760m-ds3h-ax-ddr4-matx-motherboard,MB-GIGABYTE-GIGABYTE-B760M-DS3H-AX,https://www.startech.com.bd/gigabyte-b760m-ds3h-ax-ddr4-motherboard,,,REVIEW,
333,GIGABYTE B760M DS3H AX mATX Motherboard,gigabyte,Intel,gigabyte-b760m-ds3h-ax-matx-motherboard,MB-GIGABYTE-GIGABYTE-B760M-DS3H-AX,https://www.startech.com.bd/gigabyte-b760m-ds3h-ax-motherboard,,,REVIEW,
334,ASRock B760 Pro RS/D4 ATX Motherboard,asrock,Intel,asrock-b760-pro-rs-d4-atx-motherboard,MB-ASROCK-ASROCK-B760-PRO-RS-D4,https://www.startech.com.bd/asrock-b760-pro-rs-d4-motherboard,,,REVIEW,
335,ASRock B650M PG Lightning AM5 Micro ATX Motherboard,asrock,AMD,asrock-b650m-pg-lightning-am5-micro-atx-motherboard,MB-ASROCK-ASROCK-B650M-PG-LIGHTNING-AM5,https://www.startech.com.bd/asrock-b650m-pg-lightning-am5-motherboard,,,REVIEW,
336,ASRock B850M-X WiFi AM5 DDR5 Micro ATX Motherboard,asrock,AMD,asrock-b850m-x-wifi-am5-ddr5-micro-atx-motherboard,MB-ASROCK-ASROCK-B850M-X-AM5,https://www.startech.com.bd/asrock-b850m-x-wifi-am5-ddr5-motherboard,,,REVIEW,
337,MSI PRO B760M-A WIFI DDR4 mATX Motherboard,msi,Intel,msi-pro-b760m-a-wifi-ddr4-matx-motherboard,MB-MSI-MSI-PRO-B760M-A,https://www.startech.com.bd/msi-pro-b760m-a-wifi-ddr4-motherboard,,,REVIEW,
338,ASRock B760M Pro RS DDR5 mATX Motherboard,asrock,Intel,asrock-b760m-pro-rs-ddr5-matx-motherboard,MB-ASROCK-ASROCK-B760M-PRO-RS,https://www.startech.com.bd/asrock-b760m-pro-rs-ddr5-matx-motherboard,,,REVIEW,
339,MSI PRO B840M-P WIFI6E AM5 mATX Motherboard,msi,AMD,msi-pro-b840m-p-wifi6e-am5-matx-motherboard,MB-MSI-MSI-PRO-B840M-P-E-AM5,https://www.startech.com.bd/msi-pro-b840m-p-wifi6e-motherboard,,,REVIEW,
340,MSI PRO H810I WIFI LGA 1851 Mini-ITX Motherboard,msi,Intel,msi-pro-h810i-wifi-lga-1851-mini-itx-motherboard,MB-MSI-MSI-PRO-H810I-LGA-1851,https://www.startech.com.bd/msi-pro-h810i-wifi-motherboard,,,REVIEW,
341,ASRock B650M PG Lightning WiFi AM5 Micro ATX Motherboard,asrock,AMD,asrock-b650m-pg-lightning-wifi-am5-micro-atx-motherboard,MB-ASROCK-ASROCK-B650M-PG-LIGHTNING-AM5,https://www.startech.com.bd/asrock-b650m-pg-lightning-wifi-am5-motherboard,,,REVIEW,
342,MSI PRO B760M-A DDR4 II mATX Motherboard,msi,Intel,msi-pro-b760m-a-ddr4-ii-matx-motherboard,MB-MSI-MSI-PRO-B760M-A-II,https://www.startech.com.bd/msi-pro-b760m-a-ddr4-ii-matx-motherboard,,,REVIEW,
343,MSI PRO B850M-G AM5 mATX Motherboard,msi,AMD,msi-pro-b850m-g-am5-matx-motherboard,MB-MSI-MSI-PRO-B850M-G-AM5,https://www.startech.com.bd/msi-pro-b850m-g-motherboard,,,REVIEW,
344,GIGABYTE B760M GAMING DDR4 Micro ATX Motherboard,gigabyte,Intel,gigabyte-b760m-gaming-ddr4-micro-atx-motherboard,MB-GIGABYTE-GIGABYTE-B760M-GAMING,https://www.startech.com.bd/gigabyte-b760m-gaming-ddr4-motherboard,,,REVIEW,
345,ASRock B760M Pro-A WiFi DDR5 Micro ATX Motherboard,asrock,Intel,asrock-b760m-pro-a-wifi-ddr5-micro-atx-motherboard,MB-ASROCK-ASROCK-B760M-PRO-A,https://www.startech.com.bd/asrock-b760m-pro-a-wifi-ddr5-micro-atx-motherboard,,,REVIEW,
346,Asus TUF GAMING B550M Plus WIFI II AMD AM4 microATX Motherboard,asus,AMD,asus-tuf-gaming-b550m-plus-wifi-ii-amd-am4-microatx-motherboard,MB-ASUS-ASUS-TUF-GAMING-B550M-PLUS-II-AM4,https://www.startech.com.bd/asus-tuf-gaming-b550m-plus-wifi-ii-motherboard,,,REVIEW,
347,MSI B760M BOMBER WIFI mATX Motherboard,msi,Intel,msi-b760m-bomber-wifi-matx-motherboard,MB-MSI-MSI-B760M-BOMBER,https://www.startech.com.bd/msi-b760m-bomber-wifi-motherboard,,,REVIEW,
348,MSI B760M GAMING PLUS WIFI 6E mATX Motherboard,msi,Intel,msi-b760m-gaming-plus-wifi-6e-matx-motherboard,MB-MSI-MSI-B760M-GAMING-PLUS-6E,https://www.startech.com.bd/msi-b760m-gaming-plus-motherboard,,,REVIEW,
349,GIGABYTE B760M DS3H WIFI6E GEN5 mATX Motherboard,gigabyte,Intel,gigabyte-b760m-ds3h-wifi6e-gen5-matx-motherboard,MB-GIGABYTE-GIGABYTE-B760M-DS3H-E-GEN5,https://www.startech.com.bd/gigabyte-b760m-ds3h-wifi6e-gen5-motherboard,,,REVIEW,
350,MSI B840M GAMING PLUS WIFI6E AM5 mATX Motherboard,msi,AMD,msi-b840m-gaming-plus-wifi6e-am5-matx-motherboard,MB-MSI-MSI-B840M-GAMING-PLUS-E-AM5,https://www.startech.com.bd/msi-b840m-gaming-plus-wifi6e-motherboard,,,REVIEW,
351,MSI PRO B760M-A WIFI mATX Motherboard,msi,Intel,msi-pro-b760m-a-wifi-matx-motherboard,MB-MSI-MSI-PRO-B760M-A,https://www.startech.com.bd/msi-pro-b760m-a-wifi-motherboard,,,REVIEW,
352,ASUS B760M-AYW WIFI D4 mATX Motherboard,asus,Intel,asus-b760m-ayw-wifi-d4-matx-motherboard,MB-ASUS-ASUS-B760M-AYW-D4,https://www.startech.com.bd/asus-b760m-ayw-wifi-d4-motherboard,,,REVIEW,
353,ASRock B650M Pro RS AM5 Micro ATX Motherboard,asrock,AMD,asrock-b650m-pro-rs-am5-micro-atx-motherboard,MB-ASROCK-ASROCK-B650M-PRO-RS-AM5,https://www.startech.com.bd/asrock-b650m-pro-rs-am5-motherboard,,,REVIEW,
354,GIGABYTE B760 DS3H ATX Motherboard,gigabyte,Intel,gigabyte-b760-ds3h-atx-motherboard,MB-GIGABYTE-GIGABYTE-B760-DS3H,https://www.startech.com.bd/gigabyte-b760-ds3h-motherboard,,,REVIEW,
355,Asus PRIME B760M-A WIFI mATX Motherboard,asus,Intel,asus-prime-b760m-a-wifi-matx-motherboard,MB-ASUS-ASUS-PRIME-B760M-A,https://www.startech.com.bd/asus-prime-b760m-a-wifi-motherboard,,,REVIEW,
356,Colorful CVN B760I FROZEN WIFI V20 ITX Motherboard,colorful,Intel,colorful-cvn-b760i-frozen-wifi-v20-itx-motherboard,MB-COLORFUL-COLORFUL-CVN-B760I-FROZEN-V20-ITX,https://www.startech.com.bd/colorful-cvn-b760i-frozen-wifi-v20-motherboard,,,REVIEW,
357,Asus PRIME B760M-A D4 mATX Motherboard,asus,Intel,asus-prime-b760m-a-d4-matx-motherboard,MB-ASUS-ASUS-PRIME-B760M-A-D4,https://www.startech.com.bd/asus-prime-b760m-a-d4-motherboard,,,REVIEW,
358,Gigabyte B840M DS3H WIFI6 AMD AM5 mATX Motherboard,gigabyte,AMD,gigabyte-b840m-ds3h-wifi6-amd-am5-matx-motherboard,MB-GIGABYTE-GIGABYTE-B840M-DS3H-AM5,https://www.startech.com.bd/gigabyte-b840m-ds3h-wifi6-motherboard,,,REVIEW,
359,GIGABYTE B760M GAMING X DDR4 mATX Motherboard,gigabyte,Intel,gigabyte-b760m-gaming-x-ddr4-matx-motherboard,MB-GIGABYTE-GIGABYTE-B760M-GAMING-X,https://www.startech.com.bd/gigabyte-b760m-gaming-x-ddr4-motherboard,,,REVIEW,
360,GIGABYTE B760M GAMING X AX DDR5 mATX Motherboard,gigabyte,Intel,gigabyte-b760m-gaming-x-ax-ddr5-matx-motherboard,MB-GIGABYTE-GIGABYTE-B760M-GAMING-X-AX,https://www.startech.com.bd/gigabyte-b760m-gaming-x-ax-ddr5-intel-motherboard,,,REVIEW,
361,Asus PRIME B760M-A mATX Motherboard,asus,Intel,asus-prime-b760m-a-matx-motherboard,MB-ASUS-ASUS-PRIME-B760M-A,https://www.startech.com.bd/asus-prime-b760m-a-motherboard,,,REVIEW,
362,ASRock B650M Pro RS WiFi AM5 Micro ATX Motherboard,asrock,AMD,asrock-b650m-pro-rs-wifi-am5-micro-atx-motherboard,MB-ASROCK-ASROCK-B650M-PRO-RS-AM5,https://www.startech.com.bd/asrock-b650m-pro-rs-wifi-am5-motherboard,,,REVIEW,
363,GIGABYTE B760M GAMING PLUS WIFI DDR4 Micro ATX Motherboard,gigabyte,Intel,gigabyte-b760m-gaming-plus-wifi-ddr4-micro-atx-motherboard,MB-GIGABYTE-GIGABYTE-B760M-GAMING-PLUS,https://www.startech.com.bd/gigabyte-b760m-gaming-plus-wifi-ddr4-motherboard,,,REVIEW,
364,MSI PRO B650M-A WIFI DDR5 AMD AM5 mATX Motherboard,msi,AMD,msi-pro-b650m-a-wifi-ddr5-amd-am5-matx-motherboard,MB-MSI-MSI-PRO-B650M-A-AM5,https://www.startech.com.bd/msi-pro-b650m-a-wifi-motherboard,,,REVIEW,
365,MSI PRO B650-S WIFI DDR5 AM5 ATX Motherboard,msi,AMD,msi-pro-b650-s-wifi-ddr5-am5-atx-motherboard,MB-MSI-MSI-PRO-B650-S-AM5,https://www.startech.com.bd/msi-pro-b650-s-wifi-motherboard,,,REVIEW,
366,GIGABYTE B760M GAMING X AX DDR4 mATX Motherboard,gigabyte,Intel,gigabyte-b760m-gaming-x-ax-ddr4-matx-motherboard,MB-GIGABYTE-GIGABYTE-B760M-GAMING-X-AX,https://www.startech.com.bd/gigabyte-b760m-gaming-x-ax-ddr4-motherboard,,,REVIEW,
367,GIGABYTE B760M GAMING DDR5 Micro ATX Motherboard,gigabyte,Intel,gigabyte-b760m-gaming-ddr5-micro-atx-motherboard,MB-GIGABYTE-GIGABYTE-B760M-GAMING,https://www.startech.com.bd/gigabyte-b760m-gaming-motherboard,,,REVIEW,
368,MSI PRO B650-P WIFI DDR5 AMD AM5 ATX Motherboard,msi,AMD,msi-pro-b650-p-wifi-ddr5-amd-am5-atx-motherboard,MB-MSI-MSI-PRO-B650-P-AM5,https://www.startech.com.bd/msi-pro-b650-p-wifi-motherboard,,,REVIEW,
369,MSI MAG B760M MORTAR DDR5 mATX Motherboard,msi,Intel,msi-mag-b760m-mortar-ddr5-matx-motherboard,MB-MSI-MSI-MAG-B760M-MORTAR,https://www.startech.com.bd/msi-mag-b760m-mortar-ddr5-motherboard,,,REVIEW,
370,GIGABYTE B760M GAMING X mATX Motherboard,gigabyte,Intel,gigabyte-b760m-gaming-x-matx-motherboard,MB-GIGABYTE-GIGABYTE-B760M-GAMING-X,https://www.startech.com.bd/gigabyte-b760m-gaming-x-motherboard,,,REVIEW,
371,MSI MAG B760M MORTAR II DDR5 mATX Motherboard,msi,Intel,msi-mag-b760m-mortar-ii-ddr5-matx-motherboard,MB-MSI-MSI-MAG-B760M-MORTAR-II,https://www.startech.com.bd/msi-mag-b760m-mortar-ii-motherboard,,,REVIEW,
372,GIGABYTE B650M DS3H DDR5 AMD AM5 Micro-ATX Motherboard,gigabyte,AMD,gigabyte-b650m-ds3h-ddr5-amd-am5-micro-atx-motherboard,MB-GIGABYTE-GIGABYTE-B650M-DS3H-AM5,https://www.startech.com.bd/gigabyte-b650m-ds3h-motherboard,,,REVIEW,
373,Colorful CVN B760M FROZEN WIFI V20 mATX Motherboard,colorful,Intel,colorful-cvn-b760m-frozen-wifi-v20-matx-motherboard,MB-COLORFUL-COLORFUL-CVN-B760M-FROZEN-V20,https://www.startech.com.bd/colorful-cvn-b760m-frozen-wifi-v20-motherboard,,,REVIEW,
374,Gigabyte B550 AORUS ELITE Gaming AMD Motherboard,gigabyte,AMD,gigabyte-b550-aorus-elite-gaming-amd-motherboard,MB-GIGABYTE-GIGABYTE-B550-AORUS-ELITE-GAMING,https://www.startech.com.bd/gigabyte-aorus-b550-elite-motherboard,,,REVIEW,
375,MSI PRO B760-P WIFI DDR4 ATX Motherboard,msi,Intel,msi-pro-b760-p-wifi-ddr4-atx-motherboard,MB-MSI-MSI-PRO-B760-P,https://www.startech.com.bd/msi-pro-b760-p-wifi-ddr4-motherboard,,,REVIEW,
376,MSI B650M GAMING PLUS WIFI AM5 Motherboard,msi,AMD,msi-b650m-gaming-plus-wifi-am5-motherboard,MB-MSI-MSI-B650M-GAMING-PLUS-AM5,https://www.startech.com.bd/msi-b650m-gaming-plus-wifi-motherboard,,,REVIEW,
377,Asus PRIME B760M-A WIFI D4 mATX Motherboard,asus,Intel,asus-prime-b760m-a-wifi-d4-matx-motherboard,MB-ASUS-ASUS-PRIME-B760M-A-D4,https://www.startech.com.bd/asus-prime-b760m-a-wifi-d4-motherboard,,,REVIEW,
378,ASUS TUF GAMING B760M-PLUS II LGA1700 Micro-ATX Motherboard,asus,Intel,asus-tuf-gaming-b760m-plus-ii-lga1700-micro-atx-motherboard,MB-ASUS-ASUS-TUF-GAMING-B760M-PLUS-II-LGA1700,https://www.startech.com.bd/asus-tuf-gaming-b760m-plus-ii-motherboard,,,REVIEW,
379,MSI MAG B760M MORTAR DDR4 mATX Motherboard,msi,Intel,msi-mag-b760m-mortar-ddr4-matx-motherboard,MB-MSI-MSI-MAG-B760M-MORTAR,https://www.startech.com.bd/msi-mag-b760m-mortar-ddr4-motherboard,,,REVIEW,
380,MSI B650 GAMING PLUS WIFI AMD AM5 Motherboard,msi,AMD,msi-b650-gaming-plus-wifi-amd-am5-motherboard,MB-MSI-MSI-B650-GAMING-PLUS-AM5,https://www.startech.com.bd/msi-b650-gaming-plus-wifi-motherboard,,,REVIEW,
381,GIGABYTE B760M AORUS ELITE AX DDR4 14th & 13th Gen mATX Motherboard,gigabyte,Intel,gigabyte-b760m-aorus-elite-ax-ddr4-14th-13th-gen-matx-motherboard,MB-GIGABYTE-GIGABYTE-B760M-AORUS-ELITE-AX-14TH-13TH-,https://www.startech.com.bd/gigabyte-b760m-aorus-elite-ax-ddr4-motherboard,,,REVIEW,
382,MSI PRO B850M-P WIFI AM5 mATX Motherboard,msi,AMD,msi-pro-b850m-p-wifi-am5-matx-motherboard,MB-MSI-MSI-PRO-B850M-P-AM5,https://www.startech.com.bd/msi-pro-b850m-p-wifi-motherboard,,,REVIEW,
383,MSI B850M GAMING WIFI7 AM5 mATX Motherboard,msi,AMD,msi-b850m-gaming-wifi7-am5-matx-motherboard,MB-MSI-MSI-B850M-GAMING-AM5,https://www.startech.com.bd/msi-b850m-gaming-wifi-motherboard,,,REVIEW,
384,GIGABYTE B760 AORUS ELITE DDR4 ATX Motherboard,gigabyte,Intel,gigabyte-b760-aorus-elite-ddr4-atx-motherboard,MB-GIGABYTE-GIGABYTE-B760-AORUS-ELITE,https://www.startech.com.bd/gigabyte-b760-aorus-elite-ddr4-motherboard,,,REVIEW,
385,GIGABYTE B760 GAMING X AX ATX Motherboard,gigabyte,Intel,gigabyte-b760-gaming-x-ax-atx-motherboard,MB-GIGABYTE-GIGABYTE-B760-GAMING-X-AX,https://www.startech.com.bd/gigabyte-b760-gaming-x-ax-motherboard,,,REVIEW,
386,GIGABYTE B760M AORUS ELITE DDR5 mATX Motherboard,gigabyte,Intel,gigabyte-b760m-aorus-elite-ddr5-matx-motherboard,MB-GIGABYTE-GIGABYTE-B760M-AORUS-ELITE,https://www.startech.com.bd/gigabyte-b760m-aorus-elite-motherboard,,,REVIEW,
387,MSI B850M GAMING PLUS WIFI7 AM5 mATX Motherboard,msi,AMD,msi-b850m-gaming-plus-wifi7-am5-matx-motherboard,MB-MSI-MSI-B850M-GAMING-PLUS-AM5,https://www.startech.com.bd/msi-b850m-gaming-plus-wifi-motherboard,,,REVIEW,
388,MSI PRO Z790-S WiFi DDR5 ATX Motherboard,msi,Intel,msi-pro-z790-s-wifi-ddr5-atx-motherboard,MB-MSI-MSI-PRO-Z790-S,https://www.startech.com.bd/msi-pro-z790-s-wifi-ddr5-atx-motherboard,,,REVIEW,
389,MSI B840 GAMING PLUS WIFI AMD AM5 ATX Motherboard,msi,AMD,msi-b840-gaming-plus-wifi-amd-am5-atx-motherboard,MB-MSI-MSI-B840-GAMING-PLUS-AM5,https://www.startech.com.bd/msi-b840-gaming-plus-wifi-motherboard,,,REVIEW,
390,Gigabyte B860M DS3H WIFI6E LGA1851 Micro ATX Motherboard,gigabyte,Intel,gigabyte-b860m-ds3h-wifi6e-lga1851-micro-atx-motherboard,MB-GIGABYTE-GIGABYTE-B860M-DS3H-E-LGA1851,https://www.startech.com.bd/gigabyte-b860m-ds3h-wifi6e-motherboard,,,REVIEW,
391,Asus TUF GAMING B760M-PLUS D4 Motherboard,asus,Intel,asus-tuf-gaming-b760m-plus-d4-motherboard,MB-ASUS-ASUS-TUF-GAMING-B760M-PLUS-D4,https://www.startech.com.bd/asus-tuf-gaming-b760m-plus-d4-motherboard,,,REVIEW,
392,ASRock B850M Pro-A WiFi AM5 DDR5 mATX Motherboard,asrock,AMD,asrock-b850m-pro-a-wifi-am5-ddr5-matx-motherboard,MB-ASROCK-ASROCK-B850M-PRO-A-AM5,https://www.startech.com.bd/asrock-b850m-pro-a-wifi-motherboard,,,REVIEW,
393,GIGABYTE B760 AORUS ELITE AX DDR4 ATX Motherboard,gigabyte,Intel,gigabyte-b760-aorus-elite-ax-ddr4-atx-motherboard,MB-GIGABYTE-GIGABYTE-B760-AORUS-ELITE-AX,https://www.startech.com.bd/gigabyte-b760-aorus-elite-ax-ddr4-motherboard,,,REVIEW,
394,Asus TUF GAMING B760M-E D4 mATX Motherboard,asus,Intel,asus-tuf-gaming-b760m-e-d4-matx-motherboard,MB-ASUS-ASUS-TUF-GAMING-B760M-E-D4,https://www.startech.com.bd/asus-tuf-gaming-b760m-e-d4-motherboard,,,REVIEW,
395,Asus TUF GAMING B760-PLUS WIFI D4 ATX Motherboard,asus,Intel,asus-tuf-gaming-b760-plus-wifi-d4-atx-motherboard,MB-ASUS-ASUS-TUF-GAMING-B760-PLUS-D4,https://www.startech.com.bd/asus-tuf-gaming-b760-plus-wifi-d4-motherboard,,,REVIEW,
396,MSI MAG B760M MORTAR MAX WIFI mATX Motherboard,msi,Intel,msi-mag-b760m-mortar-max-wifi-matx-motherboard,MB-MSI-MSI-MAG-B760M-MORTAR-MAX,https://www.startech.com.bd/msi-mag-b760m-mortar-max-wifi-motherboard,,,REVIEW,
397,GIGABYTE B650 UD AC AM5 ATX Motherboard,gigabyte,AMD,gigabyte-b650-ud-ac-am5-atx-motherboard,MB-GIGABYTE-GIGABYTE-B650-UD-AC-AM5,https://www.startech.com.bd/gigabyte-b650-ud-ac-motherboard,,,REVIEW,
398,GIGABYTE B760M AORUS ELITE AX DDR5 mATX Motherboard,gigabyte,Intel,gigabyte-b760m-aorus-elite-ax-ddr5-matx-motherboard,MB-GIGABYTE-GIGABYTE-B760M-AORUS-ELITE-AX,https://www.startech.com.bd/gigabyte-b760m-aorus-elite-ax-ddr5-motherboard,,,REVIEW,
399,Gigabyte B760 AORUS ELITE AX Wi-Fi DDR5 ATX Motherboard,gigabyte,Intel,gigabyte-b760-aorus-elite-ax-wi-fi-ddr5-atx-motherboard,MB-GIGABYTE-GIGABYTE-B760-AORUS-ELITE-AX-WI-FI,https://www.startech.com.bd/gigabyte-b760-aorus-elite-ax-motherboard,,,REVIEW,
400,GIGABYTE B650M GAMING X AX DDR5 AM5 Motherboard,gigabyte,AMD,gigabyte-b650m-gaming-x-ax-ddr5-am5-motherboard,MB-GIGABYTE-GIGABYTE-B650M-GAMING-X-AX-AM5,https://www.startech.com.bd/gigabyte-b650m-gaming-x-ax-motherboard,,,REVIEW,
401,GIGABYTE B760M AORUS ELITE X AX DDR5 mATX Motherboard,gigabyte,Intel,gigabyte-b760m-aorus-elite-x-ax-ddr5-matx-motherboard,MB-GIGABYTE-GIGABYTE-B760M-AORUS-ELITE-X-AX,https://www.startech.com.bd/gigabyte-b760m-aorus-elite-x-ax-motherboard,,,REVIEW,
402,MSI B860M GAMING PLUS WIFI LGA 1851 Micro ATX Motherboard,msi,Intel,msi-b860m-gaming-plus-wifi-lga-1851-micro-atx-motherboard,MB-MSI-MSI-B860M-GAMING-PLUS-LGA-1851,https://www.startech.com.bd/msi-b860m-gaming-plus-wifi-matx-motherboard,,,REVIEW,
403,MSI B860 GAMING PLUS WIFI LGA 1851 ATX Motherboard,msi,Intel,msi-b860-gaming-plus-wifi-lga-1851-atx-motherboard,MB-MSI-MSI-B860-GAMING-PLUS-LGA-1851,https://www.startech.com.bd/msi-b860-gaming-plus-wifi-atx-motherboard,,,REVIEW,
404,Asus TUF GAMING B760M-PLUS WIFI D4 Motherboard,asus,Intel,asus-tuf-gaming-b760m-plus-wifi-d4-motherboard,MB-ASUS-ASUS-TUF-GAMING-B760M-PLUS-D4,https://www.startech.com.bd/asus-tuf-gaming-b760m-plus-wifi-d4-motherboard,,,REVIEW,
405,MSI MAG B760M MORTAR MAX WIFI DDR4 mATX Motherboard,msi,Intel,msi-mag-b760m-mortar-max-wifi-ddr4-matx-motherboard,MB-MSI-MSI-MAG-B760M-MORTAR-MAX,https://www.startech.com.bd/msi-mag-b760m-mortar-max-wifi-ddr4-motherboard,,,REVIEW,
406,MSI B850M GAMING PLUS WIFI6E AM5 mATX Motherboard,msi,AMD,msi-b850m-gaming-plus-wifi6e-am5-matx-motherboard,MB-MSI-MSI-B850M-GAMING-PLUS-E-AM5,https://www.startech.com.bd/msi-b850m-gaming-plus-wifi6e-motherboard,,,REVIEW,
407,MSI MAG B760M MORTAR WIFI DDR5 mATX Motherboard,msi,Intel,msi-mag-b760m-mortar-wifi-ddr5-matx-motherboard,MB-MSI-MSI-MAG-B760M-MORTAR,https://www.startech.com.bd/msi-mag-b760m-mortar-wifi-ddr5-motherboard,,,REVIEW,
408,MSI MAG B760 TOMAHAWK WIFI DDR5 ATX Motherboard,msi,Intel,msi-mag-b760-tomahawk-wifi-ddr5-atx-motherboard,MB-MSI-MSI-MAG-B760-TOMAHAWK,https://www.startech.com.bd/msi-mag-b760-tomahawk-wifi-motherboard,,,REVIEW,
409,MSI PRO B850M-A WIFI AM5 mATX Motherboard,msi,AMD,msi-pro-b850m-a-wifi-am5-matx-motherboard,MB-MSI-MSI-PRO-B850M-A-AM5,https://www.startech.com.bd/msi-pro-b850m-a-wifi-motherboard,,,REVIEW,
410,MSI PRO B850-P WIFI AM5 ATX Motherboard,msi,AMD,msi-pro-b850-p-wifi-am5-atx-motherboard,MB-MSI-MSI-PRO-B850-P-AM5,https://www.startech.com.bd/msi-pro-b850-p-wifi-motherboard,,,REVIEW,
411,MSI MAG B760 TOMAHAWK WIFI DDR4 ATX Motherboard,msi,Intel,msi-mag-b760-tomahawk-wifi-ddr4-atx-motherboard,MB-MSI-MSI-MAG-B760-TOMAHAWK,https://www.startech.com.bd/msi-mag-b760-tomahawk-wifi-ddr4-motherboard,,,REVIEW,
412,MSI PRO Z790-A WIFI DDR4 ATX Motherboard,msi,Intel,msi-pro-z790-a-wifi-ddr4-atx-motherboard,MB-MSI-MSI-PRO-Z790-A,https://www.startech.com.bd/msi-pro-z790-a-wifi-ddr4-motherboard,,,REVIEW,
413,MSI PRO B860-P WIFI LGA 1851 ATX Motherboard,msi,Intel,msi-pro-b860-p-wifi-lga-1851-atx-motherboard,MB-MSI-MSI-PRO-B860-P-LGA-1851,https://www.startech.com.bd/msi-pro-b860-p-wifi-atx-motherboard,,,REVIEW,
414,GIGABYTE B650 AORUS ELITE AX ICE DDR5 AM5 ATX Motherboard,gigabyte,AMD,gigabyte-b650-aorus-elite-ax-ice-ddr5-am5-atx-motherboard,MB-GIGABYTE-GIGABYTE-B650-AORUS-ELITE-AX-ICE-AM5,https://www.startech.com.bd/gigabyte-b650-aorus-elite-ax-ice-motherboard,,,REVIEW,
415,GIGABYTE Z790 D DDR5 ATX Motherboard,gigabyte,Intel,gigabyte-z790-d-ddr5-atx-motherboard,MB-GIGABYTE-GIGABYTE-Z790-D,https://www.startech.com.bd/gigabyte-z790-d-ddr5-motherboard,,,REVIEW,
416,ASRock Z790 Pro RS/D4 ATX Motherboard,asrock,Intel,asrock-z790-pro-rs-d4-atx-motherboard,MB-ASROCK-ASROCK-Z790-PRO-RS-D4,https://www.startech.com.bd/asrock-z790-pro-rs-d4-motherboard,,,REVIEW,
417,Asus TUF GAMING B760-PLUS WIFI DDR5 ATX Motherboard,asus,Intel,asus-tuf-gaming-b760-plus-wifi-ddr5-atx-motherboard,MB-ASUS-ASUS-TUF-GAMING-B760-PLUS,https://www.startech.com.bd/asus-tuf-gaming-b760-plus-wifi-ddr5-motherboard,,,REVIEW,
418,GIGABYTE Z790 UD ATX Motherboard,gigabyte,Intel,gigabyte-z790-ud-atx-motherboard,MB-GIGABYTE-GIGABYTE-Z790-UD,https://www.startech.com.bd/gigabyte-z790-ud-motherboard,,,REVIEW,
419,GIGABYTE Z790 EAGLE DDR5 ATX Motherboard,gigabyte,Intel,gigabyte-z790-eagle-ddr5-atx-motherboard,MB-GIGABYTE-GIGABYTE-Z790-EAGLE,https://www.startech.com.bd/gigabyte-z790-eagle-atx-motherboard,,,REVIEW,
420,Asus PRIME B840M-A WIFI-CSM AM5 mATX Motherboard,asus,AMD,asus-prime-b840m-a-wifi-csm-am5-matx-motherboard,MB-ASUS-ASUS-PRIME-B840M-A-CSM-AM5,https://www.startech.com.bd/asus-prime-b840m-a-wifi-csm-motherboard,,,REVIEW,
421,GIGABYTE Z790 D AX DDR5 ATX Motherboard,gigabyte,Intel,gigabyte-z790-d-ax-ddr5-atx-motherboard,MB-GIGABYTE-GIGABYTE-Z790-D-AX,https://www.startech.com.bd/gigabyte-z790-d-ax-atx-motherboard,,,REVIEW,
422,GIGABYTE Z790 D AC DDR5 ATX Motherboard,gigabyte,Intel,gigabyte-z790-d-ac-ddr5-atx-motherboard,MB-GIGABYTE-GIGABYTE-Z790-D-AC,https://www.startech.com.bd/gigabyte-z790-d-ac-motherboard,,,REVIEW,
423,ASUS PRIME Z790-P D4-CSM ATX Motherboard,asus,Intel,asus-prime-z790-p-d4-csm-atx-motherboard,MB-ASUS-ASUS-PRIME-Z790-P-D4-CSM,https://www.startech.com.bd/asus-prime-z790-p-d4-csm-motherboard,,,REVIEW,
424,MSI MAG B650 TOMAHAWK WIFI DDR5 AMD AM5 ATX Motherboard,msi,AMD,msi-mag-b650-tomahawk-wifi-ddr5-amd-am5-atx-motherboard,MB-MSI-MSI-MAG-B650-TOMAHAWK-AM5,https://www.startech.com.bd/msi-mag-b650-tomahawk-wifi-motherboard,,,REVIEW,
425,GIGABYTE Z790 UD AX ATX Motherboard,gigabyte,Intel,gigabyte-z790-ud-ax-atx-motherboard,MB-GIGABYTE-GIGABYTE-Z790-UD-AX,https://www.startech.com.bd/gigabyte-z790-ud-ax-motherboard,,,REVIEW,
426,Asus TUF GAMING B650M-E WIFI AMD AM5 micro-ATX Motherboard,asus,AMD,asus-tuf-gaming-b650m-e-wifi-amd-am5-micro-atx-motherboard,MB-ASUS-ASUS-TUF-GAMING-B650M-E-AM5,https://www.startech.com.bd/asus-tuf-gaming-b650m-e-wifi-motherboard,,,REVIEW,
427,GIGABYTE Z790 EAGLE AX DDR5 ATX Motherboard,gigabyte,Intel,gigabyte-z790-eagle-ax-ddr5-atx-motherboard,MB-GIGABYTE-GIGABYTE-Z790-EAGLE-AX,https://www.startech.com.bd/gigabyte-z790-eagle-ax-motherboard,,,REVIEW,
428,ASUS PRIME Z790M-PLUS-CSM DDR5 mATX Motherboard,asus,Intel,asus-prime-z790m-plus-csm-ddr5-matx-motherboard,MB-ASUS-ASUS-PRIME-Z790M-PLUS-CSM,https://www.startech.com.bd/asus-prime-z790m-plus-csm-motherboard,,,REVIEW,
429,Asus TUF GAMING B650M-PLUS WIFI DDR5 AM5 mATX Motherboard,asus,AMD,asus-tuf-gaming-b650m-plus-wifi-ddr5-am5-matx-motherboard,MB-ASUS-ASUS-TUF-GAMING-B650M-PLUS-AM5,https://www.startech.com.bd/asus-tuf-gaming-b650m-plus-wifi-motherboard,,,REVIEW,
430,ASUS PRIME Z790-P WIFI D4-CSM ATX Motherboard,asus,Intel,asus-prime-z790-p-wifi-d4-csm-atx-motherboard,MB-ASUS-ASUS-PRIME-Z790-P-D4-CSM,https://www.startech.com.bd/asus-prime-z790-p-wifi-d4-csm-motherboard,,,REVIEW,
431,GIGABYTE Z790 AORUS ELITE DDR4 ATX Motherboard,gigabyte,Intel,gigabyte-z790-aorus-elite-ddr4-atx-motherboard,MB-GIGABYTE-GIGABYTE-Z790-AORUS-ELITE,https://www.startech.com.bd/gigabyte-z790-aorus-elite-ddr4-motherboard,,,REVIEW,
432,GIGABYTE Z790 GAMING X AX ATX Motherboard,gigabyte,Intel,gigabyte-z790-gaming-x-ax-atx-motherboard,MB-GIGABYTE-GIGABYTE-Z790-GAMING-X-AX,https://www.startech.com.bd/gigabyte-z790-gaming-x-ax-motherboard,,,REVIEW,
433,Asus ROG STRIX B760-I GAMING WIFI Mini-ITX Motherboard,asus,Intel,asus-rog-strix-b760-i-gaming-wifi-mini-itx-motherboard,MB-ASUS-ASUS-ROG-STRIX-B760-I-GAMING,https://www.startech.com.bd/asus-rog-strix-b760-i-gaming-wifi-motherboard,,,REVIEW,
434,GIGABYTE B650 AORUS ELITE AX V2 DDR5 AMD AM5 ATX Motherboard,gigabyte,AMD,gigabyte-b650-aorus-elite-ax-v2-ddr5-amd-am5-atx-motherboard,MB-GIGABYTE-GIGABYTE-B650-AORUS-ELITE-AX-V2-AM5,https://www.startech.com.bd/gigabyte-b650-aorus-elite-ax-v2-motherboard,,,REVIEW,
435,MSI PRO Z890-S WIFI6E LGA 1851 ATX Motherboard,msi,Intel,msi-pro-z890-s-wifi6e-lga-1851-atx-motherboard,MB-MSI-MSI-PRO-Z890-S-E-LGA-1851,https://www.startech.com.bd/msi-pro-z890-s-wifi6e-motherboard,,,REVIEW,
436,MSI MPG B650I EDGE WIFI DDR5 AMD AM5 Mini-ITX Motherboard,msi,AMD,msi-mpg-b650i-edge-wifi-ddr5-amd-am5-mini-itx-motherboard,MB-MSI-MSI-MPG-B650I-EDGE-AM5,https://www.startech.com.bd/msi-mpg-b650i-edge-wifi-motherboard,,,REVIEW,
437,GIGABYTE B650 AORUS ELITE AX DDR5 AMD AM5 ATX Motherboard,gigabyte,AMD,gigabyte-b650-aorus-elite-ax-ddr5-amd-am5-atx-motherboard,MB-GIGABYTE-GIGABYTE-B650-AORUS-ELITE-AX-AM5,https://www.startech.com.bd/gigabyte-b650-aorus-elite-ax-motherboard,,,REVIEW,
438,ASRock B850 STEEL LEGEND WIFI AM5 DDR5 ATX Motherboard,asrock,AMD,asrock-b850-steel-legend-wifi-am5-ddr5-atx-motherboard,MB-ASROCK-ASROCK-B850-STEEL-LEGEND-AM5,https://www.startech.com.bd/asrock-b850-steel-legend-wifi-motherboard,,,REVIEW,
439,MSI PRO Z790-A MAX WIFI DDR5 ATX Motherboard,msi,Intel,msi-pro-z790-a-max-wifi-ddr5-atx-motherboard,MB-MSI-MSI-PRO-Z790-A-MAX,https://www.startech.com.bd/msi-pro-z790-a-max-wifi-motherboard,,,REVIEW,
440,ASUS PRIME Z790-P-CSM ATX Motherboard,asus,Intel,asus-prime-z790-p-csm-atx-motherboard,MB-ASUS-ASUS-PRIME-Z790-P-CSM,https://www.startech.com.bd/asus-prime-z790-p-csm-motherboard,,,REVIEW,
441,Asus TUF GAMING B650-PLUS DDR5 AM5 ATX Motherboard,asus,AMD,asus-tuf-gaming-b650-plus-ddr5-am5-atx-motherboard,MB-ASUS-ASUS-TUF-GAMING-B650-PLUS-AM5,https://www.startech.com.bd/asus-tuf-gaming-b650-plus-motherboard,,,REVIEW,
442,ASRock Z890 Pro-A WiFi LGA1851 DDR5 ATX Motherboard,asrock,Intel,asrock-z890-pro-a-wifi-lga1851-ddr5-atx-motherboard,MB-ASROCK-ASROCK-Z890-PRO-A-LGA1851,https://www.startech.com.bd/asrock-z890-pro-a-wifi-lga1851-motherboard,,,REVIEW,
443,MSI MAG B860 TOMAHAWK WIFI LGA 1851 ATX Motherboard,msi,Intel,msi-mag-b860-tomahawk-wifi-lga-1851-atx-motherboard,MB-MSI-MSI-MAG-B860-TOMAHAWK-LGA-1851,https://www.startech.com.bd/msi-mag-b860-tomahawk-wifi-motherboard,,,REVIEW,
444,MSI Z790 GAMING PRO WIFI ATX Motherboard,msi,Intel,msi-z790-gaming-pro-wifi-atx-motherboard,MB-MSI-MSI-Z790-GAMING-PRO,https://www.startech.com.bd/msi-z790-gaming-pro-wifi-motherboard,,,REVIEW,
445,MSI MAG B860M MORTAR WIFI LGA 1851 mATX Motherboard,msi,Intel,msi-mag-b860m-mortar-wifi-lga-1851-matx-motherboard,MB-MSI-MSI-MAG-B860M-MORTAR-LGA-1851,https://www.startech.com.bd/msi-mag-b860m-mortar-wifi-motherboard,,,REVIEW,
446,MSI PRO Z790-A WIFI DDR5 ATX Motherboard,msi,Intel,msi-pro-z790-a-wifi-ddr5-atx-motherboard,MB-MSI-MSI-PRO-Z790-A,https://www.startech.com.bd/msi-pro-z790-a-wifi-ddr5-atx-motherboard,,,REVIEW,
447,GIGABYTE B850 AORUS ELITE WIFI7 DDR5 AMD AM5 ATX Motherboard,gigabyte,AMD,gigabyte-b850-aorus-elite-wifi7-ddr5-amd-am5-atx-motherboard,MB-GIGABYTE-GIGABYTE-B850-AORUS-ELITE-AM5,https://www.startech.com.bd/gigabyte-b850-aorus-elite-wifi7-motherboard,,,REVIEW,
448,Asus TUF GAMING B650-PLUS WIFI DDR5 AM5 ATX Motherboard,asus,AMD,asus-tuf-gaming-b650-plus-wifi-ddr5-am5-atx-motherboard,MB-ASUS-ASUS-TUF-GAMING-B650-PLUS-AM5,https://www.startech.com.bd/asus-tuf-gaming-b650-plus-wifi-motherboard,,,REVIEW,
449,MSI PRO X870E-P WIFI AM5 ATX Motherboard,msi,AMD,msi-pro-x870e-p-wifi-am5-atx-motherboard,MB-MSI-MSI-PRO-X870E-P-AM5,https://www.startech.com.bd/msi-pro-x870e-p-wifi-motherboard,,,REVIEW,
450,GIGABYTE X870 GAMING X WIFI7 DDR5 AMD AM5 ATX Motherboard,gigabyte,AMD,gigabyte-x870-gaming-x-wifi7-ddr5-amd-am5-atx-motherboard,MB-GIGABYTE-GIGABYTE-X870-GAMING-X-AM5,https://www.startech.com.bd/gigabyte-x870-gaming-x-wifi7-am5-motherboard,,,REVIEW,
451,Gigabyte Z890 EAGLE WIFI7 LGA 1851 ATX Motherboard,gigabyte,Intel,gigabyte-z890-eagle-wifi7-lga-1851-atx-motherboard,MB-GIGABYTE-GIGABYTE-Z890-EAGLE-LGA-1851,https://www.startech.com.bd/gigabyte-z890-eagle-wifi7-atx-motherboard,,,REVIEW,
452,Asus ROG STRIX B760-A GAMING WIFI DDR5 ATX Motherboard,asus,Intel,asus-rog-strix-b760-a-gaming-wifi-ddr5-atx-motherboard,MB-ASUS-ASUS-ROG-STRIX-B760-A-GAMING,https://www.startech.com.bd/asus-rog-strix-b760-a-gaming-wifi-motherboard,,,REVIEW,
453,ASUS TUF GAMING B760M-BTF WIFI micro-ATX Motherboard,asus,Intel,asus-tuf-gaming-b760m-btf-wifi-micro-atx-motherboard,MB-ASUS-ASUS-TUF-GAMING-B760M-BTF,https://www.startech.com.bd/asus-tuf-gaming-b760m-btf-wifi-motherboard,,,REVIEW,
454,MSI PRO Z890-P WIFI LGA 1851 ATX Motherboard,msi,Intel,msi-pro-z890-p-wifi-lga-1851-atx-motherboard,MB-MSI-MSI-PRO-Z890-P-LGA-1851,https://www.startech.com.bd/msi-pro-z890-p-wifi-atx-motherboard,,,REVIEW,
455,MSI PRO Z890-S WIFI LGA 1851 ATX Motherboard,msi,Intel,msi-pro-z890-s-wifi-lga-1851-atx-motherboard,MB-MSI-MSI-PRO-Z890-S-LGA-1851,https://www.startech.com.bd/msi-pro-z890-s-wifi-motherboard,,,REVIEW,
456,MSI MAG Z790 TOMAHAWK WIFI DDR4 ATX Motherboard,msi,Intel,msi-mag-z790-tomahawk-wifi-ddr4-atx-motherboard,MB-MSI-MSI-MAG-Z790-TOMAHAWK,https://www.startech.com.bd/msi-mag-z790-tomahawk-wifi-ddr4-atx-motherboard,,,REVIEW,
457,Asus TUF GAMING B850-PLUS WIFI ATX Motherboard,asus,,asus-tuf-gaming-b850-plus-wifi-atx-motherboard,MB-ASUS-ASUS-TUF-GAMING-B850-PLUS,https://www.startech.com.bd/asus-tuf-gaming-b850-plus-wifi-motherboard,,,REVIEW,
458,MSI MAG B850 TOMAHAWK MAX WIFI AM5 ATX Motherboard,msi,AMD,msi-mag-b850-tomahawk-max-wifi-am5-atx-motherboard,MB-MSI-MSI-MAG-B850-TOMAHAWK-MAX-AM5,https://www.startech.com.bd/msi-mag-b850-tomahawk-max-wifi-motherboard,,,REVIEW,
459,ASUS TUF GAMING Z790-PLUS WIFI D4 ATX Motherboard,asus,Intel,asus-tuf-gaming-z790-plus-wifi-d4-atx-motherboard,MB-ASUS-ASUS-TUF-GAMING-Z790-PLUS-D4,https://www.startech.com.bd/asus-tuf-gaming-z790-plus-wifi-d4-motherboard,,,REVIEW,
460,GIGABYTE Z790 AORUS ELITE ATX Motherboard,gigabyte,Intel,gigabyte-z790-aorus-elite-atx-motherboard,MB-GIGABYTE-GIGABYTE-Z790-AORUS-ELITE,https://www.startech.com.bd/gigabyte-z790-aorus-elite-motherboard,,,REVIEW,
461,ASUS ROG STRIX B760-F GAMING WIFI DDR5 Motherboard,asus,Intel,asus-rog-strix-b760-f-gaming-wifi-ddr5-motherboard,MB-ASUS-ASUS-ROG-STRIX-B760-F-GAMING,https://www.startech.com.bd/asus-rog-strix-b760-f-gaming-wifi-ddr5-motherboard,,,REVIEW,
462,MSI X870 GAMING PLUS WIFI AM5 Motherboard,msi,AMD,msi-x870-gaming-plus-wifi-am5-motherboard,MB-MSI-MSI-X870-GAMING-PLUS-AM5,https://www.startech.com.bd/msi-x870-gaming-plus-wifi-motherboard,,,REVIEW,
463,ASUS Z790-AYW WIFI W II LGA1700 ATX Motherboard,asus,Intel,asus-z790-ayw-wifi-w-ii-lga1700-atx-motherboard,MB-ASUS-ASUS-Z790-AYW-W-II-LGA1700,https://www.startech.com.bd/asus-z790-ayw-wifi-w-ii-motherboard,,,REVIEW,
464,GIGABYTE Z790 AORUS ELITE AX ICE ATX Motherboard,gigabyte,Intel,gigabyte-z790-aorus-elite-ax-ice-atx-motherboard,MB-GIGABYTE-GIGABYTE-Z790-AORUS-ELITE-AX-ICE,https://www.startech.com.bd/gigabyte-z790-aorus-elite-ax-ice-atx-motherboard,,,REVIEW,
465,ASUS ProArt B650-CREATOR AM5 DDR5 ATX Motherboard,asus,AMD,asus-proart-b650-creator-am5-ddr5-atx-motherboard,MB-ASUS-ASUS-PROART-B650-CREATOR-AM5,https://www.startech.com.bd/asus-proart-b650-creator-atx-motherboard,,,REVIEW,
466,MSI MPG B850 EDGE TI WIFI AM5 ATX Motherboard,msi,AMD,msi-mpg-b850-edge-ti-wifi-am5-atx-motherboard,MB-MSI-MSI-MPG-B850-EDGE-TI-AM5,https://www.startech.com.bd/msi-mpg-b850-edge-ti-wifi-motherboard,,,REVIEW,
467,GIGABYTE Z790 AORUS ELITE X AX ATX Motherboard,gigabyte,Intel,gigabyte-z790-aorus-elite-x-ax-atx-motherboard,MB-GIGABYTE-GIGABYTE-Z790-AORUS-ELITE-X-AX,https://www.startech.com.bd/gigabyte-z790-aorus-elite-x-ax-motherboard,,,REVIEW,
468,GIGABYTE X670 GAMING X AX DDR5 AMD AM5 ATX Motherboard,gigabyte,AMD,gigabyte-x670-gaming-x-ax-ddr5-amd-am5-atx-motherboard,MB-GIGABYTE-GIGABYTE-X670-GAMING-X-AX-AM5,https://www.startech.com.bd/gigabyte-x670-gaming-x-ax-motherboard,,,REVIEW,
469,MSI MAG Z790 TOMAHAWK MAX WIFI ATX Motherboard,msi,Intel,msi-mag-z790-tomahawk-max-wifi-atx-motherboard,MB-MSI-MSI-MAG-Z790-TOMAHAWK-MAX,https://www.startech.com.bd/msi-mag-z790-tomahawk-max-wifi-motherboard,,,REVIEW,
470,Gigabyte Z890 AORUS ELITE WIFI7 LGA 1851 ATX Motherboard,gigabyte,Intel,gigabyte-z890-aorus-elite-wifi7-lga-1851-atx-motherboard,MB-GIGABYTE-GIGABYTE-Z890-AORUS-ELITE-LGA-1851,https://www.startech.com.bd/gigabyte-z890-aorus-elite-wifi7-atx-motherboard,,,REVIEW,
471,Asus ROG STRIX B650-A GAMING WIFI DDR5 AM5 ATX Motherboard,asus,AMD,asus-rog-strix-b650-a-gaming-wifi-ddr5-am5-atx-motherboard,MB-ASUS-ASUS-ROG-STRIX-B650-A-GAMING-AM5,https://www.startech.com.bd/asus-rog-strix-b650-a-gaming-wifi-motherboard,,,REVIEW,
472,GIGABYTE Z790 AORUS ELITE X WIFI7 ATX Motherboard,gigabyte,Intel,gigabyte-z790-aorus-elite-x-wifi7-atx-motherboard,MB-GIGABYTE-GIGABYTE-Z790-AORUS-ELITE-X,https://www.startech.com.bd/gigabyte-z790-aorus-elite-x-wifi7-motherboard,,,REVIEW,
473,MSI MPG Z790 EDGE TI MAX WIFI DDR5 ATX Motherboard,msi,Intel,msi-mpg-z790-edge-ti-max-wifi-ddr5-atx-motherboard,MB-MSI-MSI-MPG-Z790-EDGE-TI-MAX,https://www.startech.com.bd/msi-mpg-z790-edge-ti-max-wifi-motherboard,,,REVIEW,
474,Asus ROG STRIX B860-F GAMING WIFI LGA 1851 ATX Motherboard,asus,Intel,asus-rog-strix-b860-f-gaming-wifi-lga-1851-atx-motherboard,MB-ASUS-ASUS-ROG-STRIX-B860-F-GAMING-LGA-1851,https://www.startech.com.bd/asus-rog-strix-b860-f-gaming-wifi-motherboard,,,REVIEW,
475,Gigabyte Z890 AORUS ELITE WIFI7 ICE LGA 1851 ATX Motherboard,gigabyte,Intel,gigabyte-z890-aorus-elite-wifi7-ice-lga-1851-atx-motherboard,MB-GIGABYTE-GIGABYTE-Z890-AORUS-ELITE-ICE-LGA-1851,https://www.startech.com.bd/gigabyte-z890-aorus-elite-wifi7-ice-atx-motherboard,,,REVIEW,
476,GIGABYTE Z790 AERO G ATX Motherboard,gigabyte,Intel,gigabyte-z790-aero-g-atx-motherboard,MB-GIGABYTE-GIGABYTE-Z790-AERO-G,https://www.startech.com.bd/gigabyte-z790-aero-g-motherboard,,,REVIEW,
477,GIGABYTE X870 AORUS ELITE WIFI7 ICE DDR5 AMD AM5 ATX Motherboard,gigabyte,AMD,gigabyte-x870-aorus-elite-wifi7-ice-ddr5-amd-am5-atx-motherboard,MB-GIGABYTE-GIGABYTE-X870-AORUS-ELITE-ICE-AM5,https://www.startech.com.bd/gigabyte-x870-aorus-elite-wifi7-ice-am5-motherboard,,,REVIEW,
478,GIGABYTE X870 AORUS ELITE WIFI7 DDR5 AMD AM5 ATX Motherboard,gigabyte,AMD,gigabyte-x870-aorus-elite-wifi7-ddr5-amd-am5-atx-motherboard,MB-GIGABYTE-GIGABYTE-X870-AORUS-ELITE-AM5,https://www.startech.com.bd/gigabyte-x870-aorus-elite-wifi7-atx-motherboard,,,REVIEW,
479,Asus ROG STRIX B650E-F GAMING WIFI DDR5 AM5 ATX Motherboard,asus,AMD,asus-rog-strix-b650e-f-gaming-wifi-ddr5-am5-atx-motherboard,MB-ASUS-ASUS-ROG-STRIX-B650E-F-GAMING-AM5,https://www.startech.com.bd/asus-rog-strix-b650e-f-gaming-wifi-motherboard,,,REVIEW,
480,Asus ROG STRIX B850-F GAMING WIFI AM5 ATX Motherboard,asus,AMD,asus-rog-strix-b850-f-gaming-wifi-am5-atx-motherboard,MB-ASUS-ASUS-ROG-STRIX-B850-F-GAMING-AM5,https://www.startech.com.bd/asus-rog-strix-b850-f-gaming-wifi-motherboard,,,REVIEW,
481,MSI MAG X870 TOMAHAWK WIFI AM5 Motherboard,msi,AMD,msi-mag-x870-tomahawk-wifi-am5-motherboard,MB-MSI-MSI-MAG-X870-TOMAHAWK-AM5,https://www.startech.com.bd/msi-mag-x870-tomahawk-wifi-motherboard,,,REVIEW,
482,Gigabyte Z890 AORUS ELITE X ICE WIFI7 LGA 1851 ATX Motherboard,gigabyte,Intel,gigabyte-z890-aorus-elite-x-ice-wifi7-lga-1851-atx-motherboard,MB-GIGABYTE-GIGABYTE-Z890-AORUS-ELITE-X-ICE-LGA-1851,https://www.startech.com.bd/gigabyte-z890-aorus-elite-x-ice-motherboard,,,REVIEW,
483,ASUS TUF GAMING Z790-PLUS WIFI DDR5 Motherboard,asus,Intel,asus-tuf-gaming-z790-plus-wifi-ddr5-motherboard,MB-ASUS-ASUS-TUF-GAMING-Z790-PLUS,https://www.startech.com.bd/asus-tuf-gaming-z790-plus-wifi-ddr5-motherboard,,,REVIEW,
484,Asus Pro WS W680-ACE ATX Motherboard,asus,Intel,asus-pro-ws-w680-ace-atx-motherboard,MB-ASUS-ASUS-PRO-WS-W680-ACE,https://www.startech.com.bd/asus-pro-ws-w680-ace-motherboard,,,REVIEW,
485,MSI MAG X870E TOMAHAWK WIFI AM5 ATX Motherboard,msi,AMD,msi-mag-x870e-tomahawk-wifi-am5-atx-motherboard,MB-MSI-MSI-MAG-X870E-TOMAHAWK-AM5,https://www.startech.com.bd/msi-mag-x870e-tomahawk-wifi-motherboard,,,REVIEW,
486,MSI MAG Z890 TOMAHAWK WIFI LGA 1851 ATX Motherboard,msi,Intel,msi-mag-z890-tomahawk-wifi-lga-1851-atx-motherboard,MB-MSI-MSI-MAG-Z890-TOMAHAWK-LGA-1851,https://www.startech.com.bd/msi-mag-z890-tomahawk-wifi-atx-motherboard,,,REVIEW,
487,Asus ROG STRIX Z790-H GAMING WIFI DDR5 ATX Motherboard,asus,Intel,asus-rog-strix-z790-h-gaming-wifi-ddr5-atx-motherboard,MB-ASUS-ASUS-ROG-STRIX-Z790-H-GAMING,https://www.startech.com.bd/asus-rog-strix-z790-h-gaming-wifi-ddr5-motherboard,,,REVIEW,
488,ASUS TUF GAMING Z790-BTF WIFI ATX Motherboard,asus,Intel,asus-tuf-gaming-z790-btf-wifi-atx-motherboard,MB-ASUS-ASUS-TUF-GAMING-Z790-BTF,https://www.startech.com.bd/asus-tuf-gaming-z790-btf-wifi-motherboard,,,REVIEW,
489,MSI MPG X870E EDGE TI WIFI AM5 ATX Motherboard,msi,AMD,msi-mpg-x870e-edge-ti-wifi-am5-atx-motherboard,MB-MSI-MSI-MPG-X870E-EDGE-TI-AM5,https://www.startech.com.bd/msi-mpg-x870e-edge-ti-wifi-motherboard,,,REVIEW,
490,GIGABYTE Z790 AORUS PRO X ATX Motherboard,gigabyte,Intel,gigabyte-z790-aorus-pro-x-atx-motherboard,MB-GIGABYTE-GIGABYTE-Z790-AORUS-PRO-X,https://www.startech.com.bd/gigabyte-z790-aorus-pro-x-atx-motherboard,,,REVIEW,
491,GIGABYTE X870E AORUS PRO ICE DDR5 AM5 ATX Motherboard,gigabyte,AMD,gigabyte-x870e-aorus-pro-ice-ddr5-am5-atx-motherboard,MB-GIGABYTE-GIGABYTE-X870E-AORUS-PRO-ICE-AM5,https://www.startech.com.bd/gigabyte-x870e-aorus-pro-ice-atx-motherboard,,,REVIEW,
492,GIGABYTE X870E AORUS PRO DDR5 AM5 ATX Motherboard,gigabyte,AMD,gigabyte-x870e-aorus-pro-ddr5-am5-atx-motherboard,MB-GIGABYTE-GIGABYTE-X870E-AORUS-PRO-AM5,https://www.startech.com.bd/gigabyte-x870e-aorus-pro-atx-motherboard,,,REVIEW,
493,MSI MPG X670E CARBON WIFI DDR5 AMD AM5 ATX Motherboard,msi,AMD,msi-mpg-x670e-carbon-wifi-ddr5-amd-am5-atx-motherboard,MB-MSI-MSI-MPG-X670E-CARBON-AM5,https://www.startech.com.bd/msi-mpg-x670e-carbon-wifi-motherboard,,,REVIEW,
494,Asus ROG STRIX Z790-A GAMING WIFI DDR5 ATX Motherboard,asus,Intel,asus-rog-strix-z790-a-gaming-wifi-ddr5-atx-motherboard,MB-ASUS-ASUS-ROG-STRIX-Z790-A-GAMING,https://www.startech.com.bd/asus-rog-strix-z790-a-gaming-wifi-motherboard,,,REVIEW,
495,GIGABYTE Z790 AORUS MASTER E-ATX Motherboard,gigabyte,Intel,gigabyte-z790-aorus-master-e-atx-motherboard,MB-GIGABYTE-GIGABYTE-Z790-AORUS-MASTER-E,https://www.startech.com.bd/gigabyte-z790-aorus-master-motherboard,,,REVIEW,
496,MSI MPG X870E CARBON WIFI AMD AM5 DDR5 ATX Motherboard,msi,AMD,msi-mpg-x870e-carbon-wifi-amd-am5-ddr5-atx-motherboard,MB-MSI-MSI-MPG-X870E-CARBON-AM5,https://www.startech.com.bd/msi-mpg-x870e-carbon-wifi-motherboard,,,REVIEW,
497,Asus ROG STRIX X870-A GAMING WIFI AMD AM5 ATX Motherboard,asus,AMD,asus-rog-strix-x870-a-gaming-wifi-amd-am5-atx-motherboard,MB-ASUS-ASUS-ROG-STRIX-X870-A-GAMING-AM5,https://www.startech.com.bd/asus-rog-strix-x870-a-gaming-wifi-atx-motherboard,,,REVIEW,
498,ASUS ROG STRIX Z790-F GAMING WIFI ATX Motherboard,asus,Intel,asus-rog-strix-z790-f-gaming-wifi-atx-motherboard,MB-ASUS-ASUS-ROG-STRIX-Z790-F-GAMING,https://www.startech.com.bd/asus-rog-strix-z790-f-gaming-wifi-motherboard,,,REVIEW,
499,ASUS ROG STRIX Z790-E GAMING WIFI ATX Motherboard,asus,Intel,asus-rog-strix-z790-e-gaming-wifi-atx-motherboard,MB-ASUS-ASUS-ROG-STRIX-Z790-E-GAMING,https://www.startech.com.bd/asus-rog-strix-z790-e-gaming-wifi-motherboard,,,REVIEW,
500,Asus ProArt Z790-CREATOR WIFI ATX Motherboard,asus,Intel,asus-proart-z790-creator-wifi-atx-motherboard,MB-ASUS-ASUS-PROART-Z790-CREATOR,https://www.startech.com.bd/asus-proart-z790-creator-wifi-motherboard,,,REVIEW,
501,ASUS ROG STRIX Z790-E GAMING WIFI II DDR5 ATX Motherboard,asus,Intel,asus-rog-strix-z790-e-gaming-wifi-ii-ddr5-atx-motherboard,MB-ASUS-ASUS-ROG-STRIX-Z790-E-GAMING-II,https://www.startech.com.bd/asus-rog-strix-z790-e-gaming-wifi-ii-motherboard,,,REVIEW,
502,GIGABYTE X870E AORUS MASTER DDR5 AMD AM5 ATX Motherboard,gigabyte,AMD,gigabyte-x870e-aorus-master-ddr5-amd-am5-atx-motherboard,MB-GIGABYTE-GIGABYTE-X870E-AORUS-MASTER-AM5,https://www.startech.com.bd/gigabyte-x870e-aorus-master-atx-motherboard,,,REVIEW,
503,GIGABYTE Z790 AORUS MASTER X E-ATX Motherboard,gigabyte,Intel,gigabyte-z790-aorus-master-x-e-atx-motherboard,MB-GIGABYTE-GIGABYTE-Z790-AORUS-MASTER-X-E,https://www.startech.com.bd/gigabyte-z790-aorus-master-x-e-atx-motherboard,,,REVIEW,
504,Asus ROG STRIX X870E-E GAMING WIFI DDR5 AMD AM5 ATX Motherboard,asus,AMD,asus-rog-strix-x870e-e-gaming-wifi-ddr5-amd-am5-atx-motherboard,MB-ASUS-ASUS-ROG-STRIX-X870E-E-GAMING-AM5,https://www.startech.com.bd/asus-rog-strix-x870e-e-gaming-wifi-ddr5-motherboard,,,REVIEW,
505,Gigabyte Z890 AORUS MASTER WiFi7 LGA 1851 ATX Motherboard,gigabyte,Intel,gigabyte-z890-aorus-master-wifi7-lga-1851-atx-motherboard,MB-GIGABYTE-GIGABYTE-Z890-AORUS-MASTER-LGA-1851,https://www.startech.com.bd/gigabyte-z890-aorus-master-atx-motherboard,,,REVIEW,
506,Gigabyte Z890 AI TOP WIFI7 LGA 1851 EATX Motherboard,gigabyte,Intel,gigabyte-z890-ai-top-wifi7-lga-1851-eatx-motherboard,MB-GIGABYTE-GIGABYTE-Z890-AI-TOP-LGA-1851-EATX,https://www.startech.com.bd/gigabyte-z890-ai-top-eatx-motherboard,,,REVIEW,
507,Asus ROG MAXIMUS Z790 HERO DDR5 ATX Motherboard,asus,Intel,asus-rog-maximus-z790-hero-ddr5-atx-motherboard,MB-ASUS-ASUS-ROG-MAXIMUS-Z790-HERO,https://www.startech.com.bd/asus-rog-maximus-z790-hero-ddr5-motherboard,,,REVIEW,
508,ASUS ROG MAXIMUS Z790 DARK HERO ATX Motherboard,asus,Intel,asus-rog-maximus-z790-dark-hero-atx-motherboard,MB-ASUS-ASUS-ROG-MAXIMUS-Z790-DARK-HERO,https://www.startech.com.bd/asus-rog-maximus-z790-dark-hero-motherboard,,,REVIEW,
509,MSI MEG Z890 ACE LGA 1851 ATX Motherboard,msi,Intel,msi-meg-z890-ace-lga-1851-atx-motherboard,MB-MSI-MSI-MEG-Z890-ACE-LGA-1851,https://www.startech.com.bd/msi-meg-z890-ace-lga-1851-atx-motherboard,,,REVIEW,
510,ASUS ROG MAXIMUS Z890 HERO LGA 1851 WiFi ATX Gaming Motherboard,asus,Intel,asus-rog-maximus-z890-hero-lga-1851-wifi-atx-gaming-motherboard,MB-ASUS-ASUS-ROG-MAXIMUS-Z890-HERO-LGA-1851-GAMI,https://www.startech.com.bd/asus-rog-maximus-z890-hero-wifi-atx-motherboard,,,REVIEW,
511,Asus ROG CROSSHAIR X870E DARK HERO AMD AM5 ATX Motherboard,asus,AMD,asus-rog-crosshair-x870e-dark-hero-amd-am5-atx-motherboard,MB-ASUS-ASUS-ROG-CROSSHAIR-X870E-DARK-HERO-AM5,https://www.startech.com.bd/asus-rog-crosshair-x870e-dark-hero-motherboard,,,REVIEW,
512,MSI MEG X870E GODLIKE WiFi 7 AMD AM5 E-ATX Motherboard,msi,AMD,msi-meg-x870e-godlike-wifi-7-amd-am5-e-atx-motherboard,MB-MSI-MSI-MEG-X870E-GODLIKE-7-AM5-E,https://www.startech.com.bd/msi-meg-x870e-godlike-motherboard,,,REVIEW,
513,MSI MEG Z890 GODLIKE WiFi 7 LGA 1851 E-ATX Motherboard,msi,Intel,msi-meg-z890-godlike-wifi-7-lga-1851-e-atx-motherboard,MB-MSI-MSI-MEG-Z890-GODLIKE-7-LGA-1851-E,https://www.startech.com.bd/msi-meg-z890-godlike-motherboard,,,REVIEW,
514,Intel Core i5-7640X Processor & Asus TUF X299 MARK 2 Motherboard Combo,asus,Intel,intel-core-i5-7640x-processor-asus-tuf-x299-mark-2-motherboard-combo,MB-ASUS-CORE-I5-7640X-PROCESSOR-ASUS-TUF-X299-MA,https://www.startech.com.bd/intel-core-i5-7640x-cpu-asus-tuf-x299-mark-2-motherboard-combo,,,REVIEW,
515,MSI B550M Pro-VDH AMD AM4 DDR4 Micro-ATX Motherboard,msi,AMD,msi-b550m-pro-vdh-amd-am4-ddr4-micro-atx-motherboard,MB-MSI-MSI-B550M-PRO-VDH-AM4,https://www.startech.com.bd/msi-b550m-pro-vdh-am4-motherboard,,,REVIEW,
516,MSI PRO B840-P WIFI AMD AM5 ATX Motherboard,msi,AMD,msi-pro-b840-p-wifi-amd-am5-atx-motherboard,MB-MSI-MSI-PRO-B840-P-AM5,https://www.startech.com.bd/msi-pro-b840-p-wifi-motherboard,,,REVIEW,
517,GIGABYTE B850 EAGLE WIFI6E AMD AM5 DDR5 ATX Motherboard,gigabyte,AMD,gigabyte-b850-eagle-wifi6e-amd-am5-ddr5-atx-motherboard,MB-GIGABYTE-GIGABYTE-B850-EAGLE-E-AM5,https://www.startech.com.bd/gigabyte-b850-eagle-wifi6e-motherboard,,,REVIEW,